url,label
http://cbbhffaa.microsoft-login.xyz/account/suspended,1
http://inst4gr4m-secure.online/user/verify,1
http://login-office365-secure.ga/account/suspended,1
http://citibank.verify-account.ga/banking/secure,1
http://secure-twitter-login.click/login,1
http://secure-citibank-login.gq/secure/login,1
http://netflix-verify-account.click/update/account,1
http://google54-secure.top/signin,1
http://eb4y-secure.cf/verify/identity,1
http://hsbc-secure-login-verify.online/signin,1
http://google.verify-account.online/secure/login,1
http://chase-verify-account.site/account/verify,1
http://jiideibd.amazon-login.live/account/verify,1
http://twitter-verify-account.buzz/password/reset,1
http://login-ebay-secure.live/verify,1
http://instagram-secure-login-verify.ml/banking/secure,1
http://login-twitter-secure.live/account/suspended,1
http://inst4gr4m-secure.live/update/account,1
http://instagram61-secure.link/login,1
http://twitter.verify-account.tk/account/verify,1
http://bankofamerica-verify.ga/?token=081ed2e380d92bab460b09297a542e4b,1
http://citib4nk-secure.ml/banking/secure,1
http://secure-twitter-login.online/verify/identity,1
http://ifbdbjjj.outlook-login.tk/password/reset,1
http://eb4y-secure.gq/banking/secure,1
http://ccfahijf.microsoft-login.gq/verify/identity,1
http://apple-verify.ml/?token=9c239865504f81dba23a5abaf2e12583,1
http://instagram-secure-login-verify.click/banking/secure,1
http://netflix-secure-login-verify.tk/signin,1
http://chase-verify.top/?token=7a44a56bd2cc17b67b42ab6d0178ca08,1
http://login-hsbc-secure.cf/confirm/email,1
http://cahadaej.dropbox-login.ml/account/verify,1
http://login-outlook-secure.ml/login,1
http://google-verify-account.link/verify,1
http://ebay-account-update.tk/password/reset,1
http://wellsfargo-account-update.tk/user/verify,1
http://yahoo.verify-account.site/login,1
http://google.verify-account.top/password/reset,1
http://chcdgcdh.yahoo-login.online/update/account,1
http://google.verify-account.xyz/banking/secure,1
http://login-yahoo-secure.tk/signin,1
http://secure-netflix-login.online/secure/login,1
http://chase46-secure.tk/account/verify,1
http://gjgaicgj.facebook-login.club/auth/login,1
http://apple-verify-account.cf/signin,1
http://ghcgceji.office365-login.ml/secure/login,1
http://adbjbehf.google-login.live/confirm/email,1
http://secure-microsoft-login.tk/account/suspended,1
http://office365.verify-account.xyz/update/account,1
http://secure-office365-login.ml/confirm/email,1
http://4m4z0n-secure.cf/update/account,1
http://chase-account-update.ga/password/reset,1
http://login-microsoft-secure.gq/verify/identity,1
http://secure-citibank-login.site/account/suspended,1
http://secure-instagram-login.link/verify,1
http://citibank62-secure.xyz/verify,1
http://instagram-verify-account.cf/verify,1
http://wellsfargo-verify.link/?token=d71e6dadf79e40929b9c9eb05f3203e5,1
http://login-paypal-secure.online/verify/identity,1
http://netflix-verify-account.gq/confirm/email,1
http://bankofamerica-verify-account.site/update/account,1
http://linkedin-secure-login-verify.online/secure/login,1
http://fbgdhbfe.bankofamerica-login.top/account/suspended,1
http://paypal-account-update.cf/secure/login,1
http://citibank.verify-account.click/user/verify,1
http://bankofamerica-verify.club/?token=426954e43b9de6ca936183500c58786d,1
http://login-outlook-secure.club/login,1
http://instagram-verify.link/?token=c122f6178081c7167e61d15df8bc0cd0,1
http://bankofamerica-secure-login-verify.online/banking/secure,1
http://amazon-secure-login-verify.ga/confirm/email,1
http://yahoo.verify-account.buzz/login,1
http://wellsfargo48-secure.club/login,1
http://login-wellsfargo-secure.link/confirm/email,1
http://office365-account-update.click/user/verify,1
http://dropbox-secure-login-verify.ga/secure/login,1
http://dropbox95-secure.xyz/confirm/email,1
http://wellsfargo-verify.buzz/?token=892834b07cef1f8e90715a9db9aad73d,1
http://dropbox.verify-account.live/signin,1
http://hbghbijb.netflix-login.club/account/suspended,1
http://paypal-secure-login-verify.cf/user/verify,1
http://wellsfargo-verify-account.buzz/account/verify,1
http://yahoo-account-update.buzz/password/reset,1
http://igbjhded.microsoft-login.buzz/verify/identity,1
http://0utl00k-secure.live/update/account,1
http://citibank-verify-account.link/banking/secure,1
http://citibank-verify.gq/?token=5059e62105e77b8d130a7cd6f85ea9b5,1
http://dropbox-account-update.online/verify/identity,1
http://dropbox-verify.live/?token=1ae0d4f2f92f1ed5f595d5e36397efe5,1
http://4pple-secure.cf/login,1
http://secure-office365-login.cf/account/suspended,1
http://dropbox.verify-account.tk/login,1
http://linkedin-verify.club/?token=f9e7bb134c69bd2033608e303a9b64eb,1
http://instagram-verify-account.ml/auth/login,1
http://facebook-verify.xyz/?token=51aee7bde636dbdceca637811e0e2138,1
http://b4nk0f4meric4-secure.site/secure/login,1
http://google.verify-account.ga/password/reset,1
http://fhbfecje.yahoo-login.xyz/verify/identity,1
http://dropbox62-secure.tk/banking/secure,1
http://bankofamerica-verify-account.gq/password/reset,1
http://facebook-verify.gq/?token=e9721ff9029420df646d2815b93dc22b,1
http://secure-microsoft-login.club/signin,1
http://login-dropbox-secure.buzz/secure/login,1
http://twitter-verify.top/?token=d208287e60827ee391c2f221fd53d6a5,1
http://secure-wellsfargo-login.top/password/reset,1
http://login-dropbox-secure.xyz/verify,1
http://yahoo-verify.gq/?token=b8ac79b6e30bf42948123d4edb965bce,1
http://p4yp4l-secure.xyz/update/account,1
http://linkedin-secure-login-verify.gq/update/account,1
http://apple-secure-login-verify.ga/auth/login,1
http://secure-yahoo-login.live/verify/identity,1
http://facebook.verify-account.ml/signin,1
http://wellsfargo-account-update.site/password/reset,1
http://dropbox-account-update.site/verify,1
http://hsbc-verify.live/?token=ea684c1f340e7d01d339e94e345a318e,1
http://instagram38-secure.site/verify/identity,1
http://secure-netflix-login.site/secure/login,1
http://micr0s0ft-secure.live/password/reset,1
http://linkedin-secure.click/banking/secure,1
http://secure-yahoo-login.gq/account/suspended,1
http://google-secure-login-verify.cf/update/account,1
http://login-facebook-secure.ga/verify,1
http://icieihdb.chase-login.online/auth/login,1
http://google-account-update.ml/verify/identity,1
http://login-wellsfargo-secure.link/verify/identity,1
http://chase-secure-login-verify.tk/verify/identity,1
http://paypal-verify-account.cf/auth/login,1
http://fijbcaif.hsbc-login.gq/password/reset,1
http://ebay-verify-account.ga/password/reset,1
http://hsbc-secure-login-verify.buzz/secure/login,1
http://micr0s0ft-secure.ml/login,1
http://linkedin-verify-account.club/signin,1
http://instagram-secure-login-verify.online/verify,1
http://login-hsbc-secure.gq/password/reset,1
http://secure-citibank-login.site/account/suspended,1
http://citibank-verify.live/?token=39e5d1df9f84ae997bd49af96d7237d6,1
http://secure-ebay-login.xyz/secure/login,1
http://secure-apple-login.online/secure/login,1
http://secure-microsoft-login.live/login,1
http://paypal-account-update.gq/verify/identity,1
http://secure-yahoo-login.gq/login,1
http://twitter-secure-login-verify.xyz/verify,1
http://outlook-verify-account.tk/account/suspended,1
http://dropbox75-secure.club/verify/identity,1
http://login-yahoo-secure.tk/banking/secure,1
http://login-instagram-secure.site/login,1
http://linkedin-secure.club/password/reset,1
http://amazon-secure-login-verify.club/confirm/email,1
http://microsoft-verify.club/?token=bb3be42f9213b57465d1df10b04fc8b7,1
http://google26-secure.top/signin,1
http://login-office365-secure.xyz/user/verify,1
http://office365-verify-account.gq/password/reset,1
http://citibank-secure-login-verify.gq/password/reset,1
http://dfcgcbid.amazon-login.cf/user/verify,1
http://twitter-secure-login-verify.site/account/verify,1
http://office365.verify-account.click/user/verify,1
http://achjdbbg.office365-login.xyz/user/verify,1
http://g00gle-secure.ml/account/suspended,1
http://google-account-update.buzz/auth/login,1
http://wellsfargo30-secure.top/banking/secure,1
http://chase82-secure.cf/account/suspended,1
http://secure-ebay-login.tk/login,1
http://f4ceb00k-secure.click/user/verify,1
http://google-secure-login-verify.cf/banking/secure,1
http://dropbox-secure-login-verify.site/banking/secure,1
http://login-twitter-secure.ga/verify/identity,1
http://microsoft-verify-account.gq/confirm/email,1
http://linkedin.verify-account.live/password/reset,1
http://adfadcbc.dropbox-login.online/password/reset,1
http://bankofamerica-verify.tk/?token=5c05276b7aa873350baf6378b7d320ef,1
http://bankofamerica-verify-account.click/verify,1
http://login-outlook-secure.live/signin,1
http://outlook54-secure.ga/verify/identity,1
http://secure-apple-login.ga/signin,1
http://twitter.verify-account.ga/verify,1
http://apple-verify-account.click/verify/identity,1
http://facebook-verify.click/?token=1334849f9f11463fb1afe49b30395a83,1
http://netflix-verify.gq/?token=291679b4a5923f8064a4ff20e793cb48,1
http://linkedin-secure-login-verify.live/account/suspended,1
http://apple-verify-account.site/account/suspended,1
http://linkedin26-secure.online/confirm/email,1
http://outlook-secure-login-verify.tk/password/reset,1
http://outlook49-secure.gq/login,1
http://facebook-verify.ga/?token=d9ce622524833cc5385af59366dd968d,1
http://hfebbgia.yahoo-login.club/banking/secure,1
http://login-dropbox-secure.link/update/account,1
http://microsoft-verify-account.buzz/auth/login,1
http://secure-linkedin-login.tk/verify/identity,1
http://secure-twitter-login.club/auth/login,1
http://citibank-verify.tk/?token=8800f0bdfb5fca8176138adc9306dbd4,1
http://ebay-verify-account.club/signin,1
http://dr0pb0x-secure.site/auth/login,1
http://secure-outlook-login.site/account/verify,1
http://linkedin.verify-account.top/login,1
http://chase-secure-login-verify.ga/user/verify,1
http://facebook-verify-account.live/password/reset,1
http://login-outlook-secure.gq/signin,1
http://login-office365-secure.online/verify/identity,1
http://office365-verify.xyz/?token=a0f5fbd4b36cff47491cc59ad68fe071,1
http://amazon-account-update.click/password/reset,1
http://linkedin-secure.gq/verify/identity,1
http://bankofamerica65-secure.cf/signin,1
http://wellsfargo-secure-login-verify.buzz/banking/secure,1
http://bankofamerica-verify.ml/?token=f6eb009cebfe15c11583046a4025ca74,1
http://hsbc-verify-account.xyz/verify,1
http://instagram56-secure.click/password/reset,1
http://wellsfargo.verify-account.site/login,1
http://apple57-secure.live/banking/secure,1
http://hsbc.verify-account.click/signin,1
http://apple-secure-login-verify.online/update/account,1
http://bankofamerica-account-update.live/secure/login,1
http://secure-microsoft-login.xyz/account/suspended,1
http://login-dropbox-secure.online/confirm/email,1
http://hcggjcba.microsoft-login.cf/verify/identity,1
http://facebook-verify-account.buzz/banking/secure,1
http://bankofamerica-verify-account.live/update/account,1
http://ihjghfbc.office365-login.online/secure/login,1
http://apple-verify.ga/?token=a2f623be95267b9414f864c908abccf5,1
http://chase-verify-account.online/secure/login,1
http://login-twitter-secure.ga/password/reset,1
http://gagffbgj.twitter-login.ml/password/reset,1
http://b4nk0f4meric4-secure.link/user/verify,1
http://paypal.verify-account.tk/login,1
http://twitter.verify-account.live/account/verify,1
http://citib4nk-secure.site/password/reset,1
http://gdcieegb.dropbox-login.live/auth/login,1
http://citibank-account-update.club/banking/secure,1
http://bankofamerica50-secure.site/verify,1
http://chase75-secure.top/verify,1
http://office365-account-update.tk/update/account,1
http://hsbc-verify.tk/?token=dbe03d7cf3f6121ea929dfa184127085,1
http://wellsfargo-secure-login-verify.gq/login,1
http://amazon-account-update.site/auth/login,1
http://chase-verify-account.online/secure/login,1
http://login-wellsfargo-secure.online/banking/secure,1
http://twitter.verify-account.link/user/verify,1
http://microsoft-secure-login-verify.ml/signin,1
http://login-chase-secure.click/update/account,1
http://chase-account-update.click/verify,1
http://login-ebay-secure.online/confirm/email,1
http://secure-amazon-login.xyz/login,1
http://login-bankofamerica-secure.click/banking/secure,1
http://login-hsbc-secure.ml/user/verify,1
http://apple30-secure.gq/user/verify,1
http://fffefead.wellsfargo-login.site/account/suspended,1
http://hhgaejhh.microsoft-login.top/user/verify,1
http://y4h00-secure.ga/account/suspended,1
http://login-yahoo-secure.club/verify,1
http://secure-ebay-login.click/confirm/email,1
http://instagram-verify-account.xyz/user/verify,1
http://netflix63-secure.xyz/banking/secure,1
http://apple-account-update.top/account/suspended,1
http://citibank.verify-account.online/verify/identity,1
http://dr0pb0x-secure.link/account/suspended,1
http://login-apple-secure.online/account/verify,1
http://login-bankofamerica-secure.live/banking/secure,1
http://wellsfargo-verify.gq/?token=8ff65453dd2d9eed5ff86eb409796ee5,1
http://hcicfcbh.chase-login.club/password/reset,1
http://login-instagram-secure.ga/login,1
http://inst4gr4m-secure.live/account/verify,1
http://microsoft-verify.top/?token=b6a280881d9f48b32588c8c89018988a,1
http://yahoo46-secure.site/signin,1
http://login-hsbc-secure.live/auth/login,1
http://dropbox-verify.ml/?token=e6f545afe4d3400f0b918a01ef33efd4,1
http://hsbc-secure-login-verify.cf/verify,1
http://ggjdcjee.outlook-login.buzz/verify/identity,1
http://login-ebay-secure.gq/confirm/email,1
http://dropbox-account-update.click/auth/login,1
http://instagram.verify-account.live/verify/identity,1
http://login-google-secure.online/banking/secure,1
http://chase-verify-account.tk/user/verify,1
http://login-amazon-secure.link/auth/login,1
http://secure-netflix-login.site/auth/login,1
http://facebook-verify.gq/?token=bd3b26121a1650753afb98b8a0669409,1
http://wellsfargo-secure-login-verify.club/confirm/email,1
http://login-google-secure.live/password/reset,1
http://apple-verify-account.live/update/account,1
http://login-facebook-secure.online/confirm/email,1
http://4pple-secure.buzz/account/verify,1
http://login-paypal-secure.cf/banking/secure,1
http://citibank-account-update.online/confirm/email,1
http://secure-instagram-login.club/update/account,1
http://twitter-verify-account.ga/account/suspended,1
http://amazon-secure-login-verify.click/password/reset,1
http://ebay-account-update.click/login,1
http://netflix.verify-account.tk/signin,1
http://4m4z0n-secure.club/user/verify,1
http://instagram-secure-login-verify.buzz/login,1
http://hsbc-account-update.ga/auth/login,1
http://cjffhici.amazon-login.ml/auth/login,1
http://cffhbgfa.outlook-login.ga/confirm/email,1
http://chase-secure-login-verify.live/password/reset,1
http://outlook-secure-login-verify.gq/account/suspended,1
http://citibank-secure-login-verify.ml/secure/login,1
http://facebook-verify.click/?token=dd7c1a0020efb1f27a03ab634dd8e8dd,1
http://microsoft-verify.buzz/?token=8550dfe14ef81656fdfa75a235edd3d2,1
http://bankofamerica-verify.cf/?token=941c6c51824aa794607d5a2f34311a2a,1
http://login-outlook-secure.buzz/secure/login,1
http://linkedin-secure-login-verify.xyz/auth/login,1
http://login-facebook-secure.tk/signin,1
http://apple.verify-account.ga/account/verify,1
http://hajecgci.outlook-login.cf/update/account,1
http://g00gle-secure.live/password/reset,1
http://google-secure-login-verify.top/confirm/email,1
http://0ffice365-secure.club/login,1
http://facebook-secure-login-verify.tk/banking/secure,1
http://login-bankofamerica-secure.site/signin,1
http://amazon.verify-account.ga/account/verify,1
http://dropbox-verify-account.cf/login,1
http://twitter-secure.online/user/verify,1
http://f4ceb00k-secure.link/update/account,1
http://netflix-secure-login-verify.site/verify,1
http://google.verify-account.cf/verify,1
http://login-instagram-secure.site/confirm/email,1
http://secure-bankofamerica-login.top/verify/identity,1
http://google16-secure.online/account/suspended,1
http://microsoft-verify-account.top/account/verify,1
http://bankofamerica.verify-account.site/verify/identity,1
http://ebay13-secure.top/verify/identity,1
http://twitter-verify.click/?token=d20c306edbe06c0fb916bb022bb2367a,1
http://citibank-verify-account.top/verify/identity,1
http://login-office365-secure.ga/user/verify,1
http://secure-facebook-login.live/confirm/email,1
http://eaeeeacc.apple-login.cf/secure/login,1
http://dropbox-account-update.site/user/verify,1
http://adidieei.hsbc-login.tk/verify,1
http://ebay87-secure.ml/secure/login,1
http://secure-netflix-login.club/update/account,1
http://wellsfargo-verify.gq/?token=96fe6f8d9c6a59d67b764ceec0013328,1
http://citibank99-secure.online/login,1
http://office365-verify-account.site/password/reset,1
http://microsoft31-secure.click/account/verify,1
http://ebay-secure-login-verify.xyz/user/verify,1
http://bankofamerica-verify-account.click/confirm/email,1
http://paypal-account-update.tk/secure/login,1
http://login-outlook-secure.buzz/auth/login,1
http://yahoo-account-update.buzz/user/verify,1
http://hsbc-verify.gq/?token=632fab09b9ce1d1115fe6b744c9dcc29,1
http://secure-instagram-login.click/confirm/email,1
http://facebook-secure-login-verify.live/password/reset,1
http://wellsfargo.verify-account.xyz/account/suspended,1
http://netflix-secure-login-verify.club/user/verify,1
http://wellsfargo-account-update.xyz/account/suspended,1
http://netflix-verify-account.cf/verify/identity,1
http://login-yahoo-secure.tk/verify/identity,1
http://facebook-account-update.gq/update/account,1
http://hsbc-verify.tk/?token=24333f7375e3bcbec520c0c454921cf1,1
http://4m4z0n-secure.link/update/account,1
http://dropbox-secure-login-verify.ml/account/verify,1
http://office365-verify.online/?token=0151c36dade636123e292661d054d7ae,1
http://google-account-update.club/signin,1
http://netflix.verify-account.click/account/suspended,1
http://chase.verify-account.link/account/suspended,1
http://secure-citibank-login.ml/user/verify,1
http://netflix-secure.link/account/verify,1
http://fbjcfjfj.yahoo-login.gq/auth/login,1
http://microsoft-secure-login-verify.ml/verify/identity,1
http://secure-amazon-login.cf/password/reset,1
http://apple41-secure.ga/verify,1
http://wellsfargo.verify-account.club/verify,1
http://twitter-secure-login-verify.live/confirm/email,1
http://hsbc-verify-account.tk/password/reset,1
http://gieefiia.wellsfargo-login.online/account/suspended,1
http://hsbc18-secure.live/password/reset,1
http://office365-secure-login-verify.top/account/verify,1
http://netflix46-secure.club/secure/login,1
http://secure-bankofamerica-login.online/user/verify,1
http://yahoo97-secure.link/banking/secure,1
http://amazon-verify.xyz/?token=a8c190988e78bfb44a4560bbdb321afb,1
http://citibank-verify.buzz/?token=b05bf8c66c9c2a4154c047bb6309fceb,1
http://office365.verify-account.site/user/verify,1
http://linkedin-secure.click/account/suspended,1
http://linkedin.verify-account.ga/auth/login,1
http://outlook-secure-login-verify.ga/account/suspended,1
http://linkedin-account-update.live/login,1
http://dropbox-account-update.top/signin,1
http://dropbox-verify-account.live/user/verify,1
http://outlook26-secure.xyz/update/account,1
http://wellsfargo-secure-login-verify.link/user/verify,1
http://secure-chase-login.online/password/reset,1
http://dr0pb0x-secure.click/signin,1
http://cjjdchhe.yahoo-login.tk/login,1
http://login-wellsfargo-secure.tk/password/reset,1
http://aajjbdfh.office365-login.site/verify,1
http://google-secure-login-verify.cf/account/suspended,1
http://instagram-verify-account.xyz/account/verify,1
http://citibank.verify-account.tk/banking/secure,1
http://secure-ebay-login.xyz/secure/login,1
http://secure-microsoft-login.xyz/account/suspended,1
http://paypal76-secure.ml/banking/secure,1
http://bbhcihai.outlook-login.click/account/suspended,1
http://hfaedefd.twitter-login.online/signin,1
http://twitter.verify-account.click/signin,1
http://login-microsoft-secure.ga/account/suspended,1
http://paypal-account-update.xyz/login,1
http://amazon-secure-login-verify.club/update/account,1
http://login-apple-secure.ml/login,1
http://citibank-account-update.ga/update/account,1
http://ifbgacfa.citibank-login.buzz/update/account,1
http://hdaedchh.wellsfargo-login.tk/banking/secure,1
http://instagram.verify-account.club/update/account,1
http://dropbox-account-update.click/verify/identity,1
http://office365-account-update.click/verify/identity,1
http://4pple-secure.xyz/confirm/email,1
http://inst4gr4m-secure.online/update/account,1
http://bankofamerica-secure-login-verify.xyz/verify/identity,1
http://login-linkedin-secure.tk/account/verify,1
http://inst4gr4m-secure.top/banking/secure,1
http://apple-verify-account.buzz/secure/login,1
http://amazon-secure-login-verify.ga/auth/login,1
http://chase-verify-account.club/account/suspended,1
http://secure-yahoo-login.tk/auth/login,1
http://wellsfargo.verify-account.tk/user/verify,1
http://secure-amazon-login.top/password/reset,1
http://instagram60-secure.cf/secure/login,1
http://cjbhbbed.bankofamerica-login.gq/banking/secure,1
http://microsoft-account-update.online/update/account,1
http://iaidhgci.hsbc-login.cf/banking/secure,1
http://apple-account-update.tk/account/suspended,1
http://ch4se-secure.top/auth/login,1
http://linkedin-secure.cf/verify,1
http://login-wellsfargo-secure.link/banking/secure,1
http://office365-verify.ga/?token=b6ba6dd049b38b9d46b76b9a805100f8,1
http://secure-twitter-login.cf/banking/secure,1
http://amazon.verify-account.site/user/verify,1
http://instagram-verify.live/?token=02aecd8246696f21820cfd86a92699b4,1
http://twitter-secure.online/verify/identity,1
http://instagram-secure-login-verify.site/verify/identity,1
http://secure-chase-login.link/verify,1
http://instagram85-secure.site/update/account,1
http://paypal82-secure.buzz/account/suspended,1
http://yahoo-account-update.ml/user/verify,1
http://secure-dropbox-login.online/secure/login,1
http://dr0pb0x-secure.xyz/signin,1
http://inst4gr4m-secure.site/account/verify,1
http://outlook88-secure.club/login,1
http://netflix32-secure.click/verify,1
http://secure-bankofamerica-login.xyz/login,1
http://yahoo-verify-account.buzz/verify,1
http://outlook-verify-account.link/update/account,1
http://chase-secure-login-verify.buzz/password/reset,1
http://djhegedh.yahoo-login.tk/update/account,1
http://office36538-secure.buzz/user/verify,1
http://yahoo-secure-login-verify.link/verify,1
http://bhjjdjja.linkedin-login.buzz/account/suspended,1
http://ebay.verify-account.gq/verify/identity,1
http://instagram-verify-account.live/user/verify,1
http://dropbox-verify-account.ml/update/account,1
http://secure-instagram-login.gq/update/account,1
http://google67-secure.link/account/suspended,1
http://paypal-account-update.cf/account/verify,1
http://google-verify-account.gq/secure/login,1
http://paypal-verify.xyz/?token=598102b1744cb7ef9bc0528b331a9c8c,1
http://microsoft-account-update.gq/account/verify,1
http://login-citibank-secure.buzz/auth/login,1
http://cafibdec.twitter-login.live/secure/login,1
http://ebay-verify-account.club/account/verify,1
http://jebheicg.paypal-login.ga/verify,1
http://wellsfargo-secure-login-verify.ml/update/account,1
http://ch4se-secure.ml/banking/secure,1
http://ccahgadf.twitter-login.club/banking/secure,1
http://y4h00-secure.ga/auth/login,1
http://wellsfargo-secure-login-verify.link/auth/login,1
http://office365.verify-account.live/banking/secure,1
http://instagram-verify-account.club/secure/login,1
http://wellsf4rg0-secure.link/account/suspended,1
http://outlook.verify-account.site/auth/login,1
http://ebay-verify.ml/?token=c996c090947e88b00fe1763200c36983,1
http://login-microsoft-secure.click/secure/login,1
http://chase-secure-login-verify.top/secure/login,1
http://dropbox-verify.site/?token=aec35a8fd588a7ee15b7c917e04dd756,1
http://login-chase-secure.link/login,1
http://login-facebook-secure.tk/secure/login,1
http://login-wellsfargo-secure.ml/verify/identity,1
http://yahoo-account-update.xyz/verify,1
http://netflix-account-update.link/login,1
http://amazon35-secure.club/login,1
http://login-twitter-secure.gq/banking/secure,1
http://wellsf4rg0-secure.live/signin,1
http://instagram.verify-account.gq/banking/secure,1
http://hsbc.verify-account.ml/banking/secure,1
http://secure-office365-login.gq/update/account,1
http://twitter-verify-account.buzz/account/suspended,1
http://linkedin-secure.xyz/confirm/email,1
http://facebook-account-update.link/user/verify,1
http://instagram-account-update.live/account/verify,1
http://login-twitter-secure.live/confirm/email,1
http://p4yp4l-secure.link/verify/identity,1
http://secure-dropbox-login.ml/password/reset,1
http://ebay-account-update.click/login,1
http://hhciiecd.twitter-login.site/verify/identity,1
http://outlook-secure-login-verify.link/user/verify,1
http://login-yahoo-secure.tk/login,1
http://chase.verify-account.online/password/reset,1
http://ebay-verify-account.cf/secure/login,1
http://gichicbh.dropbox-login.tk/update/account,1
http://amazon.verify-account.click/verify/identity,1
http://secure-wellsfargo-login.live/update/account,1
http://cedahfbh.paypal-login.live/banking/secure,1
http://instagram-verify.live/?token=842778cbce66c4fbf5e6fee71739b827,1
http://wellsfargo-secure-login-verify.online/secure/login,1
http://secure-amazon-login.link/verify,1
http://netflix.verify-account.gq/confirm/email,1
http://secure-hsbc-login.ml/update/account,1
http://secure-google-login.club/update/account,1
http://b4nk0f4meric4-secure.live/login,1
http://secure-hsbc-login.cf/account/verify,1
http://yahoo-verify.click/?token=66c0001a259862aa5d8eb2eba912204c,1
http://dropbox-account-update.gq/verify/identity,1
http://f4ceb00k-secure.click/confirm/email,1
http://secure-instagram-login.ga/account/suspended,1
http://netflix.verify-account.buzz/login,1
http://outlook93-secure.ml/signin,1
http://hgfabiab.amazon-login.top/password/reset,1
http://login-hsbc-secure.top/signin,1
http://secure-twitter-login.club/account/suspended,1
http://netflix-secure.buzz/password/reset,1
http://linkedin-verify-account.top/password/reset,1
http://outlook.verify-account.cf/user/verify,1
http://login-apple-secure.top/signin,1
http://ebay-verify-account.tk/secure/login,1
http://microsoft.verify-account.club/account/verify,1
http://login-netflix-secure.click/secure/login,1
http://netflix-secure-login-verify.gq/account/suspended,1
http://login-linkedin-secure.ml/login,1
http://dropbox-verify.ga/?token=fa4874cb25bed9e1bcae6f5b6a74cf13,1
http://secure-google-login.gq/update/account,1
http://microsoft-verify.top/?token=e07646b5a9c0364c0fa479c8b0aef546,1
http://yahoo-account-update.buzz/user/verify,1
http://bankofamerica.verify-account.online/auth/login,1
http://microsoft-account-update.top/password/reset,1
http://dropbox-secure-login-verify.gq/password/reset,1
http://apple.verify-account.link/auth/login,1
http://secure-amazon-login.xyz/password/reset,1
http://outlook-verify.link/?token=7b1d9ad40d16171b14b02ab33e2d49fa,1
http://instagram81-secure.link/banking/secure,1
http://ebay67-secure.site/banking/secure,1
http://microsoft-account-update.tk/verify/identity,1
http://fdbieihe.paypal-login.gq/update/account,1
http://twitter-account-update.site/account/verify,1
http://microsoft-account-update.link/confirm/email,1
http://hsbc-account-update.link/verify/identity,1
http://bankofamerica-secure-login-verify.tk/verify/identity,1
http://amazon.verify-account.live/password/reset,1
http://microsoft-verify.click/?token=49c12a87128c35c03820986e991c055e,1
http://login-office365-secure.link/update/account,1
http://netflix.verify-account.ga/account/verify,1
http://secure-linkedin-login.live/update/account,1
http://facebook24-secure.online/auth/login,1
http://chase.verify-account.online/banking/secure,1
http://yahoo-secure-login-verify.live/account/suspended,1
http://0ffice365-secure.cf/confirm/email,1
http://outlook-secure-login-verify.tk/login,1
http://4pple-secure.xyz/password/reset,1
http://secure-netflix-login.cf/verify/identity,1
http://secure-linkedin-login.live/secure/login,1
http://cfdeggfc.amazon-login.buzz/verify/identity,1
http://login-office365-secure.top/account/verify,1
http://linkedin-secure.buzz/password/reset,1
http://wellsfargo80-secure.top/confirm/email,1
http://ciiecghd.amazon-login.xyz/account/suspended,1
http://yahoo.verify-account.online/account/suspended,1
http://netflix-account-update.click/account/suspended,1
http://linkedin-verify-account.club/verify,1
http://login-facebook-secure.ml/account/suspended,1
http://microsoft-secure-login-verify.top/login,1
http://secure-twitter-login.online/secure/login,1
http://f4ceb00k-secure.site/secure/login,1
http://secure-bankofamerica-login.club/account/suspended,1
http://amazon.verify-account.ml/update/account,1
http://amazon.verify-account.click/password/reset,1
http://linkedin.verify-account.club/verify/identity,1
http://office36577-secure.gq/signin,1
http://instagram-verify-account.ml/auth/login,1
http://login-outlook-secure.ml/confirm/email,1
http://office36538-secure.top/signin,1
http://netflix56-secure.live/update/account,1
http://linkedin.verify-account.ga/verify/identity,1
http://0utl00k-secure.club/auth/login,1
http://microsoft-verify.live/?token=d48da806be5a26221e4fbb9624d4d47d,1
http://secure-citibank-login.live/signin,1
http://paypal14-secure.club/account/suspended,1
http://secure-google-login.tk/login,1
http://twitter.verify-account.online/signin,1
http://instagram-secure-login-verify.cf/confirm/email,1
http://hsbc-secure-login-verify.live/confirm/email,1
http://bankofamerica-verify-account.xyz/confirm/email,1
http://office365.verify-account.xyz/password/reset,1
http://google.verify-account.click/account/suspended,1
http://amazon74-secure.buzz/signin,1
http://gcjdiabc.microsoft-login.cf/verify/identity,1
http://login-wellsfargo-secure.click/verify/identity,1
http://gjhhdjff.linkedin-login.live/verify,1
http://microsoft.verify-account.xyz/login,1
http://login-ebay-secure.top/auth/login,1
http://google37-secure.cf/account/verify,1
http://secure-citibank-login.live/auth/login,1
http://facebook.verify-account.ml/account/verify,1
http://secure-twitter-login.ga/signin,1
http://login-yahoo-secure.link/login,1
http://hsbc-verify-account.live/auth/login,1
http://ahedbgbg.linkedin-login.live/signin,1
http://netflix-verify.gq/?token=f45c369cf654ef4f1161b4be78d54587,1
http://paypal.verify-account.link/user/verify,1
http://wellsfargo-account-update.click/user/verify,1
http://login-amazon-secure.online/secure/login,1
http://secure-office365-login.club/password/reset,1
http://chase.verify-account.top/account/verify,1
http://login-linkedin-secure.ml/banking/secure,1
http://outlook74-secure.tk/confirm/email,1
http://paypal.verify-account.live/account/verify,1
http://secure-facebook-login.click/auth/login,1
http://hsbc.verify-account.ml/verify,1
http://yahoo-verify.live/?token=9a6ded426088a4b94e5330038be9d07f,1
http://login-dropbox-secure.site/login,1
http://apple-account-update.club/verify,1
http://cbdhbcih.google-login.online/password/reset,1
http://dropbox-verify.live/?token=dc7aa3c4a3aec933a54eb197c7367c4e,1
http://bankofamerica.verify-account.club/user/verify,1
http://google-secure-login-verify.ga/confirm/email,1
http://apple-account-update.tk/login,1
http://outlook-secure-login-verify.link/auth/login,1
http://secure-apple-login.site/signin,1
http://dr0pb0x-secure.site/user/verify,1
http://office365-verify-account.online/verify/identity,1
http://secure-google-login.club/password/reset,1
http://ebay-secure-login-verify.online/login,1
http://0utl00k-secure.top/update/account,1
http://outlook-verify.top/?token=603565bc1d7e80d563ba45ffc4e70fe4,1
http://login-netflix-secure.top/auth/login,1
http://login-dropbox-secure.ml/update/account,1
http://fhdbibch.office365-login.club/secure/login,1
http://login-facebook-secure.tk/account/verify,1
http://login-wellsfargo-secure.click/update/account,1
http://eb4y-secure.buzz/password/reset,1
http://f4ceb00k-secure.top/password/reset,1
http://google-verify.link/?token=80bdba0932539741d46ea32dcadac96f,1
http://wellsfargo-account-update.top/user/verify,1
http://outlook-verify-account.xyz/account/suspended,1
http://login-google-secure.online/secure/login,1
http://cjeeabff.yahoo-login.gq/update/account,1
http://outlook-verify-account.cf/update/account,1
http://outlook.verify-account.cf/auth/login,1
http://twitter-secure-login-verify.buzz/banking/secure,1
http://yahoo-account-update.club/verify/identity,1
http://bankofamerica-verify.click/?token=871e06d560f25ee05f2cfd3c58d5dded,1
http://instagram29-secure.link/user/verify,1
http://microsoft-verify.tk/?token=362a131987198ed3a612204c9515ad3f,1
http://secure-ebay-login.link/secure/login,1
http://egdechdi.office365-login.cf/account/verify,1
http://twitter.verify-account.club/verify,1
http://apple-account-update.site/password/reset,1
http://microsoft-account-update.buzz/secure/login,1
http://office365-account-update.top/confirm/email,1
http://secure-apple-login.click/account/suspended,1
http://secure-dropbox-login.click/login,1
http://login-citibank-secure.club/verify,1
http://office365-verify.buzz/?token=e2305a7141ff28eab79d34c6f41580e4,1
http://apple63-secure.link/verify,1
http://ebay-verify-account.site/confirm/email,1
http://google-account-update.ml/update/account,1
http://hgdihjhf.bankofamerica-login.gq/password/reset,1
http://secure-hsbc-login.top/verify,1
http://paypal-account-update.ml/account/suspended,1
http://twitter-verify-account.buzz/account/suspended,1
http://netflix-verify-account.ml/confirm/email,1
http://login-microsoft-secure.tk/banking/secure,1
http://amazon-secure-login-verify.xyz/verify/identity,1
http://outlook-verify-account.click/signin,1
http://twitter-verify-account.site/verify,1
http://wellsfargo-account-update.cf/account/verify,1
http://secure-linkedin-login.club/password/reset,1
http://4pple-secure.online/verify,1
http://amazon70-secure.live/update/account,1
http://fbjffehi.hsbc-login.link/auth/login,1
http://login-citibank-secure.online/password/reset,1
http://login-linkedin-secure.gq/banking/secure,1
http://instagram-verify.click/?token=e0ca26ce2516e66362d80d547db42635,1
http://login-twitter-secure.cf/password/reset,1
http://twitter-verify-account.top/account/verify,1
http://facebook-verify-account.ml/secure/login,1
http://hedbjajc.hsbc-login.site/banking/secure,1
http://4pple-secure.buzz/banking/secure,1
http://inst4gr4m-secure.tk/verify,1
http://dropbox-secure-login-verify.ga/update/account,1
http://linkedin-verify.click/?token=916f79a6b1d777b6d615a162914ef4a8,1
http://outlook-verify.tk/?token=4d87db4fceb6aa613fbcb3894a456cd9,1
http://chase-account-update.click/banking/secure,1
http://paypal27-secure.buzz/confirm/email,1
http://twitter-verify.xyz/?token=22132f1737c2172162583f3fb97d46ce,1
http://citibank-verify-account.live/update/account,1
http://microsoft-verify-account.online/password/reset,1
http://secure-amazon-login.link/verify,1
http://amazon-verify.ga/?token=da40133ad5a848714f5876a3257bd2bd,1
http://login-wellsfargo-secure.ga/account/verify,1
http://secure-instagram-login.site/password/reset,1
http://office365-secure-login-verify.buzz/auth/login,1
http://microsoft.verify-account.click/password/reset,1
http://chase-secure-login-verify.live/banking/secure,1
http://secure-microsoft-login.ml/verify/identity,1
http://office36594-secure.top/auth/login,1
http://facebook-verify.online/?token=88297047fd2025f19aaeac8a9df69782,1
http://yahoo-verify-account.site/verify,1
http://secure-amazon-login.club/update/account,1
http://apple.verify-account.cf/update/account,1
http://adjhhhbi.instagram-login.ga/secure/login,1
http://yahoo.verify-account.link/signin,1
http://linkedin.verify-account.xyz/account/suspended,1
http://wellsf4rg0-secure.tk/verify/identity,1
http://bankofamerica-secure-login-verify.gq/confirm/email,1
http://microsoft-account-update.link/verify/identity,1
http://ebay-secure-login-verify.xyz/password/reset,1
http://4m4z0n-secure.cf/auth/login,1
http://secure-bankofamerica-login.online/user/verify,1
http://bankofamerica-account-update.online/account/suspended,1
http://apple-secure-login-verify.xyz/password/reset,1
http://hsbc.verify-account.click/user/verify,1
http://outlook-secure-login-verify.tk/account/verify,1
http://secure-linkedin-login.click/confirm/email,1
http://apple-verify.gq/?token=3a0b26cc214d35db6f8b40ff3ae9391c,1
http://amazon-account-update.link/account/verify,1
http://chase-verify-account.ml/verify/identity,1
http://microsoft-account-update.buzz/login,1
http://eb4y-secure.ml/secure/login,1
http://bankofamerica-verify-account.buzz/verify/identity,1
http://linkedin-secure.club/banking/secure,1
http://login-bankofamerica-secure.ga/account/suspended,1
http://login-netflix-secure.ga/auth/login,1
http://twitter.verify-account.online/banking/secure,1
http://4pple-secure.buzz/account/suspended,1
http://login-wellsfargo-secure.site/password/reset,1
http://4m4z0n-secure.cf/verify,1
http://linkedin.verify-account.ga/verify/identity,1
http://twitter-secure.xyz/banking/secure,1
http://gjdbcidj.google-login.top/password/reset,1
http://outlook72-secure.buzz/signin,1
http://secure-ebay-login.online/signin,1
http://login-netflix-secure.online/banking/secure,1
http://login-paypal-secure.xyz/account/verify,1
http://linkedin-secure-login-verify.gq/banking/secure,1
http://facebook55-secure.xyz/update/account,1
http://igiiiafc.linkedin-login.ga/auth/login,1
http://secure-apple-login.gq/confirm/email,1
http://login-google-secure.buzz/confirm/email,1
http://ebay-account-update.link/password/reset,1
http://secure-citibank-login.ga/user/verify,1
http://citibank67-secure.cf/user/verify,1
http://secure-office365-login.ml/account/verify,1
http://yahoo-account-update.online/password/reset,1
http://login-apple-secure.cf/account/suspended,1
http://secure-apple-login.top/verify/identity,1
http://yahoo-verify-account.ml/update/account,1
http://office365-verify-account.online/account/suspended,1
http://f4ceb00k-secure.gq/verify,1
http://ejijchbb.bankofamerica-login.top/confirm/email,1
http://ebay.verify-account.site/secure/login,1
http://yahoo.verify-account.site/account/verify,1
http://inst4gr4m-secure.ga/password/reset,1
http://chase-verify.tk/?token=c714c01cd0989d4ddc91357806375093,1
http://0ffice365-secure.online/password/reset,1
http://outlook-verify.tk/?token=7a9205224ae0e7103a2c715b695c01c3,1
http://dghbhahg.netflix-login.club/signin,1
http://google-secure-login-verify.online/account/suspended,1
http://outlook-secure-login-verify.site/verify,1
http://secure-office365-login.top/login,1
http://secure-bankofamerica-login.site/password/reset,1
http://secure-facebook-login.link/verify,1
http://hjcbijah.amazon-login.top/secure/login,1
http://paypal-verify.club/?token=2a8d310b3d2327ac4a747e8a0c43536c,1
http://hsbc14-secure.buzz/user/verify,1
http://google57-secure.click/secure/login,1
http://wellsfargo-secure-login-verify.link/signin,1
http://office365-verify.tk/?token=c5e2253b5491589e3f29fc3241c359aa,1
http://microsoft.verify-account.buzz/account/verify,1
http://citibank54-secure.top/login,1
http://office365-account-update.click/password/reset,1
http://cadfhbdd.paypal-login.live/account/verify,1
http://secure-yahoo-login.site/login,1
http://netflix-verify.gq/?token=8641482f6057e5f2d468f9ea94730376,1
http://eecejcdb.bankofamerica-login.buzz/login,1
http://amazon-verify-account.click/account/verify,1
http://hsbc-verify.online/?token=8cf17ef6b929da07bea77f8b65a64dde,1
http://office365-verify.gq/?token=4ecb92b22e963ce82aa8a0b058451ffd,1
http://office365-verify.tk/?token=3b65be4619c8efc8f7f1bb17ef3205b2,1
http://login-google-secure.click/secure/login,1
http://hsbc-secure-login-verify.top/user/verify,1
http://login-instagram-secure.site/account/verify,1
http://facebook-verify-account.club/confirm/email,1
http://bankofamerica.verify-account.ga/account/suspended,1
http://citibank.verify-account.click/confirm/email,1
http://bankofamerica-account-update.online/account/suspended,1
http://facebook-verify-account.live/password/reset,1
http://yahoo-verify-account.link/banking/secure,1
http://yahoo81-secure.site/banking/secure,1
http://secure-microsoft-login.link/banking/secure,1
http://linkedin.verify-account.top/signin,1
http://microsoft-secure-login-verify.live/user/verify,1
http://b4nk0f4meric4-secure.club/password/reset,1
http://google.verify-account.ga/verify,1
http://secure-paypal-login.click/verify,1
http://hsbc-secure-login-verify.online/secure/login,1
http://ebay-account-update.site/banking/secure,1
http://fjdjejda.netflix-login.live/update/account,1
http://paypal-secure-login-verify.site/auth/login,1
http://4pple-secure.link/secure/login,1
http://ch4se-secure.online/login,1
http://office365-verify-account.link/update/account,1
http://linkedin-account-update.link/login,1
http://citibank-secure-login-verify.buzz/user/verify,1
http://bankofamerica-secure-login-verify.buzz/confirm/email,1
http://wellsfargo-account-update.top/auth/login,1
http://facebook-account-update.club/verify,1
http://office365-secure-login-verify.top/update/account,1
http://secure-apple-login.cf/password/reset,1
http://4pple-secure.xyz/signin,1
http://apple-secure-login-verify.buzz/banking/secure,1
http://apple-secure-login-verify.tk/verify,1
http://hsbc.verify-account.click/account/suspended,1
http://citibank-verify.site/?token=221fc337d202f935b15c59961b8b159b,1
http://gjfaejfd.office365-login.click/user/verify,1
http://bgfdhcgf.chase-login.click/secure/login,1
http://igcaficb.yahoo-login.xyz/password/reset,1
http://twitter-secure.cf/secure/login,1
http://microsoft.verify-account.site/verify,1
http://apple32-secure.live/banking/secure,1
http://twitter-account-update.click/account/suspended,1
http://login-dropbox-secure.ml/verify/identity,1
http://secure-amazon-login.gq/signin,1
http://ebay-verify.link/?token=60045c37ae7a11198d40e20e60f29b2f,1
http://dcagdhhh.citibank-login.site/password/reset,1
http://login-yahoo-secure.click/account/verify,1
http://secure-bankofamerica-login.live/account/suspended,1
http://b4nk0f4meric4-secure.online/login,1
http://google-verify-account.xyz/confirm/email,1
http://outlook-verify.tk/?token=f5ea3a38d3b9b30646cbce4b196546e6,1
http://twitter-secure-login-verify.click/login,1
http://jceejgbe.wellsfargo-login.gq/login,1
http://apple-secure-login-verify.online/verify/identity,1
http://netflix-verify-account.site/password/reset,1
http://hsbc-verify-account.buzz/secure/login,1
http://amazon.verify-account.tk/signin,1
http://twitter-secure.click/banking/secure,1
http://dr0pb0x-secure.ml/password/reset,1
http://bddahhee.amazon-login.live/confirm/email,1
http://g00gle-secure.online/account/verify,1
http://wellsfargo-verify.buzz/?token=b29fea94f7f76ed294e0b5181daa9d06,1
http://linkedin-verify.club/?token=9aff50d429725db51a83d4a487b37b7b,1
http://ebay-account-update.click/user/verify,1
http://google-secure-login-verify.click/account/verify,1
http://bankofamerica-secure-login-verify.click/account/suspended,1
http://bankofamerica.verify-account.tk/password/reset,1
http://office365-account-update.ml/update/account,1
http://amazon18-secure.site/verify,1
http://microsoft-secure-login-verify.cf/verify,1
http://login-facebook-secure.buzz/update/account,1
http://facebook.verify-account.club/account/verify,1
http://amazon.verify-account.ml/signin,1
http://wellsf4rg0-secure.click/verify,1
http://dr0pb0x-secure.tk/login,1
http://facebook.verify-account.tk/account/suspended,1
http://linkedin-verify.top/?token=5d42093ac1946fadb2bf62d64ed6491c,1
http://amazon46-secure.xyz/password/reset,1
http://netflix88-secure.top/secure/login,1
http://hsbc-secure.xyz/signin,1
http://0ffice365-secure.ml/verify,1
http://dropbox-verify-account.online/signin,1
http://instagram.verify-account.buzz/banking/secure,1
http://yahoo-account-update.gq/confirm/email,1
http://bankofamerica-verify-account.ga/verify/identity,1
http://bankofamerica-account-update.ga/signin,1
http://citibank-secure-login-verify.link/account/verify,1
http://instagram.verify-account.tk/banking/secure,1
http://secure-dropbox-login.xyz/confirm/email,1
http://secure-netflix-login.site/banking/secure,1
http://wellsfargo-verify.gq/?token=549dc5ac71cf83643c97b71937e55df3,1
http://y4h00-secure.ml/user/verify,1
http://citibank-verify.xyz/?token=520065b1b650dfd9a4c13391c5c745a4,1
http://login-wellsfargo-secure.buzz/update/account,1
http://ggfcggdj.amazon-login.cf/confirm/email,1
http://0utl00k-secure.live/update/account,1
http://microsoft-verify.top/?token=3fc2b5d9db1939d5dfe4ebf12b542e36,1
http://google-verify-account.ga/banking/secure,1
http://jabbbbcj.google-login.top/verify,1
http://login-paypal-secure.cf/confirm/email,1
http://apple-secure-login-verify.club/update/account,1
http://hsbc-secure.buzz/password/reset,1
http://linkedin-secure.ga/signin,1
http://instagram62-secure.link/auth/login,1
http://yahoo72-secure.gq/password/reset,1
http://login-yahoo-secure.live/account/suspended,1
http://fidhcdci.office365-login.club/banking/secure,1
http://apple-verify.gq/?token=93c2cc586cb931fd549c192ba8698c92,1
http://ecjjfbfj.outlook-login.gq/password/reset,1
http://hsbc-verify-account.gq/account/suspended,1
http://login-dropbox-secure.xyz/verify,1
http://microsoft-secure-login-verify.cf/login,1
http://ebay-verify.link/?token=ff3d266db74990132a40500afe12d850,1
http://hsbc-secure-login-verify.cf/verify,1
http://citibank.verify-account.ml/user/verify,1
http://eijajhae.google-login.ml/account/verify,1
http://login-twitter-secure.top/verify,1
http://secure-hsbc-login.buzz/user/verify,1
http://faiidfea.netflix-login.ml/confirm/email,1
http://jiegieeg.paypal-login.ml/secure/login,1
http://ejfdeecg.instagram-login.xyz/signin,1
http://microsoft.verify-account.gq/auth/login,1
http://secure-paypal-login.link/secure/login,1
http://yahoo69-secure.xyz/verify,1
http://4pple-secure.gq/verify,1
http://twitter16-secure.gq/confirm/email,1
http://linkedin-verify-account.cf/auth/login,1
http://secure-outlook-login.ga/verify/identity,1
http://secure-microsoft-login.site/verify/identity,1
http://cgdfdbbc.office365-login.gq/update/account,1
http://secure-dropbox-login.top/update/account,1
http://login-microsoft-secure.ga/verify,1
http://login-instagram-secure.link/account/verify,1
http://login-ebay-secure.buzz/auth/login,1
http://office365-verify-account.buzz/verify/identity,1
http://citibank-verify-account.club/signin,1
http://apple49-secure.xyz/banking/secure,1
http://chase.verify-account.ml/banking/secure,1
http://secure-outlook-login.click/update/account,1
http://linkedin-verify-account.xyz/account/suspended,1
http://secure-instagram-login.ml/account/suspended,1
http://instagram-account-update.cf/verify,1
http://apple-verify-account.tk/confirm/email,1
http://google-verify.xyz/?token=6ab62abeb4668d8cfb799fc25d3b3add,1
http://login-linkedin-secure.ml/verify/identity,1
http://paypal-account-update.buzz/signin,1
http://outlook-verify.link/?token=f319cf0ddb9bbc652afbe3e912e7db71,1
http://chase-verify.ml/?token=4024b05958cfdd70d01663669f4992c1,1
http://microsoft-verify.cf/?token=d9a571ac3fe364211e12262a698b171a,1
http://ibeddhfe.facebook-login.online/password/reset,1
http://office365.verify-account.live/auth/login,1
http://secure-dropbox-login.club/auth/login,1
http://ejgdjdaa.outlook-login.xyz/confirm/email,1
http://chase.verify-account.gq/verify/identity,1
http://paypal58-secure.click/password/reset,1
http://microsoft62-secure.top/update/account,1
http://chase-account-update.xyz/password/reset,1
http://fjaddade.instagram-login.ga/password/reset,1
http://citibank-secure-login-verify.site/auth/login,1
http://twitter-verify.xyz/?token=390036b4f26f3f017672ea90d5b7bfb6,1
http://dropbox19-secure.top/account/verify,1
http://efcegehb.linkedin-login.online/verify/identity,1
http://login-paypal-secure.live/account/suspended,1
http://facebook-account-update.site/banking/secure,1
http://login-hsbc-secure.cf/password/reset,1
http://ebay-secure-login-verify.link/verify/identity,1
http://y4h00-secure.buzz/password/reset,1
http://outlook-verify.ga/?token=cc4e0f7bd074e30bdd71204acce64c79,1
http://dr0pb0x-secure.click/login,1
http://ijedgajh.google-login.gq/user/verify,1
http://apple.verify-account.ga/signin,1
http://outlook.verify-account.tk/auth/login,1
http://outlook-verify-account.cf/banking/secure,1
http://instagram52-secure.site/signin,1
http://yahoo-account-update.buzz/confirm/email,1
http://citibank-verify-account.ga/verify,1
http://facebook-verify.ga/?token=07a25b21de6c1fe48a56a84e045842d1,1
http://aiccijgi.paypal-login.top/secure/login,1
http://iijeeihi.citibank-login.click/login,1
http://fdgiheaa.microsoft-login.link/verify,1
http://secure-facebook-login.live/banking/secure,1
http://dabfjihi.paypal-login.top/account/verify,1
http://citibank-verify.click/?token=15e476d0c898d984489d5c00ebf9b508,1
http://hsbc-verify.link/?token=b5d76e1c739e400cee38f41acf54555e,1
http://micr0s0ft-secure.online/login,1
http://bankofamerica87-secure.ga/banking/secure,1
http://eb4y-secure.buzz/account/suspended,1
http://paypal.verify-account.cf/auth/login,1
http://wellsfargo26-secure.cf/confirm/email,1
http://secure-office365-login.xyz/user/verify,1
http://twitter-verify.ml/?token=88cf2cbac7758e836ef8f96c746acdae,1
http://hsbc-verify.top/?token=af51177bb7cc2e8339230b648a440397,1
http://apple-verify.xyz/?token=74193a949f5593da4fab900c97b7c6e6,1
http://apple-verify.tk/?token=65883fbfd10e3b0fc4b29445824b1b6e,1
http://apple-account-update.live/secure/login,1
http://outlook.verify-account.top/secure/login,1
http://4m4z0n-secure.online/signin,1
http://outlook-secure-login-verify.tk/auth/login,1
http://citibank.verify-account.tk/banking/secure,1
http://twitter.verify-account.gq/secure/login,1
http://g00gle-secure.click/auth/login,1
http://microsoft-verify.buzz/?token=cc0b8e3143e97cc537b2abc15793139f,1
http://wellsfargo-verify-account.click/secure/login,1
http://apple-account-update.ml/login,1
http://microsoft-account-update.link/login,1
http://secure-paypal-login.ga/banking/secure,1
http://login-instagram-secure.top/password/reset,1
http://netflix-verify.tk/?token=c0b8511a1de70fb7001359a025887daa,1
http://yahoo-verify-account.gq/auth/login,1
http://twitter-verify.live/?token=b3410c5112348751850094f19cd5b1cc,1
http://dropbox-secure-login-verify.tk/verify/identity,1
http://dropbox-account-update.cf/account/verify,1
http://office36543-secure.xyz/login,1
http://secure-chase-login.live/verify,1
http://outlook-verify-account.xyz/verify/identity,1
http://bankofamerica.verify-account.top/signin,1
http://instagram-account-update.tk/auth/login,1
http://dropbox15-secure.cf/update/account,1
http://login-office365-secure.cf/verify,1
http://eb4y-secure.live/signin,1
http://hsbc-verify-account.click/banking/secure,1
http://microsoft.verify-account.click/user/verify,1
http://micr0s0ft-secure.link/auth/login,1
http://outlook-verify-account.tk/verify,1
http://hheibdib.netflix-login.gq/verify,1
http://netflix-secure.club/confirm/email,1
http://instagram-verify.link/?token=f2bf6f4c60d600176faca69bf9ca6448,1
http://login-amazon-secure.live/account/suspended,1
http://login-linkedin-secure.top/confirm/email,1
http://linkedin54-secure.buzz/account/suspended,1
http://login-paypal-secure.link/secure/login,1
http://ebay-secure-login-verify.ml/account/suspended,1
http://login-hsbc-secure.live/account/verify,1
http://ebay-verify.click/?token=5860deaf55c9eb226ca63d659baf4fa4,1
http://microsoft.verify-account.club/secure/login,1
http://paypal-account-update.club/update/account,1
http://login-yahoo-secure.site/account/suspended,1
http://chhghfcd.ebay-login.ga/update/account,1
http://yahoo68-secure.ga/verify/identity,1
http://microsoft-secure-login-verify.ml/account/suspended,1
http://citib4nk-secure.tk/signin,1
http://citibank-account-update.ml/banking/secure,1
http://login-hsbc-secure.tk/update/account,1
http://login-wellsfargo-secure.site/auth/login,1
http://wellsfargo.verify-account.link/secure/login,1
http://dropbox-verify.live/?token=5950c21192251ac28b7bfe2befeac608,1
http://secure-linkedin-login.cf/account/verify,1
http://login-dropbox-secure.xyz/signin,1
http://chase-secure-login-verify.tk/login,1
http://dropbox.verify-account.site/secure/login,1
http://hsbc-secure-login-verify.gq/verify/identity,1
http://dropbox.verify-account.link/account/suspended,1
http://login-apple-secure.click/verify,1
http://hsbc-verify.click/?token=c5b3308fa41ebca46e44b9269262a429,1
http://twitter-account-update.click/account/verify,1
http://login-yahoo-secure.club/signin,1
http://ebay.verify-account.gq/confirm/email,1
http://amazon65-secure.club/login,1
http://login-facebook-secure.top/login,1
http://bankofamerica-verify-account.top/secure/login,1
http://secure-microsoft-login.tk/auth/login,1
http://hbjgajbh.linkedin-login.ml/verify,1
http://linkedin28-secure.top/signin,1
http://citibank-secure-login-verify.gq/secure/login,1
http://microsoft-account-update.xyz/account/verify,1
http://ebay-verify.site/?token=229ef2ba48a23b64c31726c2cd992a79,1
http://secure-ebay-login.cf/password/reset,1
http://fiddgffa.paypal-login.xyz/banking/secure,1
http://agihjicf.office365-login.site/signin,1
http://jhcgdcjd.bankofamerica-login.live/update/account,1
http://apple.verify-account.live/login,1
http://secure-dropbox-login.xyz/login,1
http://citibank-verify.online/?token=6264ba744f77fc65a181dae8fb3e5d1f,1
http://twitter.verify-account.club/account/suspended,1
http://netflix-secure-login-verify.xyz/account/verify,1
http://microsoft.verify-account.link/secure/login,1
http://login-outlook-secure.club/verify,1
http://netflix.verify-account.live/account/suspended,1
http://ebay-verify-account.site/verify,1
http://yahoo-verify-account.ml/account/suspended,1
http://apple-account-update.cf/user/verify,1
http://bgjgfcfe.outlook-login.buzz/verify/identity,1
http://citib4nk-secure.live/password/reset,1
http://bfefahaj.bankofamerica-login.top/confirm/email,1
http://0ffice365-secure.club/update/account,1
http://wellsfargo-verify-account.ga/update/account,1
http://yahoo-account-update.click/login,1
http://citibank-account-update.tk/account/verify,1
http://facebook-verify-account.gq/secure/login,1
http://microsoft-secure-login-verify.xyz/banking/secure,1
http://paypal42-secure.site/verify/identity,1
http://instagram-account-update.tk/banking/secure,1
http://bankofamerica76-secure.link/login,1
http://instagram.verify-account.tk/verify/identity,1
http://ebay-verify-account.club/verify/identity,1
http://hsbc-verify-account.site/signin,1
http://amazon98-secure.xyz/confirm/email,1
http://g00gle-secure.click/verify,1
http://hsbc.verify-account.xyz/secure/login,1
http://citib4nk-secure.tk/signin,1
http://office365-secure-login-verify.xyz/secure/login,1
http://wellsfargo-secure-login-verify.tk/user/verify,1
http://instagram.verify-account.link/user/verify,1
http://paypal-verify.club/?token=683f961fdb3b6d34e051d6ae096e86ce,1
http://b4nk0f4meric4-secure.cf/update/account,1
http://secure-outlook-login.site/password/reset,1
http://login-amazon-secure.ga/auth/login,1
http://amazon-account-update.top/update/account,1
http://netflix-verify-account.live/account/verify,1
http://bankofamerica-verify.ga/?token=593f3930c16adadd3d59f5dc9fbabed3,1
http://chase-account-update.xyz/login,1
http://netflix-account-update.cf/verify,1
http://twitter80-secure.buzz/verify,1
http://inst4gr4m-secure.ml/account/verify,1
http://facebook-verify-account.link/secure/login,1
http://secure-paypal-login.link/password/reset,1
http://wellsfargo-verify-account.live/verify/identity,1
http://bankofamerica-verify.ga/?token=d6499988bc86d0f39da3d26fa67798db,1
http://dropbox.verify-account.click/password/reset,1
http://google-secure-login-verify.ml/auth/login,1
http://login-outlook-secure.gq/banking/secure,1
http://hsbc77-secure.ml/update/account,1
http://dropbox-verify.buzz/?token=e083add70e838f2cb1f3130106f0cd4f,1
http://login-google-secure.cf/auth/login,1
http://jaaacbdd.office365-login.live/signin,1
http://twitter.verify-account.ga/account/suspended,1
http://login-apple-secure.link/verify/identity,1
http://cdjjihag.twitter-login.xyz/verify/identity,1
http://apple-account-update.link/confirm/email,1
http://instagram-account-update.buzz/account/suspended,1
http://dropbox.verify-account.ga/auth/login,1
http://office365-verify.click/?token=fb709017ac7e514fd0665e33ac993683,1
http://wellsfargo-secure-login-verify.top/account/verify,1
http://google-account-update.online/confirm/email,1
http://dropbox.verify-account.tk/update/account,1
http://hsbc-verify-account.live/secure/login,1
http://login-facebook-secure.tk/password/reset,1
http://facebook.verify-account.xyz/account/suspended,1
http://dropbox-account-update.xyz/verify,1
http://google-account-update.top/secure/login,1
http://login-instagram-secure.cf/password/reset,1
http://google76-secure.club/login,1
http://paypal-secure-login-verify.ml/update/account,1
http://secure-wellsfargo-login.ml/signin,1
http://office365-verify-account.top/banking/secure,1
http://secure-wellsfargo-login.link/account/verify,1
http://netflix-verify.cf/?token=c3ed51d9173df311ab48f760770c3004,1
http://y4h00-secure.tk/confirm/email,1
http://ifgahjje.instagram-login.link/verify,1
http://office365-verify-account.tk/update/account,1
http://microsoft62-secure.online/verify/identity,1
http://hsbc-account-update.ml/secure/login,1
http://0utl00k-secure.xyz/banking/secure,1
http://google-verify.live/?token=0570ab8f51b2d9c77cabe20b64cfda4d,1
http://login-amazon-secure.link/password/reset,1
http://efadccjb.microsoft-login.top/account/suspended,1
http://p4yp4l-secure.top/login,1
http://bankofamerica-verify-account.link/account/verify,1
http://secure-instagram-login.tk/verify/identity,1
http://login-facebook-secure.xyz/confirm/email,1
http://microsoft81-secure.link/update/account,1
http://login-netflix-secure.site/account/verify,1
http://wellsfargo-account-update.top/signin,1
http://netflix32-secure.tk/update/account,1
http://paypal11-secure.top/password/reset,1
http://wellsfargo-account-update.ga/banking/secure,1
http://google.verify-account.live/secure/login,1
http://chase-account-update.xyz/signin,1
http://citibank.verify-account.cf/verify/identity,1
http://login-dropbox-secure.tk/account/suspended,1
http://yahoo-verify-account.ml/secure/login,1
http://ebay-secure-login-verify.gq/password/reset,1
http://apple95-secure.gq/verify,1
http://dr0pb0x-secure.tk/update/account,1
http://ebay-secure-login-verify.site/banking/secure,1
http://outlook-account-update.live/account/suspended,1
http://0utl00k-secure.site/account/suspended,1
http://instagram-verify-account.xyz/user/verify,1
http://linkedin-secure-login-verify.ga/account/suspended,1
http://inst4gr4m-secure.site/signin,1
http://cdgchjei.apple-login.gq/banking/secure,1
http://4pple-secure.cf/update/account,1
http://hchdcajj.outlook-login.click/confirm/email,1
http://login-instagram-secure.site/confirm/email,1
http://b4nk0f4meric4-secure.ml/banking/secure,1
http://google-verify-account.link/banking/secure,1
http://secure-netflix-login.xyz/password/reset,1
http://secure-netflix-login.ml/signin,1
http://yahoo-account-update.online/verify/identity,1
http://instagram-secure-login-verify.online/signin,1
http://hsbc-account-update.cf/verify,1
http://instagram.verify-account.top/verify,1
http://instagram.verify-account.cf/secure/login,1
http://iejddeeg.hsbc-login.live/account/verify,1
http://citibank-verify.click/?token=a07683c5e1103bc1cda251899f1430a8,1
http://wellsfargo-account-update.site/verify,1
http://citibank75-secure.cf/verify/identity,1
http://dropbox99-secure.live/account/suspended,1
http://amazon-secure-login-verify.live/confirm/email,1
http://inst4gr4m-secure.ga/banking/secure,1
http://ch4se-secure.live/account/suspended,1
http://apple-verify.cf/?token=9cd34cbb5059b88c0522835687b367ed,1
http://wellsf4rg0-secure.buzz/secure/login,1
http://f4ceb00k-secure.link/banking/secure,1
http://microsoft-secure-login-verify.tk/verify/identity,1
http://hbdhbbje.outlook-login.top/password/reset,1
http://netflix-secure.ml/account/verify,1
http://facebook-account-update.click/verify/identity,1
http://twitter-verify.link/?token=437ce0ef314ba6a39b2a39681f0f8979,1
http://wellsf4rg0-secure.top/user/verify,1
http://chase-verify-account.link/update/account,1
http://paypal-secure-login-verify.club/account/suspended,1
http://apple-verify-account.xyz/user/verify,1
http://outlook-account-update.cf/account/suspended,1
http://chase-verify.club/?token=24a49f47954d156f99145b0357865a1b,1
http://secure-office365-login.link/banking/secure,1
http://login-hsbc-secure.tk/banking/secure,1
http://secure-instagram-login.ga/account/verify,1
http://g00gle-secure.tk/confirm/email,1
http://cceibbfh.facebook-login.gq/confirm/email,1
http://google38-secure.click/account/suspended,1
http://yahoo-verify-account.click/user/verify,1
http://bankofamerica-secure-login-verify.top/account/suspended,1
http://office365-account-update.link/confirm/email,1
http://aahjhbdi.instagram-login.cf/signin,1
http://wellsf4rg0-secure.site/account/suspended,1
http://login-linkedin-secure.xyz/user/verify,1
http://netflix-secure-login-verify.link/confirm/email,1
http://secure-bankofamerica-login.click/update/account,1
http://outlook.verify-account.live/user/verify,1
http://inst4gr4m-secure.tk/confirm/email,1
http://office36528-secure.link/banking/secure,1
http://linkedin-verify.link/?token=4ce577af25e734de9a6c578d58675e78,1
http://facebook-secure-login-verify.xyz/auth/login,1
http://bankofamerica-verify.top/?token=9602e5d70c636751cc5ecd55a5349c90,1
http://facebook70-secure.xyz/signin,1
http://login-facebook-secure.xyz/signin,1
http://secure-bankofamerica-login.site/confirm/email,1
http://wellsfargo-verify-account.ga/login,1
http://gjgdghgh.instagram-login.top/banking/secure,1
http://wellsfargo-verify.cf/?token=fbb142a33e56c1403bb86c7a22612356,1
http://microsoft-account-update.click/verify/identity,1
http://secure-microsoft-login.ml/user/verify,1
http://paypal25-secure.online/banking/secure,1
http://amazon-account-update.ml/user/verify,1
http://iajfdfej.facebook-login.tk/auth/login,1
http://p4yp4l-secure.ga/secure/login,1
http://login-outlook-secure.click/secure/login,1
http://hsbc-verify.ml/?token=529f2db7dde793dfc3be080be052b595,1
http://netflix.verify-account.buzz/update/account,1
http://outlook-secure-login-verify.site/verify,1
http://apple-secure-login-verify.gq/verify/identity,1
http://wellsfargo-account-update.xyz/user/verify,1
http://login-google-secure.cf/signin,1
http://microsoft-secure-login-verify.live/auth/login,1
http://google-verify-account.gq/password/reset,1
http://bhcajcjh.chase-login.gq/verify/identity,1
http://fiadfcca.microsoft-login.ml/auth/login,1
http://amazon-secure-login-verify.ml/update/account,1
http://login-facebook-secure.gq/verify/identity,1
http://office365-verify.site/?token=3e454c3e84f64011f1e9258d4be674bd,1
http://g00gle-secure.ml/user/verify,1
http://login-google-secure.buzz/secure/login,1
http://dropbox-secure-login-verify.click/login,1
http://outlook-verify.buzz/?token=1442bad7a02f948994a1c868cfcfa1c9,1
http://login-bankofamerica-secure.live/account/verify,1
http://microsoft-verify.cf/?token=ed53de847a131f3ffa8cfb1b2cb1c4d0,1
http://secure-linkedin-login.gq/confirm/email,1
http://office365-verify-account.click/secure/login,1
http://secure-hsbc-login.live/banking/secure,1
http://apple-secure-login-verify.gq/account/suspended,1
http://paypal-account-update.gq/account/suspended,1
http://micr0s0ft-secure.ga/secure/login,1
http://apple14-secure.top/confirm/email,1
http://facebook-verify.live/?token=99b114c660557c96cfa4a703a1eb035c,1
http://jcibhihf.twitter-login.click/signin,1
http://secure-facebook-login.ga/user/verify,1
http://instagram-secure-login-verify.tk/verify,1
http://secure-amazon-login.cf/account/verify,1
http://citibank-account-update.xyz/user/verify,1
http://google-secure-login-verify.link/login,1
http://citibank-account-update.online/secure/login,1
http://instagram-verify.gq/?token=a0abf95d8ca4fee30e1fb446cf6533de,1
http://yahoo-verify-account.top/signin,1
http://apple.verify-account.live/account/suspended,1
http://microsoft-account-update.xyz/user/verify,1
http://netflix-verify-account.buzz/banking/secure,1
http://google48-secure.online/user/verify,1
http://login-dropbox-secure.click/account/verify,1
http://apple-account-update.xyz/verify,1
http://ihifddgb.citibank-login.online/account/suspended,1
http://citibank-secure-login-verify.tk/banking/secure,1
http://0utl00k-secure.online/verify/identity,1
http://secure-facebook-login.site/secure/login,1
http://linkedin-secure.xyz/user/verify,1
http://netflix-verify.buzz/?token=479c6060eccd586152ed52cadac88e64,1
http://login-instagram-secure.link/account/verify,1
http://microsoft90-secure.xyz/password/reset,1
http://ebay-verify-account.gq/update/account,1
http://secure-office365-login.cf/account/suspended,1
http://citibank17-secure.site/secure/login,1
http://paypal-account-update.link/update/account,1
http://twitter-secure.ml/secure/login,1
http://office365.verify-account.live/verify/identity,1
http://microsoft-secure-login-verify.buzz/account/suspended,1
http://twitter.verify-account.link/password/reset,1
http://office365-account-update.ga/banking/secure,1
http://bankofamerica.verify-account.cf/account/verify,1
http://wellsfargo-account-update.ml/banking/secure,1
http://citibank-verify.gq/?token=bcc7d154acc03bbd89b25630a764adbc,1
http://eb4y-secure.xyz/verify/identity,1
http://microsoft20-secure.online/account/suspended,1
http://netflix.verify-account.ml/banking/secure,1
http://dbaggbib.hsbc-login.link/verify,1
http://linkedin-secure-login-verify.tk/auth/login,1
http://4pple-secure.xyz/account/verify,1
http://secure-instagram-login.top/confirm/email,1
http://chase-account-update.live/secure/login,1
http://wellsfargo-verify-account.live/account/suspended,1
http://dropbox-account-update.ml/signin,1
http://microsoft-verify-account.cf/update/account,1
http://ebay20-secure.gq/signin,1
http://secure-amazon-login.site/verify,1
http://citibank.verify-account.online/update/account,1
http://secure-facebook-login.live/confirm/email,1
http://linkedin23-secure.site/secure/login,1
http://twitter43-secure.club/password/reset,1
http://secure-google-login.click/login,1
http://apple-secure-login-verify.gq/verify,1
http://hsbc-verify.buzz/?token=7b05cfc6f11934c9802212db5266dbfd,1
http://paypal-verify.gq/?token=98af777ec798d7ac950a9f54b77afbb3,1
http://secure-citibank-login.ml/verify/identity,1
http://login-dropbox-secure.buzz/verify,1
http://linkedin66-secure.club/confirm/email,1
http://secure-paypal-login.cf/signin,1
http://amazon.verify-account.live/login,1
http://f4ceb00k-secure.online/verify,1
http://wellsfargo-verify.link/?token=278250c929cd3dc52771f47c64dbb37a,1
http://linkedin-verify-account.ml/auth/login,1
http://g00gle-secure.ga/user/verify,1
http://linkedin-account-update.ga/auth/login,1
http://amazon-verify-account.ga/secure/login,1
http://yahoo.verify-account.site/login,1
http://dropbox21-secure.xyz/login,1
http://jfdddbgd.linkedin-login.xyz/update/account,1
http://secure-outlook-login.tk/auth/login,1
http://paypal-secure-login-verify.site/verify/identity,1
http://bgagjccg.dropbox-login.site/login,1
http://secure-apple-login.click/account/suspended,1
http://outlook.verify-account.online/account/suspended,1
http://outlook-verify.click/?token=6ff70860d3bc416c7296bbf8cefbc6e1,1
http://secure-twitter-login.click/banking/secure,1
http://micr0s0ft-secure.site/banking/secure,1
http://chase-secure-login-verify.link/secure/login,1
http://secure-citibank-login.link/user/verify,1
http://hsbc.verify-account.gq/auth/login,1
http://bankofamerica-secure-login-verify.gq/signin,1
http://0utl00k-secure.club/secure/login,1
http://ebay-account-update.live/login,1
http://office365-verify-account.xyz/verify,1
http://linkedin.verify-account.top/verify,1
http://wellsfargo-account-update.link/signin,1
http://wellsfargo-verify-account.link/banking/secure,1
http://login-chase-secure.club/banking/secure,1
http://secure-hsbc-login.tk/signin,1
http://microsoft-secure-login-verify.top/verify/identity,1
http://netflix-verify-account.top/update/account,1
http://bankofamerica-verify.gq/?token=d5b129cd396a669dda60ecceb710d8ca,1
http://bdeegbgd.citibank-login.gq/verify/identity,1
http://login-yahoo-secure.top/login,1
http://ebay.verify-account.ga/signin,1
http://ebay11-secure.ml/update/account,1
http://apple-verify.club/?token=7b902a17c19bd902c0f993a7a8275410,1
http://chase-secure-login-verify.link/auth/login,1
http://outlook-verify-account.click/update/account,1
http://facebook32-secure.club/confirm/email,1
http://login-office365-secure.site/verify,1
http://citibank-secure-login-verify.top/secure/login,1
http://linkedin-verify-account.buzz/user/verify,1
http://google-verify-account.click/signin,1
http://paypal-verify-account.site/confirm/email,1
http://dropbox.verify-account.buzz/verify/identity,1
http://office365-verify.tk/?token=2647d62b79f618460962e4e884a8aa67,1
http://outlook.verify-account.link/account/suspended,1
http://bankofamerica.verify-account.gq/verify,1
http://citibank-secure-login-verify.ga/auth/login,1
http://netflix-secure-login-verify.site/password/reset,1
http://amazon-secure-login-verify.click/user/verify,1
http://secure-apple-login.live/confirm/email,1
http://secure-wellsfargo-login.gq/auth/login,1
http://secure-citibank-login.ga/signin,1
http://outlook.verify-account.tk/password/reset,1
http://ibdaaahb.wellsfargo-login.link/verify/identity,1
http://ebay-verify-account.buzz/auth/login,1
http://secure-yahoo-login.top/login,1
http://hsbc33-secure.live/password/reset,1
http://bihidcaa.instagram-login.live/account/verify,1
http://apple.verify-account.live/login,1
http://microsoft.verify-account.tk/banking/secure,1
http://cbaijcbh.microsoft-login.tk/verify,1
http://citibank-verify-account.tk/banking/secure,1
http://netflix-secure-login-verify.live/confirm/email,1
http://secure-bankofamerica-login.live/banking/secure,1
http://secure-facebook-login.cf/login,1
http://y4h00-secure.live/user/verify,1
http://microsoft-verify.gq/?token=93a2eb3226df8acb5cedb5416098ed75,1
http://wellsfargo.verify-account.tk/user/verify,1
http://linkedin-account-update.ml/verify/identity,1
http://dropbox-secure-login-verify.top/banking/secure,1
http://ebay89-secure.buzz/secure/login,1
http://microsoft-secure-login-verify.site/confirm/email,1
http://netflix90-secure.site/update/account,1
http://g00gle-secure.club/verify,1
http://outlook-secure-login-verify.cf/user/verify,1
http://login-linkedin-secure.site/password/reset,1
http://chase-verify-account.top/login,1
http://facebook-secure-login-verify.click/update/account,1
http://facebook-verify-account.gq/account/verify,1
http://netflix28-secure.live/update/account,1
http://bankofamerica98-secure.tk/login,1
http://paypal-account-update.buzz/update/account,1
http://hsbc39-secure.site/verify/identity,1
http://gfbcgiia.office365-login.tk/confirm/email,1
http://citibank-secure-login-verify.live/verify/identity,1
http://bankofamerica-account-update.link/update/account,1
http://netflix-verify.xyz/?token=190bcf03e4798e7088a4bb65e602f305,1
http://hsbc-verify-account.club/password/reset,1
http://ch4se-secure.site/signin,1
http://secure-instagram-login.xyz/login,1
http://microsoft-secure-login-verify.gq/account/suspended,1
http://instagram-account-update.ml/signin,1
http://ch4se-secure.link/auth/login,1
http://4m4z0n-secure.cf/verify/identity,1
http://microsoft-verify-account.xyz/secure/login,1
http://twitter.verify-account.gq/account/suspended,1
http://secure-wellsfargo-login.cf/account/suspended,1
http://apple-verify-account.site/banking/secure,1
http://apple.verify-account.gq/verify,1
http://citibank-verify-account.live/banking/secure,1
http://outlook.verify-account.online/account/verify,1
http://dhcccafi.dropbox-login.live/banking/secure,1
http://netflix-verify-account.buzz/signin,1
http://dr0pb0x-secure.xyz/account/verify,1
http://netflix-account-update.club/confirm/email,1
http://dropbox-account-update.tk/update/account,1
http://login-yahoo-secure.click/auth/login,1
http://bankofamerica-verify.click/?token=47bc8013d0b0493b1bba1e12fb2fd00f,1
http://hsbc-verify-account.cf/update/account,1
http://amazon-secure-login-verify.live/confirm/email,1
http://netflix-secure-login-verify.cf/account/verify,1
http://login-facebook-secure.site/secure/login,1
http://ebay-secure-login-verify.club/auth/login,1
http://microsoft-account-update.live/login,1
http://micr0s0ft-secure.ga/signin,1
http://amazon-account-update.site/secure/login,1
http://cghdbhic.google-login.online/signin,1
http://netflix-account-update.ml/verify/identity,1
http://chase.verify-account.live/secure/login,1
http://linkedin-verify-account.buzz/login,1
http://facebook.verify-account.online/account/suspended,1
http://dropbox-account-update.buzz/secure/login,1
http://facebook-verify-account.gq/password/reset,1
http://facebook-verify.ml/?token=ca1fceb473931db73972ccbe5159e1fa,1
http://chase76-secure.cf/account/suspended,1
http://ghajigbe.ebay-login.club/signin,1
http://instagram-secure-login-verify.site/account/suspended,1
http://chase-verify-account.ga/account/suspended,1
http://netflix-verify-account.top/password/reset,1
http://login-twitter-secure.live/password/reset,1
http://jddfjcbf.hsbc-login.online/verify,1
http://bankofamerica-verify-account.link/user/verify,1
http://citibank.verify-account.click/banking/secure,1
http://ch4se-secure.cf/signin,1
http://dropbox-verify.live/?token=42e2c1be1d7b1af7ac8629295c508ea8,1
http://instagram-secure-login-verify.click/password/reset,1
http://jfbeiibh.citibank-login.top/signin,1
http://login-twitter-secure.ml/confirm/email,1
http://netflix-verify-account.cf/secure/login,1
http://linkedin-verify.site/?token=2080c1f851000a29063ed2c23e600a67,1
http://hsbc-verify-account.link/login,1
http://amazon-verify-account.cf/password/reset,1
http://fgibffhh.bankofamerica-login.site/signin,1
http://outlook-verify.ml/?token=c84c45863dbc82dba208e1cd7e314bca,1
http://apple-account-update.link/account/suspended,1
http://login-facebook-secure.online/account/suspended,1
http://cbfdcdhe.netflix-login.club/banking/secure,1
http://efadgiga.citibank-login.ml/login,1
http://chase-verify.ml/?token=e9f72f50b4f5f56e6e0840143862cf9f,1
http://ebay-verify-account.link/confirm/email,1
http://secure-amazon-login.xyz/account/suspended,1
http://instagram-verify-account.tk/password/reset,1
http://dropbox39-secure.live/banking/secure,1
http://instagram-secure-login-verify.tk/verify,1
http://citibank.verify-account.tk/login,1
http://twitter-verify-account.tk/login,1
http://hsbc.verify-account.click/update/account,1
http://paypal-verify-account.ml/update/account,1
http://hsbc.verify-account.top/verify,1
http://egchefha.office365-login.ga/account/verify,1
http://paypal-verify-account.live/password/reset,1
http://secure-netflix-login.xyz/verify/identity,1
http://paypal-secure-login-verify.gq/verify/identity,1
http://yahoo33-secure.online/signin,1
http://outlook-account-update.club/account/verify,1
http://login-yahoo-secure.link/banking/secure,1
http://login-chase-secure.gq/user/verify,1
http://apple-verify.click/?token=00bb6ebd3fd98e5b79b37820a5b18eaf,1
http://twitter-secure.ga/update/account,1
http://apple94-secure.ga/auth/login,1
http://amazon-verify-account.ga/banking/secure,1
http://y4h00-secure.site/account/suspended,1
http://chase.verify-account.tk/confirm/email,1
http://ebay-verify.tk/?token=9eaa240e79aa6627452a6500c189fd0a,1
http://inst4gr4m-secure.tk/user/verify,1
http://login-instagram-secure.top/account/suspended,1
http://y4h00-secure.xyz/verify/identity,1
http://instagram-verify-account.link/login,1
http://secure-amazon-login.ml/banking/secure,1
http://linkedin87-secure.xyz/update/account,1
http://instagram.verify-account.cf/verify,1
http://wellsfargo-verify-account.club/password/reset,1
http://login-google-secure.tk/secure/login,1
http://netflix38-secure.club/account/suspended,1
http://hsbc80-secure.buzz/secure/login,1
http://linkedin-account-update.link/password/reset,1
http://login-outlook-secure.cf/update/account,1
http://outlook62-secure.tk/login,1
http://ebay-verify-account.club/secure/login,1
http://netflix-account-update.ml/auth/login,1
http://linkedin-account-update.buzz/auth/login,1
http://secure-microsoft-login.gq/account/suspended,1
http://amazon-verify.ga/?token=41b1ae07be3170adc0ae2fa3888636f7,1
http://citib4nk-secure.link/confirm/email,1
http://ijefffbd.microsoft-login.online/confirm/email,1
http://hjacfddg.instagram-login.ml/login,1
http://higbfdcb.chase-login.cf/password/reset,1
http://hsbc-secure.xyz/banking/secure,1
http://hsbc-verify.xyz/?token=4203b8291e6e1dc74d4c21f2d999a772,1
http://amazon23-secure.site/account/verify,1
http://google-verify-account.online/banking/secure,1
http://outlook-account-update.tk/account/verify,1
http://bankofamerica-secure-login-verify.site/update/account,1
http://bdhdegej.google-login.live/confirm/email,1
http://ebay15-secure.xyz/verify,1
http://linkedin-secure.ml/user/verify,1
http://microsoft75-secure.site/account/verify,1
http://outlook37-secure.click/user/verify,1
http://wellsf4rg0-secure.link/user/verify,1
http://apple-verify-account.top/verify/identity,1
http://login-google-secure.ga/user/verify,1
http://yahoo-secure-login-verify.live/auth/login,1
http://login-office365-secure.buzz/signin,1
http://login-amazon-secure.site/banking/secure,1
http://bfjdhjcd.outlook-login.club/update/account,1
http://microsoft-verify.buzz/?token=58ff28431037c2603ceefb0934688abe,1
http://office365-verify-account.buzz/banking/secure,1
http://apple-secure-login-verify.link/login,1
http://paypal-verify-account.buzz/verify,1
http://apple-secure-login-verify.online/auth/login,1
http://citibank-secure-login-verify.gq/verify,1
http://biifgjah.office365-login.ga/account/suspended,1
http://chase-verify.club/?token=506555372ca341fc5e6d1a2228e069a9,1
http://fgacbcei.netflix-login.top/auth/login,1
http://linkedin-verify-account.cf/user/verify,1
http://secure-instagram-login.live/secure/login,1
http://login-microsoft-secure.ga/auth/login,1
http://f4ceb00k-secure.xyz/user/verify,1
http://office365-account-update.online/verify/identity,1
http://paypal36-secure.club/login,1
http://linkedin-verify.site/?token=27eb5710e795bfb65f2e4265f8086f74,1
http://4m4z0n-secure.live/password/reset,1
http://instagram-secure-login-verify.ml/user/verify,1
http://eebebgaf.instagram-login.live/account/verify,1
http://netflix-verify-account.xyz/confirm/email,1
http://dropbox-account-update.online/user/verify,1
http://ggcdfjii.facebook-login.xyz/confirm/email,1
http://linkedin-verify.live/?token=60f1bb86e9f4b1fb5561610de286a6ef,1
http://wellsfargo-secure-login-verify.click/banking/secure,1
http://ecgaecif.wellsfargo-login.cf/login,1
http://microsoft26-secure.site/user/verify,1
http://eb4y-secure.online/login,1
http://wellsfargo55-secure.tk/verify/identity,1
http://0ffice365-secure.tk/password/reset,1
http://login-outlook-secure.ga/update/account,1
http://netflix-secure-login-verify.ml/auth/login,1
http://secure-instagram-login.cf/verify/identity,1
http://chase-account-update.gq/confirm/email,1
http://0ffice365-secure.buzz/account/verify,1
http://login-amazon-secure.link/login,1
http://microsoft-verify.online/?token=aea45a5700787b255a528b3077605e1b,1
http://ececchfd.yahoo-login.club/confirm/email,1
http://dropbox79-secure.buzz/confirm/email,1
http://microsoft.verify-account.club/account/verify,1
http://paypal-account-update.top/verify/identity,1
http://hsbc.verify-account.gq/banking/secure,1
http://microsoft28-secure.live/secure/login,1
http://secure-google-login.tk/auth/login,1
http://netflix.verify-account.link/banking/secure,1
http://instagram-secure-login-verify.tk/verify,1
http://login-ebay-secure.link/banking/secure,1
http://y4h00-secure.click/account/verify,1
http://hiagficc.dropbox-login.cf/confirm/email,1
http://login-office365-secure.click/banking/secure,1
http://dropbox-account-update.gq/password/reset,1
http://bankofamerica-verify.club/?token=279bb506c5c19a0c61520e0e8423f4c2,1
http://netflix76-secure.click/user/verify,1
http://ebay-verify.cf/?token=df598c51fc19a5db1b33b48fade805f6,1
http://twitter-account-update.online/auth/login,1
http://google-verify-account.site/verify,1
http://fbfgdfig.netflix-login.cf/verify,1
http://ebay-account-update.live/banking/secure,1
http://facebook-account-update.xyz/verify/identity,1
http://netflix.verify-account.tk/verify/identity,1
http://apple-verify.ml/?token=7f8a214f2b2001e228799757216420fa,1
http://chase64-secure.link/banking/secure,1
http://netflix-account-update.site/auth/login,1
http://wellsf4rg0-secure.gq/verify,1
http://login-netflix-secure.club/update/account,1
http://djjfacgg.netflix-login.xyz/user/verify,1
http://cafahege.wellsfargo-login.xyz/account/suspended,1
http://login-facebook-secure.club/account/suspended,1
http://micr0s0ft-secure.xyz/update/account,1
http://secure-ebay-login.buzz/verify,1
http://apple-verify-account.tk/confirm/email,1
http://4m4z0n-secure.club/password/reset,1
http://jbgaiidh.bankofamerica-login.tk/auth/login,1
http://login-yahoo-secure.buzz/update/account,1
http://paypal-secure-login-verify.live/confirm/email,1
http://login-amazon-secure.tk/account/verify,1
http://apple-verify-account.buzz/secure/login,1
http://ggegijdf.facebook-login.club/login,1
http://microsoft.verify-account.gq/banking/secure,1
http://google-verify-account.site/banking/secure,1
http://microsoft-verify-account.tk/verify,1
http://f4ceb00k-secure.gq/user/verify,1
http://facebook-account-update.click/login,1
http://chase-account-update.club/signin,1
http://linkedin-account-update.link/password/reset,1
http://apple-secure-login-verify.cf/login,1
http://secure-linkedin-login.ml/secure/login,1
http://yahoo-account-update.gq/confirm/email,1
http://secure-netflix-login.cf/account/verify,1
http://linkedin-verify.cf/?token=e13f4147a702d5f66d5276b6e1ab4cc3,1
http://chase.verify-account.site/confirm/email,1
http://amazon-verify-account.gq/account/suspended,1
http://secure-chase-login.link/login,1
http://citibank92-secure.club/update/account,1
http://bfhegfgh.microsoft-login.ml/update/account,1
http://hgeeajcj.dropbox-login.link/account/verify,1
http://outlook-secure-login-verify.tk/confirm/email,1
http://twitter.verify-account.site/confirm/email,1
http://secure-paypal-login.ml/auth/login,1
http://login-linkedin-secure.site/account/suspended,1
http://secure-netflix-login.site/verify/identity,1
http://4pple-secure.live/update/account,1
http://secure-google-login.cf/verify/identity,1
http://secure-chase-login.club/confirm/email,1
http://secure-hsbc-login.xyz/password/reset,1
http://accacgid.netflix-login.ml/secure/login,1
http://dropbox-verify-account.ml/update/account,1
http://dropbox-secure-login-verify.online/password/reset,1
http://netflix-secure-login-verify.club/password/reset,1
http://hsbc-verify-account.buzz/account/verify,1
http://secure-wellsfargo-login.ml/update/account,1
http://ihedaehf.wellsfargo-login.click/update/account,1
http://instagram-account-update.site/verify,1
http://login-chase-secure.gq/update/account,1
http://paypal-secure-login-verify.site/user/verify,1
http://secure-google-login.live/account/verify,1
http://dropbox-account-update.ga/login,1
http://linkedin59-secure.top/signin,1
http://dgecjbdf.facebook-login.top/verify,1
http://microsoft-verify-account.club/verify/identity,1
http://chase-verify-account.live/account/suspended,1
http://wellsf4rg0-secure.click/verify/identity,1
http://facebook.verify-account.gq/verify,1
http://outlook-verify.top/?token=a440a05b6826579bc067ba95e23701a7,1
http://hsbc.verify-account.gq/login,1
http://chase96-secure.cf/confirm/email,1
http://login-linkedin-secure.click/login,1
http://twitter63-secure.ml/secure/login,1
http://gfdahcaa.paypal-login.club/update/account,1
http://apple-secure-login-verify.live/banking/secure,1
http://twitter.verify-account.gq/banking/secure,1
http://login-instagram-secure.link/account/suspended,1
http://yahoo-verify-account.club/login,1
http://secure-bankofamerica-login.gq/login,1
http://ebay-verify-account.buzz/password/reset,1
http://wellsfargo-verify-account.online/account/suspended,1
http://eajcgiie.bankofamerica-login.live/account/suspended,1
http://microsoft.verify-account.click/account/verify,1
http://login-twitter-secure.cf/user/verify,1
http://office365-account-update.link/verify/identity,1
http://amazon-verify.gq/?token=d8e5c2a0cead64e164bd5d353103212f,1
http://secure-bankofamerica-login.gq/banking/secure,1
http://hsbc-verify.link/?token=d54ea7942fd9fef4a3cf09a921d8c37b,1
http://netflix.verify-account.ga/signin,1
http://linkedin-secure-login-verify.ml/verify,1
http://office365-account-update.top/update/account,1
http://citibank56-secure.site/secure/login,1
http://microsoft74-secure.live/password/reset,1
http://office365-account-update.online/confirm/email,1
http://wellsfargo-verify.club/?token=e8c70a7644b300dad32b30a3c449a360,1
http://secure-outlook-login.link/account/verify,1
http://hsbc-account-update.gq/account/suspended,1
http://facebook-account-update.club/account/suspended,1
http://bankofamerica-verify-account.ml/secure/login,1
http://paypal-verify.ga/?token=141dc146778d5b5402106982539517a6,1
http://login-amazon-secure.gq/confirm/email,1
http://hsbc-verify-account.top/verify/identity,1
http://microsoft.verify-account.ml/secure/login,1
http://microsoft62-secure.buzz/verify,1
http://bankofamerica-verify.ml/?token=db4b81dee165336cedffe9c411e55ce0,1
http://instagram.verify-account.xyz/account/verify,1
http://linkedin-secure.ml/user/verify,1
http://login-twitter-secure.gq/account/suspended,1
http://outlook.verify-account.top/banking/secure,1
http://secure-facebook-login.gq/password/reset,1
http://yahoo76-secure.link/auth/login,1
http://secure-chase-login.top/banking/secure,1
http://outlook-verify.club/?token=8a9fede664f1887762dd40bfb22579a3,1
http://secure-instagram-login.ga/secure/login,1
http://instagram-verify.ga/?token=c9ee5588cedd61b8a6b111b33ea08514,1
http://yahoo.verify-account.click/password/reset,1
http://hsbc-secure-login-verify.xyz/secure/login,1
http://secure-ebay-login.cf/banking/secure,1
http://login-bankofamerica-secure.online/banking/secure,1
http://iccfdejj.linkedin-login.live/secure/login,1
http://login-dropbox-secure.xyz/update/account,1
http://secure-dropbox-login.club/verify,1
http://aidgibbc.google-login.click/confirm/email,1
http://linkedin77-secure.online/secure/login,1
http://jcgdbdbb.dropbox-login.tk/password/reset,1
http://facebook-verify.gq/?token=466e817ecff51000609f696a5d5eff6f,1
http://office365-account-update.buzz/account/verify,1
http://bcdeheja.ebay-login.online/banking/secure,1
http://wellsfargo-verify.buzz/?token=d93aaf21e18b95773321f24275c67559,1
http://chase-account-update.click/banking/secure,1
http://facebook-account-update.gq/banking/secure,1
http://hsbc-account-update.gq/update/account,1
http://twitter-secure.cf/user/verify,1
http://apple-secure-login-verify.tk/password/reset,1
http://citibank-verify.top/?token=67a9f3997f2efbbb2bc27314db47189c,1
http://bankofamerica.verify-account.tk/verify,1
http://bankofamerica-secure-login-verify.club/auth/login,1
http://aiaceccg.paypal-login.top/user/verify,1
http://bankofamerica-account-update.online/banking/secure,1
http://yahoo.verify-account.gq/account/suspended,1
http://secure-apple-login.ga/verify/identity,1
http://netflix-verify-account.cf/verify,1
http://p4yp4l-secure.online/user/verify,1
http://apple-verify-account.online/update/account,1
http://bankofamerica-account-update.link/update/account,1
http://secure-netflix-login.ga/secure/login,1
http://citibank-account-update.cf/account/verify,1
http://chase-verify.xyz/?token=b9a77da1d63b9232cd95f90db2129a00,1
http://ieidjagd.microsoft-login.gq/update/account,1
http://dropbox15-secure.xyz/secure/login,1
http://secure-apple-login.link/account/verify,1
http://login-yahoo-secure.xyz/verify,1
http://apple-verify.ml/?token=6a674f0cc8956c8bc1e48ef6f8a78a03,1
http://outlook-verify-account.ml/verify,1
http://paypal-verify-account.gq/account/verify,1
http://citibank-verify.tk/?token=108176a18ef294b173c26c455e3de5e5,1
http://login-hsbc-secure.live/user/verify,1
http://secure-outlook-login.site/secure/login,1
http://secure-bankofamerica-login.top/update/account,1
http://yahoo-secure-login-verify.buzz/login,1
http://secure-amazon-login.click/account/verify,1
http://p4yp4l-secure.ml/password/reset,1
http://instagram11-secure.ml/confirm/email,1
http://yahoo34-secure.club/banking/secure,1
http://yahoo-account-update.top/banking/secure,1
http://login-hsbc-secure.site/secure/login,1
http://gfdjbdih.hsbc-login.tk/account/suspended,1
http://hsbc76-secure.live/signin,1
http://twitter64-secure.tk/verify/identity,1
http://paypal-verify-account.online/verify,1
http://instagram-verify-account.club/signin,1
http://secure-office365-login.buzz/secure/login,1
http://chase-secure-login-verify.cf/banking/secure,1
http://secure-office365-login.tk/auth/login,1
http://wellsfargo-account-update.link/auth/login,1
http://apple-account-update.link/password/reset,1
http://paypal77-secure.ga/account/suspended,1
http://ebay.verify-account.click/verify,1
http://login-outlook-secure.online/login,1
http://login-chase-secure.online/account/verify,1
http://facebook-verify-account.gq/verify,1
http://facebook.verify-account.live/password/reset,1
http://secure-instagram-login.link/verify/identity,1
http://office365-account-update.site/confirm/email,1
http://dfeedhca.twitter-login.xyz/confirm/email,1
http://office365-account-update.live/secure/login,1
http://eb4y-secure.site/signin,1
http://citibank-verify.ml/?token=7669d640d7b9e8b59c146abeb414eb51,1
http://google44-secure.click/account/suspended,1
http://amazon-verify-account.top/secure/login,1
http://secure-hsbc-login.top/user/verify,1
http://dropbox-account-update.click/secure/login,1
http://outlook.verify-account.tk/signin,1
http://ebay-account-update.link/update/account,1
http://dropbox-secure-login-verify.link/account/suspended,1
http://citibank-verify-account.xyz/password/reset,1
http://jgdgcdah.twitter-login.link/account/suspended,1
http://dropbox-verify.ga/?token=d0e97133374ab74bb9d35375a4117a06,1
http://citibank-account-update.live/login,1
http://yahoo22-secure.ml/login,1
http://linkedin-secure.top/verify/identity,1
http://hsbc97-secure.link/secure/login,1
http://eaejchch.chase-login.gq/account/verify,1
http://office365-secure-login-verify.live/update/account,1
http://chase-verify.click/?token=7f357d7b54f1c0e5f6869fb38526205d,1
http://google-secure-login-verify.buzz/user/verify,1
http://twitter78-secure.ml/account/suspended,1
http://chase-secure-login-verify.top/verify,1
http://gjdcicbj.microsoft-login.link/account/suspended,1
http://paypal-account-update.club/account/verify,1
http://instagram-account-update.ga/banking/secure,1
http://apple-account-update.xyz/secure/login,1
http://paypal-verify.link/?token=70230734895596ef88ff9c79d2c9621f,1
http://ebay99-secure.ga/account/suspended,1
http://office365-verify.link/?token=e7113b9a14815bf9ee8a306c04e5ed62,1
http://login-citibank-secure.ml/verify/identity,1
http://yahoo.verify-account.gq/login,1
http://amazon85-secure.buzz/verify/identity,1
http://microsoft.verify-account.click/signin,1
http://secure-google-login.online/confirm/email,1
http://secure-netflix-login.ga/user/verify,1
http://facebook-verify.xyz/?token=5fb0546017cec0ebedf4b1be8a24ba9a,1
http://b4nk0f4meric4-secure.top/secure/login,1
http://yahoo-verify-account.site/update/account,1
http://facebook.verify-account.ga/password/reset,1
http://dropbox-account-update.ml/auth/login,1
http://secure-chase-login.tk/password/reset,1
http://secure-ebay-login.gq/user/verify,1
http://secure-hsbc-login.buzz/verify/identity,1
http://0utl00k-secure.ml/banking/secure,1
http://ebay-verify-account.xyz/auth/login,1
http://linkedin97-secure.cf/signin,1
http://secure-facebook-login.site/auth/login,1
http://microsoft.verify-account.club/account/verify,1
http://apple-verify.site/?token=8201b2ffd7d0f886857b24f23202df1d,1
http://citibank-secure-login-verify.top/confirm/email,1
http://google-verify.club/?token=b23e96652a9e382452aed9a7752cf58b,1
http://facebook19-secure.ga/account/suspended,1
http://netflix.verify-account.club/account/verify,1
http://ebay-secure-login-verify.xyz/login,1
http://aciijjid.netflix-login.buzz/signin,1
http://secure-wellsfargo-login.xyz/verify,1
http://iefigcih.ebay-login.ga/user/verify,1
http://twitter-secure.top/account/suspended,1
http://citibank-secure-login-verify.link/confirm/email,1
http://twitter-verify.link/?token=ea5a6c5bbc6b2c5955ee7e608db7d2a1,1
http://microsoft-secure-login-verify.ga/login,1
http://facebook-verify-account.tk/verify/identity,1
http://instagram66-secure.top/user/verify,1
http://4pple-secure.club/user/verify,1
http://outlook-account-update.click/account/verify,1
http://b4nk0f4meric4-secure.xyz/user/verify,1
http://secure-apple-login.gq/secure/login,1
http://ch4se-secure.club/account/verify,1
http://fcgdhaei.wellsfargo-login.top/verify,1
http://login-ebay-secure.online/secure/login,1
http://facebook17-secure.ml/auth/login,1
http://microsoft-secure-login-verify.live/signin,1
http://outlook.verify-account.online/login,1
http://facebook14-secure.buzz/update/account,1
http://apple-account-update.tk/password/reset,1
http://paypal.verify-account.top/login,1
http://amazon.verify-account.link/confirm/email,1
http://micr0s0ft-secure.link/account/verify,1
http://y4h00-secure.online/signin,1
http://dropbox-secure-login-verify.site/password/reset,1
http://linkedin-secure-login-verify.live/user/verify,1
http://hsbc-verify.buzz/?token=3f918c2fc4c998fa6c152d07f900510f,1
http://secure-bankofamerica-login.live/confirm/email,1
http://outlook-account-update.ga/account/verify,1
http://netflix.verify-account.site/account/verify,1
http://chase-secure-login-verify.club/auth/login,1
http://chase-account-update.live/secure/login,1
http://wellsfargo-verify-account.ml/banking/secure,1
http://jjiebdig.office365-login.live/banking/secure,1
http://outlook-verify.top/?token=ad3c946436cfd5613624abba87fb8f59,1
http://linkedin89-secure.link/signin,1
http://bankofamerica-verify.site/?token=fce6c8cb80245e7db98ba811639f131a,1
http://dropbox53-secure.live/user/verify,1
http://secure-google-login.gq/signin,1
http://apple-secure-login-verify.site/secure/login,1
http://apple-account-update.tk/verify/identity,1
http://bankofamerica-verify-account.cf/account/suspended,1
http://chase-verify.site/?token=a80c7de2818ade10a561b2c935a080a4,1
http://login-wellsfargo-secure.gq/update/account,1
http://citibank26-secure.top/account/suspended,1
http://login-chase-secure.buzz/secure/login,1
http://aegijiia.netflix-login.club/secure/login,1
http://apple-verify-account.click/verify/identity,1
http://instagram18-secure.tk/verify,1
http://apple-account-update.site/verify/identity,1
http://g00gle-secure.link/signin,1
http://paypal89-secure.buzz/verify/identity,1
http://google-verify.ml/?token=4f43ac88c5b04d504d7515153712b9e8,1
http://yahoo-verify-account.ga/account/suspended,1
http://google39-secure.ga/verify,1
http://facebook.verify-account.top/password/reset,1
http://login-linkedin-secure.site/confirm/email,1
http://ihfgjcha.linkedin-login.ga/confirm/email,1
http://g00gle-secure.club/update/account,1
http://ebay-verify-account.click/confirm/email,1
http://hsbc-verify-account.xyz/account/suspended,1
http://bankofamerica99-secure.site/verify/identity,1
http://ebay.verify-account.live/signin,1
http://twitter-verify.buzz/?token=f6fe125dc508f69071c5097607cf078c,1
http://f4ceb00k-secure.ga/signin,1
http://daddjfce.wellsfargo-login.club/verify,1
http://secure-dropbox-login.top/confirm/email,1
http://dropbox23-secure.live/login,1
http://google-verify.gq/?token=3c21d194fe3332ff5c31afd9588481ef,1
http://secure-bankofamerica-login.buzz/account/verify,1
http://bankofamerica.verify-account.click/password/reset,1
http://instagram.verify-account.buzz/user/verify,1
http://instagram-verify.link/?token=38f80cf21895b0d65f61daf32691f8d6,1
http://netflix-verify-account.site/user/verify,1
http://linkedin-account-update.buzz/login,1
http://cdhiccca.outlook-login.click/auth/login,1
http://citibank-verify.tk/?token=6910c1f81d3e3faaf1c70a0fc364f6a2,1
http://apple-verify-account.club/signin,1
http://login-apple-secure.ml/signin,1
http://facebook-verify-account.buzz/account/verify,1
http://chase-verify-account.gq/update/account,1
http://citibank-verify-account.gq/verify/identity,1
http://dr0pb0x-secure.top/auth/login,1
http://outlook-secure-login-verify.top/password/reset,1
http://apple-account-update.online/signin,1
http://cagaggea.hsbc-login.ml/signin,1
http://login-instagram-secure.ml/verify,1
http://bankofamerica-secure-login-verify.gq/confirm/email,1
http://eggfafcf.paypal-login.online/verify/identity,1
http://paypal-verify-account.gq/account/suspended,1
http://secure-yahoo-login.gq/auth/login,1
http://login-wellsfargo-secure.ga/verify,1
http://paypal.verify-account.live/account/suspended,1
http://linkedin75-secure.cf/auth/login,1
http://wellsfargo.verify-account.ml/account/verify,1
http://twitter43-secure.gq/account/verify,1
http://eejghcbd.wellsfargo-login.tk/password/reset,1
http://microsoft-account-update.buzz/account/verify,1
http://igiidagf.yahoo-login.buzz/account/suspended,1
http://twitter-secure.ga/auth/login,1
http://secure-linkedin-login.xyz/account/verify,1
http://bankofamerica-secure-login-verify.ga/banking/secure,1
http://bankofamerica.verify-account.club/confirm/email,1
http://login-facebook-secure.club/banking/secure,1
http://ebay-account-update.cf/verify/identity,1
http://g00gle-secure.site/signin,1
http://p4yp4l-secure.site/login,1
http://twitter-verify.xyz/?token=03cadd08b0a68ee886d854a81abd732e,1
http://secure-yahoo-login.club/signin,1
http://netflix-secure-login-verify.tk/confirm/email,1
http://paypal-secure-login-verify.xyz/banking/secure,1
http://hsbc-secure.top/verify,1
http://yahoo-verify-account.xyz/password/reset,1
http://twitter-verify.buzz/?token=de49d569a3725655ebf72f852f403f96,1
http://apple-verify.link/?token=409bec841248f89cf45739670789223e,1
http://office365-account-update.live/verify,1
http://bankofamerica57-secure.club/signin,1
http://office365-secure-login-verify.top/auth/login,1
http://instagram-secure-login-verify.site/update/account,1
http://microsoft-verify.ga/?token=c565896185e6ed49daed74b1b94a3ffe,1
http://ebay.verify-account.site/banking/secure,1
http://yahoo-verify.xyz/?token=91fe1666038949096bebd74b0f31f251,1
http://eb4y-secure.top/signin,1
http://4pple-secure.site/password/reset,1
http://login-outlook-secure.club/signin,1
http://facebook.verify-account.club/secure/login,1
http://wellsf4rg0-secure.click/auth/login,1
http://login-twitter-secure.site/signin,1
http://iagegjae.dropbox-login.ml/banking/secure,1
http://secure-instagram-login.xyz/confirm/email,1
http://secure-wellsfargo-login.xyz/secure/login,1
http://instagram.verify-account.gq/password/reset,1
http://dropbox-verify.ga/?token=69bcc93a16058f20a05bb8412d8cabcd,1
http://ejgfbacd.office365-login.gq/auth/login,1
http://wellsf4rg0-secure.xyz/update/account,1
http://outlook-verify-account.click/login,1
http://outlook.verify-account.live/secure/login,1
http://secure-outlook-login.xyz/secure/login,1
http://bankofamerica-account-update.ga/banking/secure,1
http://netflix-verify.live/?token=1b0426cc27b293d67fdea076a480375c,1
http://ebay-secure-login-verify.click/auth/login,1
http://login-facebook-secure.ga/user/verify,1
http://linkedin-verify-account.club/verify/identity,1
http://citibank-secure-login-verify.site/login,1
http://secure-google-login.online/signin,1
http://amazon-secure-login-verify.gq/secure/login,1
http://twitter48-secure.club/password/reset,1
http://ieehiffg.office365-login.site/update/account,1
http://ebay.verify-account.live/verify/identity,1
http://apple-verify-account.club/update/account,1
http://login-dropbox-secure.gq/auth/login,1
http://gjifcjdc.ebay-login.live/signin,1
http://netflix-account-update.gq/secure/login,1
http://bankofamerica-secure-login-verify.online/password/reset,1
http://twitter-secure-login-verify.cf/user/verify,1
http://secure-netflix-login.click/user/verify,1
http://linkedin79-secure.ga/password/reset,1
http://office365-verify.gq/?token=3c584d67c41d1e32c3e979ad88193e3d,1
http://amazon-verify.top/?token=310bcf6a7e2e684d83af3e0d33e27c2f,1
http://instagram-secure-login-verify.ml/verify/identity,1
http://netflix-secure.online/user/verify,1
http://facebook.verify-account.tk/user/verify,1
http://twitter-verify-account.click/banking/secure,1
http://microsoft-account-update.ga/confirm/email,1
http://secure-instagram-login.club/user/verify,1
http://facebook-verify-account.ga/secure/login,1
http://eiieciee.paypal-login.ga/password/reset,1
http://apple.verify-account.buzz/confirm/email,1
http://cgeidafd.wellsfargo-login.xyz/auth/login,1
http://hsbc28-secure.site/account/verify,1
http://google-secure-login-verify.site/account/suspended,1
http://facebook-account-update.click/confirm/email,1
http://netflix-secure-login-verify.gq/update/account,1
http://idijgfga.twitter-login.ga/account/suspended,1
http://paypal56-secure.top/user/verify,1
http://wellsfargo-secure-login-verify.xyz/banking/secure,1
http://hsbc-secure-login-verify.top/signin,1
http://djebigfi.twitter-login.gq/account/verify,1
http://4m4z0n-secure.top/update/account,1
http://secure-instagram-login.tk/account/suspended,1
http://login-google-secure.site/account/suspended,1
http://login-amazon-secure.cf/signin,1
http://beibebai.twitter-login.club/verify,1
http://secure-ebay-login.xyz/user/verify,1
http://linkedin-secure-login-verify.online/banking/secure,1
http://facebook-account-update.ga/login,1
http://ebay-verify-account.buzz/signin,1
http://secure-microsoft-login.cf/verify/identity,1
http://office365-verify.tk/?token=2fc2c6fce7280c17d3f61155c3a9ce21,1
http://wellsfargo-secure-login-verify.online/auth/login,1
http://login-outlook-secure.club/password/reset,1
http://chase.verify-account.click/user/verify,1
http://login-wellsfargo-secure.click/secure/login,1
http://citibank-verify.ml/?token=cab97b80ea16d66136c60c88e05fdc9d,1
http://ddjiiaci.apple-login.live/signin,1
http://office365-verify.club/?token=bfe2ab52a24f1f3fff63860242529c7f,1
http://bhbgccaa.hsbc-login.buzz/account/suspended,1
http://apple.verify-account.ga/confirm/email,1
http://secure-netflix-login.top/verify/identity,1
http://jcjbahhc.citibank-login.online/user/verify,1
http://facebook-verify-account.live/banking/secure,1
http://google88-secure.live/banking/secure,1
http://ffjhgdbg.chase-login.link/banking/secure,1
http://ihciecjd.yahoo-login.online/password/reset,1
http://icificje.wellsfargo-login.xyz/user/verify,1
http://login-apple-secure.tk/account/suspended,1
http://outlook-secure-login-verify.gq/confirm/email,1
http://abejadie.citibank-login.site/update/account,1
http://citibank-verify.ml/?token=9ffe1980d0dd6f337bb5c08865ca1ae7,1
http://chase-verify-account.live/user/verify,1
http://amazon22-secure.ml/secure/login,1
http://4m4z0n-secure.site/signin,1
http://secure-ebay-login.xyz/account/verify,1
http://wellsfargo-verify-account.link/banking/secure,1
http://twitter.verify-account.site/secure/login,1
http://beibhfec.outlook-login.tk/user/verify,1
http://linkedin95-secure.xyz/confirm/email,1
http://facebook-verify.buzz/?token=f2e506d9efdccb3bb1cb65350b49238d,1
http://dropbox30-secure.live/login,1
http://wellsfargo-verify-account.ga/update/account,1
http://diejhiei.amazon-login.xyz/verify/identity,1
http://citibank.verify-account.live/update/account,1
http://secure-facebook-login.xyz/verify/identity,1
http://twitter-verify.top/?token=8fac21edcaaff3fb69dc475e0238d65a,1
http://login-yahoo-secure.online/secure/login,1
http://hsbc12-secure.xyz/secure/login,1
http://citibank-verify-account.site/password/reset,1
http://dropbox-verify.link/?token=83df31e4ad8ee2a910096e7202964e3a,1
http://login-yahoo-secure.ga/auth/login,1
http://linkedin-account-update.click/signin,1
http://wellsfargo32-secure.online/account/suspended,1
http://0ffice365-secure.live/account/verify,1
http://citibank-account-update.tk/update/account,1
http://secure-dropbox-login.xyz/signin,1
http://gejcbajd.twitter-login.ml/password/reset,1
http://office365-verify-account.buzz/auth/login,1
http://g00gle-secure.ml/signin,1
http://jbebhheb.instagram-login.tk/verify/identity,1
http://ebay-verify-account.cf/verify/identity,1
http://chase32-secure.click/signin,1
http://login-wellsfargo-secure.click/account/verify,1
http://twitter.verify-account.buzz/login,1
http://secure-google-login.tk/verify,1
http://login-bankofamerica-secure.ml/auth/login,1
http://netflix13-secure.club/verify/identity,1
http://bankofamerica-secure-login-verify.link/confirm/email,1
http://microsoft-secure-login-verify.click/auth/login,1
http://netflix.verify-account.ml/account/verify,1
http://dropbox-verify-account.click/user/verify,1
http://instagram-verify.link/?token=21ff8ad3a4ff5af1cb2631226b664d20,1
http://4m4z0n-secure.link/signin,1
http://ijcijjde.linkedin-login.live/verify,1
http://linkedin-secure.top/login,1
http://linkedin-verify-account.gq/verify,1
http://apple.verify-account.online/user/verify,1
http://microsoft-verify-account.gq/signin,1
http://twitter25-secure.click/update/account,1
http://facebook.verify-account.site/account/verify,1
http://dhhjahji.google-login.ga/login,1
http://bejdiadh.office365-login.cf/auth/login,1
http://apple.verify-account.tk/signin,1
http://p4yp4l-secure.tk/banking/secure,1
http://dropbox-secure-login-verify.click/update/account,1
http://secure-office365-login.tk/secure/login,1
http://yahoo-account-update.online/verify/identity,1
http://secure-google-login.gq/verify,1
http://y4h00-secure.buzz/signin,1
http://secure-dropbox-login.ga/account/suspended,1
http://login-facebook-secure.buzz/password/reset,1
http://login-instagram-secure.top/login,1
http://twitter-account-update.site/verify/identity,1
http://dr0pb0x-secure.online/account/verify,1
http://citibank-secure-login-verify.ga/user/verify,1
http://defjccib.netflix-login.link/auth/login,1
http://citibank.verify-account.cf/password/reset,1
http://dropbox-secure-login-verify.xyz/signin,1
http://gfifjchc.yahoo-login.ga/account/suspended,1
http://instagram-verify-account.buzz/login,1
http://jfghiabc.wellsfargo-login.ml/account/verify,1
http://apple-verify-account.ml/account/suspended,1
http://chase-secure-login-verify.gq/confirm/email,1
http://outlook-verify.live/?token=47c0d49d1eaa1a8a1e08ce0a623f415e,1
http://secure-dropbox-login.top/secure/login,1
http://secure-dropbox-login.ga/banking/secure,1
http://paypal-verify.click/?token=0924cefeb72e0b9b8ed98738849a9f52,1
http://yahoo-verify.gq/?token=dbe6e634493f038f7f621025b8d7d09b,1
http://secure-office365-login.club/account/suspended,1
http://instagram-account-update.buzz/account/verify,1
http://afbcfecd.chase-login.tk/login,1
http://instagram-verify-account.site/signin,1
http://login-twitter-secure.click/user/verify,1
http://fggaiice.instagram-login.xyz/banking/secure,1
http://login-bankofamerica-secure.tk/signin,1
http://agjhfbhj.yahoo-login.ga/user/verify,1
http://bicabibc.yahoo-login.xyz/password/reset,1
http://amazon-account-update.live/banking/secure,1
http://ebay-verify-account.ml/login,1
http://iegibdba.netflix-login.gq/password/reset,1
http://facebook-verify-account.live/confirm/email,1
http://google-account-update.click/verify,1
http://google-verify-account.ml/confirm/email,1
http://secure-citibank-login.ga/account/suspended,1
http://login-twitter-secure.buzz/auth/login,1
http://outlook67-secure.site/user/verify,1
http://login-facebook-secure.link/user/verify,1
http://yahoo-secure-login-verify.ga/banking/secure,1
http://facebook-verify.site/?token=eed56a00287b58d59b1835c22dc8238d,1
http://login-office365-secure.tk/update/account,1
http://dbbeicic.office365-login.tk/secure/login,1
http://google.verify-account.online/verify,1
http://login-hsbc-secure.tk/confirm/email,1
http://google68-secure.buzz/verify/identity,1
http://facebook13-secure.live/secure/login,1
http://4m4z0n-secure.click/login,1
http://p4yp4l-secure.link/verify/identity,1
http://google.verify-account.gq/verify,1
http://google-account-update.tk/account/suspended,1
http://dropbox-verify.click/?token=62f65359f462eec2c42e26c7e3a0a0a3,1
http://paypal-account-update.live/secure/login,1
http://wellsfargo21-secure.gq/password/reset,1
http://fefcbccd.chase-login.buzz/auth/login,1
http://secure-amazon-login.gq/secure/login,1
http://y4h00-secure.top/account/suspended,1
http://office365-verify.buzz/?token=ad07236a3498cbeab07b22a4e7c91820,1
http://netflix-verify-account.online/password/reset,1
http://secure-wellsfargo-login.cf/account/verify,1
http://google-secure-login-verify.ml/account/suspended,1
http://secure-ebay-login.live/secure/login,1
http://ebcehdhf.outlook-login.site/password/reset,1
http://aiicjddh.netflix-login.tk/secure/login,1
http://secure-linkedin-login.link/login,1
http://wellsfargo53-secure.click/account/verify,1
http://bihgedhi.office365-login.live/verify,1
http://login-outlook-secure.site/auth/login,1
http://paypal-verify-account.click/account/verify,1
http://login-chase-secure.ga/auth/login,1
http://outlook27-secure.ml/secure/login,1
http://hsbc-secure.site/account/suspended,1
http://b4nk0f4meric4-secure.xyz/secure/login,1
http://linkedin-account-update.ga/account/verify,1
http://netflix-account-update.click/update/account,1
http://outlook25-secure.cf/user/verify,1
http://secure-wellsfargo-login.buzz/account/verify,1
http://microsoft.verify-account.tk/signin,1
http://hsbc-verify-account.online/banking/secure,1
http://office365-account-update.xyz/user/verify,1
http://instagram-account-update.site/signin,1
http://dropbox-secure-login-verify.ga/verify,1
http://bankofamerica-secure-login-verify.ga/login,1
http://amazon-verify-account.buzz/signin,1
http://ebay-verify.click/?token=6f0120278ac79ab6bc38d015ee9b50a3,1
http://netflix.verify-account.top/update/account,1
http://chase-verify-account.ml/login,1
http://linkedin-verify-account.site/signin,1
http://outlook.verify-account.live/verify/identity,1
http://cdeifheb.linkedin-login.tk/auth/login,1
http://facebook.verify-account.ga/user/verify,1
http://outlook-account-update.ml/signin,1
http://hsbc63-secure.cf/update/account,1
http://g00gle-secure.tk/secure/login,1
http://login-linkedin-secure.ml/auth/login,1
http://citibank90-secure.buzz/login,1
http://paypal40-secure.click/verify/identity,1
http://dropbox-secure-login-verify.top/confirm/email,1
http://amazon-verify-account.online/account/suspended,1
http://microsoft-secure-login-verify.buzz/verify,1
http://p4yp4l-secure.xyz/account/verify,1
http://outlook-secure-login-verify.ga/update/account,1
http://wellsf4rg0-secure.site/signin,1
http://wellsfargo-verify.ml/?token=b9d96efa020b4164cd2e5ad8a21de142,1
http://0utl00k-secure.ml/confirm/email,1
http://netflix88-secure.ga/password/reset,1
http://microsoft67-secure.xyz/signin,1
http://login-paypal-secure.site/login,1
http://chase-verify-account.site/user/verify,1
http://secure-linkedin-login.cf/user/verify,1
http://fbhhgghf.paypal-login.buzz/banking/secure,1
http://ighhghia.wellsfargo-login.link/verify/identity,1
http://login-outlook-secure.cf/verify,1
http://chase.verify-account.site/confirm/email,1
http://instagram.verify-account.ml/update/account,1
http://login-microsoft-secure.cf/login,1
http://linkedin-account-update.site/user/verify,1
http://secure-facebook-login.ga/signin,1
http://secure-instagram-login.cf/verify/identity,1
http://login-citibank-secure.top/user/verify,1
http://4m4z0n-secure.top/user/verify,1
http://office365-secure-login-verify.club/verify,1
http://microsoft-secure-login-verify.club/verify/identity,1
http://secure-paypal-login.live/banking/secure,1
http://netflix-account-update.cf/auth/login,1
http://outlook95-secure.site/account/verify,1
http://ebay-account-update.gq/password/reset,1
http://login-outlook-secure.ml/password/reset,1
http://p4yp4l-secure.link/secure/login,1
http://chase-verify-account.top/password/reset,1
http://apple.verify-account.buzz/user/verify,1
http://login-citibank-secure.gq/login,1
http://apple79-secure.top/user/verify,1
http://affdgjcf.apple-login.top/password/reset,1
http://secure-citibank-login.tk/password/reset,1
http://netflix83-secure.click/auth/login,1
http://ihdbfhic.bankofamerica-login.click/signin,1
http://secure-amazon-login.link/login,1
http://dr0pb0x-secure.click/account/verify,1
http://paypal-secure-login-verify.live/auth/login,1
http://ebay-verify-account.top/confirm/email,1
http://amazon-secure-login-verify.tk/verify/identity,1
http://outlook-verify-account.ga/signin,1
http://netflix13-secure.link/user/verify,1
http://login-amazon-secure.tk/confirm/email,1
http://agahaebg.amazon-login.site/password/reset,1
http://netflix-verify.link/?token=44af4e8130a98560cca651410ac536e0,1
http://abccjjdh.outlook-login.live/auth/login,1
http://facebook-secure-login-verify.ga/update/account,1
http://microsoft-verify-account.club/auth/login,1
http://secure-hsbc-login.xyz/account/verify,1
http://secure-microsoft-login.tk/user/verify,1
http://paypal-account-update.top/signin,1
http://citibank26-secure.ga/auth/login,1
http://hsbc.verify-account.club/auth/login,1
http://chase-account-update.top/signin,1
http://login-netflix-secure.club/signin,1
http://linkedin.verify-account.cf/secure/login,1
http://amazon.verify-account.buzz/verify,1
http://bankofamerica-secure-login-verify.xyz/verify,1
http://linkedin-verify-account.online/login,1
http://citib4nk-secure.cf/secure/login,1
http://idfjjhef.instagram-login.club/account/verify,1
http://secure-facebook-login.tk/login,1
http://login-google-secure.club/user/verify,1
http://facebook-account-update.tk/password/reset,1
http://secure-twitter-login.online/confirm/email,1
http://yahoo-verify.online/?token=64167d7db2290f315152408b1a718267,1
http://p4yp4l-secure.gq/verify/identity,1
http://wellsfargo-verify-account.online/verify,1
http://facebook51-secure.ml/account/verify,1
http://facebook11-secure.tk/confirm/email,1
http://bankofamerica-verify-account.online/banking/secure,1
http://secure-twitter-login.top/user/verify,1
http://secure-google-login.online/password/reset,1
http://google82-secure.site/verify,1
http://wellsfargo.verify-account.club/verify/identity,1
http://login-amazon-secure.online/user/verify,1
http://twitter.verify-account.ga/confirm/email,1
http://login-ebay-secure.online/secure/login,1
http://p4yp4l-secure.ml/verify,1
http://bankofamerica.verify-account.click/login,1
http://instagram-secure-login-verify.live/auth/login,1
http://fcbidhfg.ebay-login.buzz/account/suspended,1
http://google-verify.cf/?token=4296a4b8d21129c810b3541312730177,1
http://apple.verify-account.gq/auth/login,1
http://netflix-secure.club/account/suspended,1
http://login-office365-secure.gq/password/reset,1
http://secure-paypal-login.top/password/reset,1
http://igihdhde.instagram-login.gq/login,1
http://amazon-verify-account.xyz/password/reset,1
http://secure-facebook-login.cf/auth/login,1
http://cjdfbdic.bankofamerica-login.link/update/account,1
http://login-instagram-secure.live/verify,1
http://yahoo-secure-login-verify.link/secure/login,1
http://login-instagram-secure.link/account/verify,1
http://yahoo-secure-login-verify.tk/update/account,1
http://facebook33-secure.cf/signin,1
http://office365-verify.click/?token=c909c9d5f34b79b5fa42992af147dd4b,1
http://outlook-verify-account.link/user/verify,1
http://microsoft-verify.club/?token=cd7fd6bf0beb7ddc3d059b61fa39c76e,1
http://google32-secure.xyz/verify/identity,1
http://login-hsbc-secure.top/user/verify,1
http://login-microsoft-secure.buzz/user/verify,1
http://dropbox.verify-account.online/login,1
http://4pple-secure.click/banking/secure,1
http://twitter-account-update.gq/verify,1
http://outlook61-secure.online/auth/login,1
http://login-facebook-secure.ml/update/account,1
http://citibank84-secure.top/login,1
http://outlook-verify.top/?token=2e7c5298e450f767e2e3bb59a8aace43,1
http://secure-instagram-login.tk/account/verify,1
http://microsoft18-secure.click/update/account,1
http://netflix71-secure.xyz/update/account,1
http://amazon-secure-login-verify.online/account/verify,1
http://office365-verify-account.buzz/verify,1
http://login-linkedin-secure.cf/secure/login,1
http://outlook-secure-login-verify.site/confirm/email,1
http://yahoo-verify.site/?token=c9580865e05c7958e9bd756bc7c38443,1
http://4m4z0n-secure.top/account/suspended,1
http://google-secure-login-verify.online/account/verify,1
http://twitter-account-update.club/verify,1
http://0ffice365-secure.club/update/account,1
http://office365-verify.ml/?token=054ccf1e92ecc3acb77504dba7594c1d,1
http://hsbc-account-update.click/account/suspended,1
http://secure-yahoo-login.live/user/verify,1
http://secure-paypal-login.gq/verify,1
http://apple.verify-account.site/user/verify,1
http://secure-netflix-login.buzz/confirm/email,1
http://microsoft94-secure.buzz/confirm/email,1
http://cfcbghcf.yahoo-login.tk/password/reset,1
http://login-office365-secure.ga/update/account,1
http://linkedin-verify-account.cf/confirm/email,1
http://dropbox-verify.buzz/?token=58d6e93ee6635c1771ccbad8121b18f3,1
http://secure-office365-login.online/account/verify,1
http://apple-verify-account.xyz/verify/identity,1
http://apple-secure-login-verify.click/update/account,1
http://secure-amazon-login.online/account/verify,1
http://login-amazon-secure.xyz/secure/login,1
http://dropbox-verify.site/?token=223fd55f2c40a7696dee84773bb7cd58,1
http://secure-google-login.xyz/verify/identity,1
http://yahoo.verify-account.ml/verify/identity,1
http://chase-verify-account.live/login,1
http://ghbgbaee.linkedin-login.ga/banking/secure,1
http://netflix-verify.live/?token=b9caccdb45114a35bb0ccb5154868d35,1
http://amazon-account-update.cf/user/verify,1
http://citibank-account-update.top/update/account,1
http://secure-office365-login.xyz/password/reset,1
http://hbhcbchg.hsbc-login.live/password/reset,1
http://0utl00k-secure.ml/update/account,1
http://secure-yahoo-login.live/update/account,1
http://apple-secure-login-verify.site/secure/login,1
http://apple-account-update.xyz/user/verify,1
http://chase-secure-login-verify.gq/account/suspended,1
http://g00gle-secure.click/account/suspended,1
http://netflix.verify-account.buzz/password/reset,1
http://ebay.verify-account.gq/verify,1
http://dropbox-verify-account.link/login,1
http://secure-instagram-login.club/signin,1
http://twitter80-secure.ga/confirm/email,1
http://bankofamerica-secure-login-verify.online/update/account,1
http://linkedin-account-update.click/verify,1
http://secure-paypal-login.cf/signin,1
http://p4yp4l-secure.ml/banking/secure,1
http://citibank.verify-account.tk/update/account,1
http://login-facebook-secure.club/account/verify,1
http://secure-dropbox-login.cf/login,1
http://ebay-verify.site/?token=5907adce48fe7744d5edb380184f8eb1,1
http://chase-secure-login-verify.gq/secure/login,1
http://facebook-verify.ga/?token=7c61aaab6bd650d1e910aab5fb37bfab,1
http://outlook-verify.xyz/?token=ba5f97e991d0bda0f741531d2f9663c6,1
http://hsbc-secure-login-verify.cf/confirm/email,1
http://citibank-verify-account.link/verify,1
http://login-chase-secure.site/signin,1
http://instagram-verify.link/?token=aae0b94abb1118a5ed62735553f45fce,1
http://ebay.verify-account.online/login,1
http://linkedin-verify.live/?token=803944d34702e00bdea1edcfc5943389,1
http://hsbc-verify-account.click/login,1
http://secure-twitter-login.ml/confirm/email,1
http://p4yp4l-secure.ga/banking/secure,1
http://secure-outlook-login.club/auth/login,1
http://micr0s0ft-secure.tk/confirm/email,1
http://f4ceb00k-secure.live/password/reset,1
http://twitter-verify-account.tk/auth/login,1
http://instagram.verify-account.gq/password/reset,1
http://login-yahoo-secure.online/user/verify,1
http://yahoo-verify-account.club/verify,1
http://login-google-secure.club/login,1
http://jfiijjid.outlook-login.live/user/verify,1
http://apple-verify-account.ml/verify/identity,1
http://login-hsbc-secure.gq/auth/login,1
http://login-instagram-secure.site/banking/secure,1
http://login-chase-secure.club/login,1
http://f4ceb00k-secure.xyz/verify/identity,1
http://twitter-secure-login-verify.online/login,1
http://dropbox-verify-account.gq/banking/secure,1
http://facebook-secure-login-verify.link/account/verify,1
http://yahoo.verify-account.tk/secure/login,1
http://wellsfargo-verify-account.tk/verify/identity,1
http://facebook.verify-account.online/banking/secure,1
http://twitter.verify-account.click/verify,1
http://secure-citibank-login.online/auth/login,1
http://hsbc-secure-login-verify.buzz/verify/identity,1
http://y4h00-secure.live/banking/secure,1
http://twitter39-secure.xyz/user/verify,1
http://microsoft-verify-account.cf/verify/identity,1
http://yahoo64-secure.top/signin,1
http://amazon-account-update.club/auth/login,1
http://login-facebook-secure.club/secure/login,1
http://office365-secure-login-verify.ga/update/account,1
http://chase-verify.tk/?token=3744c4885e30de3a1eba2bc9f6702c23,1
http://instagram-secure-login-verify.cf/auth/login,1
http://office365-account-update.buzz/auth/login,1
http://secure-ebay-login.xyz/confirm/email,1
http://secure-twitter-login.top/banking/secure,1
http://outlook.verify-account.club/user/verify,1
http://google.verify-account.top/login,1
http://google-verify-account.tk/secure/login,1
http://netflix.verify-account.link/signin,1
http://instagram.verify-account.gq/password/reset,1
http://facebook-secure-login-verify.link/account/verify,1
http://microsoft-verify.ga/?token=58f9ae2bf7ac8eecbbfadea30b61856c,1
http://twitter.verify-account.site/auth/login,1
http://login-office365-secure.live/login,1
http://office365-secure-login-verify.buzz/login,1
http://secure-hsbc-login.link/auth/login,1
http://microsoft-verify.cf/?token=e296738492326d903180e8bfef4b354a,1
http://dropbox-secure-login-verify.gq/account/verify,1
http://amazon-verify-account.gq/signin,1
http://dr0pb0x-secure.tk/confirm/email,1
http://login-instagram-secure.link/user/verify,1
http://office365-account-update.click/confirm/email,1
http://citibank-secure-login-verify.gq/account/verify,1
http://apple.verify-account.tk/auth/login,1
http://twitter.verify-account.gq/update/account,1
http://4m4z0n-secure.top/banking/secure,1
http://amazon.verify-account.xyz/user/verify,1
http://ffbcddih.linkedin-login.click/verify,1
http://office365-secure-login-verify.site/confirm/email,1
http://dropbox65-secure.top/login,1
http://dieefaej.twitter-login.ml/login,1
http://login-bankofamerica-secure.ga/account/verify,1
http://secure-ebay-login.xyz/confirm/email,1
http://instagram43-secure.link/verify/identity,1
http://secure-wellsfargo-login.top/verify/identity,1
http://facebook99-secure.click/confirm/email,1
http://linkedin-secure-login-verify.xyz/signin,1
http://bankofamerica39-secure.site/user/verify,1
http://amazon-secure-login-verify.xyz/account/suspended,1
http://facebook-verify-account.link/verify,1
http://secure-facebook-login.ml/secure/login,1
http://hsbc-verify.top/?token=ecfbabe9b877e649a82b39112db38f88,1
http://twitter-secure-login-verify.club/verify,1
http://twitter-secure-login-verify.link/verify,1
http://google-verify-account.ml/account/suspended,1
http://login-facebook-secure.xyz/account/verify,1
http://twitter-verify.ga/?token=f055721f7c99cc45dfe69ea9e4e1577b,1
http://apple-verify.ga/?token=e2651959180d444ccd72478fa26b697e,1
http://netflix.verify-account.xyz/confirm/email,1
http://login-instagram-secure.gq/account/suspended,1
http://gciiaiih.outlook-login.link/verify,1
http://microsoft-secure-login-verify.online/signin,1
http://faejccgd.hsbc-login.club/auth/login,1
http://login-twitter-secure.top/login,1
http://netflix98-secure.link/auth/login,1
http://google.verify-account.club/user/verify,1
http://login-netflix-secure.club/account/suspended,1
http://microsoft40-secure.xyz/password/reset,1
http://login-ebay-secure.tk/verify,1
http://ihifeffb.hsbc-login.online/auth/login,1
http://ebay71-secure.xyz/secure/login,1
http://yahoo-verify.buzz/?token=b74ed679295ccd2d12d6cb42a8c8dc78,1
http://secure-yahoo-login.online/account/verify,1
http://apple-verify-account.tk/login,1
http://secure-paypal-login.ml/account/verify,1
http://login-paypal-secure.xyz/signin,1
http://wellsfargo-secure-login-verify.club/confirm/email,1
http://login-microsoft-secure.xyz/login,1
http://ebay-verify.live/?token=5b27d0ba58efd9366e662cf09f4ba591,1
http://wellsfargo45-secure.ml/login,1
http://bankofamerica-secure-login-verify.buzz/user/verify,1
http://hsbc12-secure.link/signin,1
http://amazon-secure-login-verify.top/confirm/email,1
http://citibank-verify-account.cf/signin,1
http://paypal48-secure.live/confirm/email,1
http://google-account-update.buzz/signin,1
http://linkedin-verify.xyz/?token=2b383612a6602ec233c3622224b2446b,1
http://paypal.verify-account.gq/verify/identity,1
http://citibank-verify.ml/?token=738a3c9c86f7437ca92a98fcb1ff9115,1
http://apple-secure-login-verify.club/secure/login,1
http://ebay-verify-account.ml/verify/identity,1
http://login-microsoft-secure.online/password/reset,1
http://apple.verify-account.cf/signin,1
http://yahoo-secure-login-verify.top/verify,1
http://secure-twitter-login.ml/verify,1
http://login-ebay-secure.club/update/account,1
http://y4h00-secure.tk/banking/secure,1
http://twitter44-secure.buzz/account/suspended,1
http://apple97-secure.tk/auth/login,1
http://linkedin-secure.gq/banking/secure,1
http://login-bankofamerica-secure.top/verify/identity,1
http://secure-apple-login.xyz/user/verify,1
http://apple-verify.link/?token=75a5b088091dc71cc2f56ab297c55dc0,1
http://wellsfargo10-secure.online/verify/identity,1
http://dropbox81-secure.tk/login,1
http://amazon.verify-account.tk/signin,1
http://secure-chase-login.xyz/user/verify,1
http://hsbc-verify-account.click/signin,1
http://bankofamerica-verify-account.ml/confirm/email,1
http://amazon-account-update.buzz/update/account,1
http://secure-hsbc-login.xyz/user/verify,1
http://netflix-verify.xyz/?token=b0fa9e59b262fe6c313370ce9605962c,1
http://iajhacad.dropbox-login.ga/verify/identity,1
http://office365-secure-login-verify.live/user/verify,1
http://instagram-verify-account.live/verify,1
http://hsbc66-secure.cf/account/verify,1
http://twitter-account-update.online/verify/identity,1
http://bankofamerica-secure-login-verify.link/verify,1
http://jehefchc.outlook-login.xyz/confirm/email,1
http://linkedin-account-update.online/auth/login,1
http://office36539-secure.cf/verify,1
http://ebadeeca.wellsfargo-login.click/password/reset,1
http://chase55-secure.club/user/verify,1
http://secure-google-login.gq/confirm/email,1
http://netflix-secure.site/verify,1
http://ebay51-secure.xyz/auth/login,1
http://hggiaabh.microsoft-login.xyz/banking/secure,1
http://wellsf4rg0-secure.tk/user/verify,1
http://hedgbgeg.apple-login.gq/verify/identity,1
http://instagram-verify-account.gq/secure/login,1
http://secure-facebook-login.xyz/signin,1
http://facebook.verify-account.club/update/account,1
http://ch4se-secure.link/login,1
http://f4ceb00k-secure.link/confirm/email,1
http://google37-secure.gq/signin,1
http://facebook.verify-account.gq/verify/identity,1
http://twitter.verify-account.club/password/reset,1
http://aiaebbfa.bankofamerica-login.xyz/banking/secure,1
http://chase.verify-account.buzz/account/suspended,1
http://chase-account-update.live/login,1
http://google-secure-login-verify.xyz/login,1
http://linkedin-account-update.live/user/verify,1
http://linkedin-secure.click/account/suspended,1
http://netflix-verify-account.buzz/user/verify,1
http://secure-paypal-login.cf/update/account,1
http://4m4z0n-secure.ga/confirm/email,1
http://afgjjjdg.outlook-login.site/account/suspended,1
http://facebook41-secure.online/update/account,1
http://chase28-secure.live/user/verify,1
http://amazon-verify-account.gq/confirm/email,1
http://amazon-verify.xyz/?token=3340087a251a5d1e45943e39fda107cf,1
http://netflix11-secure.ml/password/reset,1
http://google-secure-login-verify.club/account/verify,1
http://bankofamerica-secure-login-verify.cf/verify,1
http://facebook-verify.cf/?token=2cac95c6e7b5aa804fa6282dc8b0dc8e,1
http://bankofamerica.verify-account.club/update/account,1
http://office365-verify.click/?token=f3cc56e0d706ca51fce985c8b67d6ad5,1
http://facebook.verify-account.tk/password/reset,1
http://login-facebook-secure.tk/update/account,1
http://microsoft-verify.online/?token=543062df2b3f5515b2aa9fd263d20923,1
http://diigjbhe.facebook-login.click/auth/login,1
http://login-paypal-secure.xyz/verify,1
http://login-netflix-secure.site/secure/login,1
http://secure-apple-login.live/account/verify,1
http://apple-verify-account.xyz/secure/login,1
http://ghjihajj.twitter-login.cf/banking/secure,1
http://yahoo-account-update.site/account/suspended,1
http://p4yp4l-secure.live/verify,1
http://apple-account-update.xyz/password/reset,1
http://secure-amazon-login.cf/account/suspended,1
http://secure-instagram-login.link/verify,1
http://secure-hsbc-login.club/update/account,1
http://microsoft-account-update.ga/update/account,1
http://secure-amazon-login.click/verify/identity,1
http://outlook16-secure.tk/confirm/email,1
http://citibank-account-update.cf/confirm/email,1
http://paypal86-secure.live/login,1
http://instagram-verify.link/?token=1033d6449b479be7a939d9ad92e30cb7,1
http://micr0s0ft-secure.top/banking/secure,1
http://outlook-secure-login-verify.xyz/update/account,1
http://office365-secure-login-verify.gq/confirm/email,1
http://hsbc-secure-login-verify.click/login,1
http://secure-instagram-login.buzz/confirm/email,1
http://google-secure-login-verify.site/auth/login,1
http://fhhdajdb.chase-login.gq/login,1
http://linkedin-account-update.site/verify/identity,1
http://instagram11-secure.site/confirm/email,1
http://linkedin-secure-login-verify.live/user/verify,1
http://secure-facebook-login.club/account/verify,1
http://facebook-secure-login-verify.top/verify,1
http://secure-microsoft-login.tk/secure/login,1
http://twitter-secure-login-verify.ga/verify/identity,1
http://apple93-secure.link/account/suspended,1
http://gbffiahj.office365-login.buzz/update/account,1
http://ebay-verify-account.live/user/verify,1
http://ebay-account-update.top/verify,1
http://linkedin-verify-account.link/account/suspended,1
http://ebay-secure-login-verify.site/password/reset,1
http://login-twitter-secure.ga/account/verify,1
http://secure-bankofamerica-login.click/account/verify,1
http://linkedin95-secure.club/verify,1
http://amazon-account-update.gq/auth/login,1
http://instagram-account-update.ga/secure/login,1
http://amazon-account-update.click/account/suspended,1
http://google95-secure.tk/account/suspended,1
http://0utl00k-secure.club/confirm/email,1
http://chase69-secure.buzz/secure/login,1
http://ehehhjhj.wellsfargo-login.buzz/user/verify,1
http://bankofamerica-account-update.ga/update/account,1
http://citibank-verify.gq/?token=9e0560608ccea5af73927c0c6f0e1b8a,1
http://twitter85-secure.ml/account/verify,1
http://microsoft-secure-login-verify.cf/verify,1
http://micr0s0ft-secure.link/secure/login,1
http://twitter.verify-account.live/auth/login,1
http://secure-netflix-login.ga/verify/identity,1
http://hicieege.citibank-login.link/signin,1
http://micr0s0ft-secure.live/login,1
http://office365-verify-account.live/password/reset,1
http://secure-dropbox-login.online/update/account,1
http://apple80-secure.tk/signin,1
http://dcighbif.hsbc-login.tk/auth/login,1
http://hsbc-verify.cf/?token=a14c47a2687d1130fd1b84a65778b8f4,1
http://secure-amazon-login.xyz/login,1
http://secure-dropbox-login.link/password/reset,1
http://secure-apple-login.tk/secure/login,1
http://bankofamerica-account-update.club/password/reset,1
http://microsoft.verify-account.top/login,1
http://linkedin-verify-account.ga/user/verify,1
http://login-netflix-secure.click/confirm/email,1
http://g00gle-secure.club/verify,1
http://netflix-secure-login-verify.tk/account/verify,1
http://secure-ebay-login.gq/update/account,1
http://secure-outlook-login.click/confirm/email,1
http://secure-paypal-login.site/password/reset,1
http://yahoo-verify.buzz/?token=6f59f84ddc4615d23af15876dd0291ba,1
http://secure-hsbc-login.xyz/auth/login,1
http://wellsfargo-verify-account.site/banking/secure,1
http://outlook-account-update.click/verify,1
http://wellsf4rg0-secure.xyz/signin,1
http://dropbox-secure-login-verify.tk/verify,1
http://login-microsoft-secure.gq/password/reset,1
http://login-instagram-secure.online/password/reset,1
http://facebook-verify.buzz/?token=4705e761f6cd9d5c98246e9f9735447c,1
http://chase-secure-login-verify.top/login,1
http://facebook37-secure.link/user/verify,1
http://chase-secure-login-verify.live/login,1
http://instagram-verify.link/?token=7d7ba06e7a4d2eb2c8b6c42e03540fe1,1
http://chase.verify-account.gq/secure/login,1
http://google-verify-account.click/verify,1
http://afjdeaja.chase-login.tk/confirm/email,1
http://wellsfargo.verify-account.site/account/verify,1
http://bankofamerica-verify.club/?token=fc1ace0ca34b5be93609024032dc11b3,1
http://facebook-secure-login-verify.ml/banking/secure,1
http://paypal.verify-account.club/update/account,1
http://outlook-verify.online/?token=40d4d4385d340ea253fdcc3faf6ee46e,1
http://p4yp4l-secure.buzz/login,1
http://apple-verify.top/?token=0e4003388b70f5a7a0f51a593391b44c,1
http://wellsfargo-account-update.ga/update/account,1
http://amazon.verify-account.buzz/update/account,1
http://secure-hsbc-login.buzz/login,1
http://secure-chase-login.gq/signin,1
http://outlook-secure-login-verify.ml/banking/secure,1
http://netflix-account-update.top/secure/login,1
http://google.verify-account.link/update/account,1
http://login-linkedin-secure.online/user/verify,1
http://yahoo.verify-account.click/update/account,1
http://wellsfargo-secure-login-verify.gq/secure/login,1
http://citibank43-secure.ga/secure/login,1
http://hhhdbfgc.linkedin-login.buzz/account/verify,1
http://ceciicfg.ebay-login.ga/account/suspended,1
http://office365-account-update.ml/verify,1
http://login-amazon-secure.site/update/account,1
http://citibank-verify.ml/?token=5d374838bc9961ac761e7fe50f6c6aae,1
http://yahoo-secure-login-verify.top/secure/login,1
http://google.verify-account.ml/account/suspended,1
http://inst4gr4m-secure.site/login,1
http://apple-verify-account.buzz/update/account,1
http://apple-account-update.click/signin,1
http://hsbc77-secure.gq/confirm/email,1
http://ebay84-secure.top/account/verify,1
http://bankofamerica-verify.live/?token=9206839efeef0bd2f8ec7c4c7d1c04ad,1
http://hsbc-secure-login-verify.buzz/user/verify,1
http://outlook-secure-login-verify.buzz/account/suspended,1
http://0ffice365-secure.link/login,1
http://office36528-secure.click/password/reset,1
http://yahoo-secure-login-verify.link/secure/login,1
http://yahoo-verify-account.xyz/verify,1
http://dropbox-verify-account.club/secure/login,1
http://hsbc-secure.cf/account/verify,1
http://linkedin-secure.ga/update/account,1
http://apple16-secure.ga/auth/login,1
http://facebook.verify-account.ml/auth/login,1
http://twitter33-secure.top/confirm/email,1
http://secure-hsbc-login.click/update/account,1
http://login-netflix-secure.ga/verify,1
http://apple-account-update.site/verify/identity,1
http://secure-paypal-login.ml/login,1
http://bankofamerica-verify-account.top/user/verify,1
http://netflix-account-update.ga/login,1
http://eehbjhdi.paypal-login.ga/account/verify,1
http://secure-hsbc-login.link/confirm/email,1
http://dropbox50-secure.site/user/verify,1
http://secure-instagram-login.buzz/login,1
http://twitter-account-update.live/update/account,1
http://amazon-account-update.tk/verify,1
http://ibacjhaf.yahoo-login.online/verify/identity,1
http://hsbc.verify-account.tk/verify/identity,1
http://secure-paypal-login.tk/banking/secure,1
http://secure-facebook-login.live/verify/identity,1
http://linkedin-secure.xyz/update/account,1
http://hsbc-secure-login-verify.link/account/suspended,1
http://twitter-verify.live/?token=59714170378ce04d7161c28cfa96f025,1
http://secure-outlook-login.buzz/account/suspended,1
http://instagram-account-update.club/account/verify,1
http://hsbc-verify-account.site/verify/identity,1
http://facebook-verify-account.tk/verify,1
http://login-google-secure.xyz/signin,1
http://hsbc-account-update.online/login,1
http://chase-secure-login-verify.buzz/auth/login,1
http://ebay-verify-account.xyz/password/reset,1
http://hsbc-verify.link/?token=ea4dcb935cf861cc10ed1cfec00f6347,1
http://netflix-secure.ga/account/suspended,1
http://office365-account-update.link/account/verify,1
http://linkedin-verify.cf/?token=87e7138a16af464b6f61e5c04c850e11,1
http://secure-bankofamerica-login.click/verify,1
http://ch4se-secure.site/verify,1
http://citibank79-secure.tk/confirm/email,1
http://google.verify-account.ml/verify/identity,1
http://apple83-secure.xyz/password/reset,1
http://bdijeafd.facebook-login.ml/user/verify,1
http://yahoo-secure-login-verify.top/account/verify,1
http://secure-instagram-login.club/password/reset,1
http://gjaddcfg.citibank-login.ml/user/verify,1
http://office365-account-update.gq/signin,1
http://netflix-account-update.buzz/signin,1
http://0ffice365-secure.click/login,1
http://twitter-account-update.site/auth/login,1
http://facebook-verify-account.tk/password/reset,1
http://facebook-verify-account.link/verify,1
http://facebook47-secure.click/signin,1
http://outlook78-secure.live/signin,1
http://login-apple-secure.link/confirm/email,1
http://citibank-secure-login-verify.online/banking/secure,1
http://linkedin.verify-account.xyz/signin,1
http://faddbiah.microsoft-login.online/update/account,1
http://facebook-verify.site/?token=12dff50090e535d4bc86cda5aced9e12,1
http://yahoo-verify-account.click/account/suspended,1
http://google-verify.club/?token=c63333242d5ad00555afdcf2dbfa6e88,1
http://office36580-secure.buzz/login,1
http://facebook.verify-account.top/verify/identity,1
http://facebook.verify-account.live/verify/identity,1
http://ebay-verify.xyz/?token=05c10dd79d73069d18bfb426700b0e6a,1
http://login-google-secure.ga/verify,1
http://facebook.verify-account.ga/account/verify,1
http://login-apple-secure.tk/password/reset,1
http://outlook33-secure.buzz/account/verify,1
http://hsbc-verify-account.buzz/user/verify,1
http://0utl00k-secure.club/update/account,1
http://wellsfargo-secure-login-verify.club/banking/secure,1
http://microsoft-secure-login-verify.live/login,1
http://secure-chase-login.link/user/verify,1
http://login-paypal-secure.live/auth/login,1
http://cabgjbjg.microsoft-login.link/password/reset,1
http://chase.verify-account.site/confirm/email,1
http://login-office365-secure.live/account/verify,1
http://linkedin-verify.gq/?token=c497c0f900c73bfd338cf344a1ec7ae1,1
http://ebay.verify-account.top/confirm/email,1
http://linkedin-verify.tk/?token=30aa6141247ee9d32e0d724d5229e3ae,1
http://secure-paypal-login.click/user/verify,1
http://0utl00k-secure.click/confirm/email,1
http://b4nk0f4meric4-secure.ml/signin,1
http://facebook-verify.top/?token=a028a2e7fbd22276fe7235e79207a81f,1
http://paypal-account-update.xyz/login,1
http://amazon-secure-login-verify.live/update/account,1
http://wellsfargo.verify-account.tk/user/verify,1
http://ch4se-secure.live/account/verify,1
http://chase-verify-account.top/secure/login,1
http://office365.verify-account.cf/verify/identity,1
http://login-netflix-secure.link/banking/secure,1
http://linkedin.verify-account.top/banking/secure,1
http://amazon-verify.online/?token=8842c86a4df5aee9e390ef0808c906cf,1
http://chase-secure-login-verify.site/user/verify,1
http://dropbox-secure-login-verify.ml/update/account,1
http://facebook-verify-account.ml/verify,1
http://ebay-account-update.xyz/update/account,1
http://eaeedfgd.netflix-login.live/password/reset,1
http://ebay-secure-login-verify.ga/user/verify,1
http://bankofamerica-account-update.ml/signin,1
http://0ffice365-secure.ga/update/account,1
http://secure-dropbox-login.link/signin,1
http://linkedin37-secure.gq/account/suspended,1
http://microsoft.verify-account.ml/account/suspended,1
http://amazon-account-update.xyz/account/suspended,1
http://secure-wellsfargo-login.ml/password/reset,1
http://google-verify.link/?token=d6c910e45325ffc4c7c7bb2131a824f3,1
http://ccdchcih.twitter-login.club/banking/secure,1
http://linkedin-verify.tk/?token=b3591e73ad2ad207bd723c822862fc2d,1
http://linkedin-secure-login-verify.link/auth/login,1
http://facebook-verify-account.gq/password/reset,1
http://bankofamerica-verify.ml/?token=507dfd66a27f4de0b1583089d7c3e06e,1
http://bankofamerica.verify-account.xyz/user/verify,1
http://y4h00-secure.site/verify/identity,1
http://login-amazon-secure.tk/login,1
http://ebay-verify.online/?token=da874fbb34ee4052239731fc8f61436c,1
http://outlook.verify-account.buzz/signin,1
http://amazon-verify-account.ml/verify,1
http://hsbc-verify.buzz/?token=538777e2481baf3e98666d17202b54d2,1
http://citibank-verify-account.link/auth/login,1
http://google.verify-account.site/account/verify,1
http://dropbox-verify-account.link/auth/login,1
http://twitter-secure.gq/user/verify,1
http://paypal.verify-account.buzz/verify/identity,1
http://yahoo-verify-account.live/verify,1
http://hsbc-secure.club/user/verify,1
http://login-chase-secure.gq/verify,1
http://citibank-account-update.top/user/verify,1
http://instagram21-secure.link/verify/identity,1
http://login-bankofamerica-secure.buzz/auth/login,1
http://paypal-verify.click/?token=9a7fc05b36bd7c31c7fd035f2b2beacd,1
http://hsbc-verify-account.ga/confirm/email,1
http://login-bankofamerica-secure.buzz/verify/identity,1
http://dropbox-secure-login-verify.ga/confirm/email,1
http://apple-account-update.club/signin,1
http://chase.verify-account.online/account/suspended,1
http://wellsfargo-account-update.site/account/verify,1
http://chase.verify-account.ga/verify/identity,1
http://amazon79-secure.buzz/login,1
http://bankofamerica-secure-login-verify.link/verify/identity,1
http://ecgiiceb.google-login.gq/password/reset,1
http://chase-verify-account.click/signin,1
http://wellsfargo-secure-login-verify.cf/account/verify,1
http://secure-ebay-login.xyz/password/reset,1
http://outlook-verify.ga/?token=cac3940fdcb6e74b8359f8f74e7afbd2,1
http://paypal-account-update.ml/banking/secure,1
http://paypal-verify.cf/?token=0082b4412336833a1e68745ac26e31ef,1
http://chase-account-update.tk/account/suspended,1
http://bankofamerica-verify.online/?token=c118a9699667766aed22b12159dd0617,1
http://micr0s0ft-secure.ga/account/suspended,1
http://ebay-verify-account.xyz/user/verify,1
http://chase-secure-login-verify.ga/auth/login,1
http://secure-paypal-login.ml/auth/login,1
http://hjjaiica.wellsfargo-login.ml/update/account,1
http://amazon67-secure.buzz/password/reset,1
http://haaggicf.hsbc-login.ml/login,1
http://facebook-account-update.cf/update/account,1
http://0ffice365-secure.live/signin,1
http://ebay.verify-account.club/account/suspended,1
http://secure-linkedin-login.tk/password/reset,1
http://login-apple-secure.click/secure/login,1
http://login-hsbc-secure.xyz/user/verify,1
http://dropbox-secure-login-verify.ml/account/suspended,1
http://twitter-secure-login-verify.link/user/verify,1
http://netflix20-secure.ml/verify,1
http://secure-dropbox-login.link/secure/login,1
http://iggbafga.facebook-login.cf/login,1
http://linkedin-secure-login-verify.top/auth/login,1
http://microsoft-account-update.buzz/confirm/email,1
http://secure-amazon-login.club/login,1
http://secure-office365-login.top/banking/secure,1
http://4m4z0n-secure.ml/verify/identity,1
http://amazon-account-update.site/update/account,1
http://secure-wellsfargo-login.click/confirm/email,1
http://google-account-update.site/update/account,1
http://citib4nk-secure.online/user/verify,1
http://paypal-verify.gq/?token=3abdf69a13b6a1cb20a2841ca7f86569,1
http://login-microsoft-secure.site/verify,1
http://google-verify.club/?token=eda976e68cc4afd36c5853e761c3dc4f,1
http://microsoft-verify.ga/?token=043e294ef53f0cb4f837c0895568e268,1
http://secure-outlook-login.live/confirm/email,1
http://netflix-secure.club/confirm/email,1
http://dcfcifaf.paypal-login.online/auth/login,1
http://gfadafhf.yahoo-login.xyz/banking/secure,1
http://secure-netflix-login.top/user/verify,1
http://netflix-account-update.click/update/account,1
http://login-twitter-secure.online/secure/login,1
http://citib4nk-secure.cf/banking/secure,1
http://outlook-account-update.ml/signin,1
http://yahoo45-secure.online/confirm/email,1
http://citib4nk-secure.ml/verify,1
http://facebook-account-update.tk/verify,1
http://secure-dropbox-login.live/account/suspended,1
http://p4yp4l-secure.gq/update/account,1
http://netflix-secure.click/account/verify,1
http://login-amazon-secure.xyz/login,1
http://hjefgafh.outlook-login.top/account/verify,1
http://bhajidhg.yahoo-login.tk/signin,1
http://instagram-verify.ml/?token=d1749315aa6f27b78090aa373ed085d1,1
http://microsoft21-secure.online/signin,1
http://ebay98-secure.online/password/reset,1
http://secure-twitter-login.gq/auth/login,1
http://secure-yahoo-login.click/secure/login,1
http://igachcee.paypal-login.ga/password/reset,1
http://wellsfargo.verify-account.site/user/verify,1
http://iebaabih.twitter-login.cf/user/verify,1
http://login-apple-secure.buzz/verify/identity,1
http://secure-google-login.buzz/auth/login,1
http://login-apple-secure.live/account/verify,1
http://jbibffac.hsbc-login.site/verify/identity,1
http://bankofamerica-account-update.ml/banking/secure,1
http://chase-secure-login-verify.live/account/verify,1
http://linkedin68-secure.ml/account/verify,1
http://paypal-verify-account.xyz/secure/login,1
http://login-facebook-secure.site/signin,1
http://apple23-secure.online/account/suspended,1
http://office365-secure-login-verify.tk/password/reset,1
http://google54-secure.live/verify,1
http://yahoo-secure-login-verify.xyz/secure/login,1
http://microsoft-verify.xyz/?token=3de0acdcbb88d8394bba895a50f9659e,1
http://gijecgdj.wellsfargo-login.buzz/login,1
http://microsoft40-secure.site/signin,1
http://paypal-account-update.gq/banking/secure,1
http://cfeeebjh.linkedin-login.club/verify,1
http://secure-apple-login.link/banking/secure,1
http://login-wellsfargo-secure.club/login,1
http://wellsfargo-secure-login-verify.link/confirm/email,1
http://chase-secure-login-verify.buzz/verify/identity,1
http://jjgejiei.apple-login.link/verify,1
http://eigfgdaj.twitter-login.click/user/verify,1
http://fedbciid.microsoft-login.click/auth/login,1
http://linkedin-secure-login-verify.buzz/confirm/email,1
http://secure-office365-login.ml/signin,1
http://google-secure-login-verify.gq/verify/identity,1
http://twitter30-secure.site/account/suspended,1
http://secure-chase-login.cf/user/verify,1
http://igabgghf.paypal-login.top/password/reset,1
http://google-verify.online/?token=d70ef3e72cb230a0e6fbbab7fd5b5da5,1
http://login-amazon-secure.cf/user/verify,1
http://citibank-verify.xyz/?token=c542aac9d32339b6aae87d61b762a586,1
http://apple.verify-account.click/update/account,1
http://agigidda.amazon-login.buzz/auth/login,1
http://microsoft-verify.tk/?token=ffcb1c2715163adb0022617cd3640162,1
http://dr0pb0x-secure.gq/account/verify,1
http://hsbc-verify-account.top/auth/login,1
http://fghddifa.paypal-login.ml/verify/identity,1
http://twitter-account-update.live/secure/login,1
http://secure-apple-login.ga/confirm/email,1
http://facebook-secure-login-verify.link/signin,1
http://yahoo-secure-login-verify.xyz/verify/identity,1
http://ebay-secure-login-verify.live/verify/identity,1
http://dedegagb.office365-login.gq/banking/secure,1
http://secure-yahoo-login.link/update/account,1
http://google-verify-account.gq/login,1
http://citibank-secure-login-verify.cf/verify,1
http://g00gle-secure.xyz/banking/secure,1
http://netflix-secure.ga/update/account,1
http://secure-outlook-login.click/secure/login,1
http://linkedin-verify-account.link/account/verify,1
http://ebay.verify-account.online/account/verify,1
http://fcajhgii.apple-login.cf/auth/login,1
http://b4nk0f4meric4-secure.link/account/verify,1
http://apple-verify-account.tk/update/account,1
http://wellsfargo80-secure.club/account/suspended,1
http://wellsfargo-secure-login-verify.buzz/secure/login,1
http://instagram.verify-account.ga/password/reset,1
http://login-bankofamerica-secure.ga/secure/login,1
http://google12-secure.tk/login,1
http://microsoft-verify.click/?token=06c2667b12f67c688fbdf32fe09a43c5,1
http://ehjheebd.paypal-login.ml/secure/login,1
http://hsbc-verify.tk/?token=d71f6619615d1edac1772f1ca3f60298,1
http://jeebeigb.facebook-login.online/auth/login,1
http://google-account-update.link/account/suspended,1
http://login-bankofamerica-secure.ga/account/suspended,1
http://secure-wellsfargo-login.club/confirm/email,1
http://chase-account-update.site/verify,1
http://login-outlook-secure.top/account/suspended,1
http://dropbox-secure-login-verify.site/login,1
http://login-paypal-secure.click/secure/login,1
http://outlook-account-update.top/user/verify,1
http://facebook57-secure.xyz/account/suspended,1
http://instagram13-secure.cf/login,1
http://secure-outlook-login.link/user/verify,1
http://dropbox-secure-login-verify.ga/user/verify,1
http://google-verify.gq/?token=0ead4f15281fe0b5a72ccd071dac9cb6,1
http://hsbc-verify.link/?token=0b10ae32be23df979a36c85996a98c01,1
http://login-google-secure.xyz/confirm/email,1
http://paypal-verify.link/?token=18ad90d8afaa3d01ee3771360d229a08,1
http://twitter88-secure.xyz/verify,1
http://ebay23-secure.link/auth/login,1
http://ebay.verify-account.ga/account/suspended,1
http://secure-instagram-login.ml/banking/secure,1
http://dropbox-verify-account.ml/auth/login,1
http://facebook-secure-login-verify.site/signin,1
http://inst4gr4m-secure.gq/password/reset,1
http://linkedin-secure-login-verify.click/user/verify,1
http://amazon-secure-login-verify.ml/confirm/email,1
http://hsbc31-secure.top/password/reset,1
http://login-hsbc-secure.link/verify,1
http://linkedin.verify-account.gq/account/verify,1
http://dropbox.verify-account.cf/user/verify,1
http://ch4se-secure.xyz/banking/secure,1
http://outlook-secure-login-verify.link/auth/login,1
http://linkedin-secure-login-verify.link/login,1
http://dropbox-secure-login-verify.gq/verify/identity,1
http://login-paypal-secure.ml/login,1
http://paypal-verify-account.live/account/suspended,1
http://yahoo.verify-account.link/verify,1
http://amazon-verify-account.ml/verify,1
http://chase-account-update.click/secure/login,1
http://fjfbbjcb.ebay-login.xyz/secure/login,1
http://facebook-verify-account.ga/update/account,1
http://amazon93-secure.ml/verify/identity,1
http://bankofamerica-verify-account.gq/login,1
http://ebay46-secure.buzz/account/verify,1
http://b4nk0f4meric4-secure.click/account/suspended,1
http://instagram.verify-account.link/confirm/email,1
http://login-outlook-secure.link/auth/login,1
http://linkedin-account-update.buzz/verify/identity,1
http://ebay-account-update.ga/verify/identity,1
http://netflix-account-update.ml/secure/login,1
http://wellsfargo-secure-login-verify.ml/user/verify,1
http://login-apple-secure.xyz/verify/identity,1
http://login-paypal-secure.gq/user/verify,1
http://haiahhdj.instagram-login.tk/verify,1
http://secure-ebay-login.site/user/verify,1
http://amazon-account-update.tk/verify,1
http://dropbox-verify-account.top/account/verify,1
http://dropbox.verify-account.club/secure/login,1
http://chase-verify-account.cf/verify,1
http://paypal.verify-account.top/verify,1
http://twitter.verify-account.live/signin,1
http://netflix.verify-account.club/update/account,1
http://secure-microsoft-login.site/verify,1
http://wellsfargo-account-update.club/signin,1
http://microsoft-account-update.club/update/account,1
http://ebigddib.wellsfargo-login.ml/confirm/email,1
http://paypal-verify-account.site/confirm/email,1
http://hsbc-account-update.click/verify/identity,1
http://paypal.verify-account.xyz/user/verify,1
http://login-facebook-secure.live/account/suspended,1
http://abbdcdaa.twitter-login.gq/verify,1
http://secure-netflix-login.buzz/verify/identity,1
http://microsoft-verify-account.site/password/reset,1
http://linkedin-secure.ga/password/reset,1
http://outlook-verify.link/?token=81c19f57cb25e6f86359e21047dddc32,1
http://chase.verify-account.tk/update/account,1
http://amazon-verify.ml/?token=549e8f2652729f06c6a20c3ced675b3c,1
http://facebook11-secure.ml/verify,1
http://microsoft94-secure.online/verify,1
http://efbhigaj.wellsfargo-login.ml/verify/identity,1
http://facebook-verify-account.ga/secure/login,1
http://secure-linkedin-login.site/user/verify,1
http://eb4y-secure.xyz/verify/identity,1
http://ebay-secure-login-verify.buzz/password/reset,1
http://wellsfargo-verify.ml/?token=a0a887a30c1ea53a63d62cc7b9d750a2,1
http://hsbc-secure.club/password/reset,1
http://bankofamerica-secure-login-verify.top/secure/login,1
http://microsoft-secure-login-verify.live/account/suspended,1
http://secure-amazon-login.club/confirm/email,1
http://login-wellsfargo-secure.cf/account/verify,1
http://chase.verify-account.xyz/login,1
http://secure-bankofamerica-login.ga/banking/secure,1
http://netflix-verify-account.cf/confirm/email,1
http://secure-hsbc-login.link/confirm/email,1
http://instagram-account-update.live/signin,1
http://netflix-verify-account.click/confirm/email,1
http://paypal.verify-account.live/verify/identity,1
http://twitter-verify-account.cf/account/suspended,1
http://citibank-account-update.cf/verify,1
http://icjbbeif.microsoft-login.top/update/account,1
http://dr0pb0x-secure.top/verify/identity,1
http://citibank-account-update.link/account/suspended,1
http://secure-twitter-login.site/secure/login,1
http://ebay-secure-login-verify.xyz/secure/login,1
http://google22-secure.club/update/account,1
http://0utl00k-secure.online/banking/secure,1
http://google.verify-account.link/banking/secure,1
http://secure-ebay-login.site/account/verify,1
http://linkedin-secure.buzz/verify,1
http://facebook-account-update.cf/auth/login,1
http://aecdhhfd.hsbc-login.cf/secure/login,1
http://twitter-secure.club/user/verify,1
http://login-facebook-secure.gq/secure/login,1
http://chase-secure-login-verify.buzz/account/verify,1
http://apple.verify-account.top/auth/login,1
http://amazon-verify.cf/?token=c25e49af2f819c0ef3a63d2e0e745e19,1
http://outlook-account-update.cf/secure/login,1
http://hsbc-secure-login-verify.xyz/confirm/email,1
http://google-verify.online/?token=79f087c860886fe527539c153b6ea172,1
http://paypal62-secure.cf/account/verify,1
http://citib4nk-secure.xyz/update/account,1
http://instagram-verify.buzz/?token=e02d044a058b8cc0784636140d646a1d,1
http://secure-citibank-login.ga/secure/login,1
http://login-outlook-secure.buzz/user/verify,1
http://dropbox91-secure.top/login,1
http://fbbecieh.bankofamerica-login.link/login,1
http://google-verify.online/?token=a0cab6398ad63623432cbc5966db5827,1
http://secure-linkedin-login.site/secure/login,1
http://secure-wellsfargo-login.site/secure/login,1
http://paypal.verify-account.ga/account/suspended,1
http://office365-account-update.live/password/reset,1
http://google-account-update.live/verify/identity,1
http://bankofamerica.verify-account.cf/password/reset,1
http://paypal82-secure.tk/secure/login,1
http://eb4y-secure.top/banking/secure,1
http://wellsfargo-verify-account.site/verify,1
http://ebay-verify.gq/?token=df929e2264dac7451202800444f4368a,1
http://wellsfargo.verify-account.live/secure/login,1
http://login-apple-secure.link/password/reset,1
http://google-account-update.gq/login,1
http://hsbc-verify-account.click/login,1
http://secure-dropbox-login.xyz/user/verify,1
http://citib4nk-secure.live/secure/login,1
http://hsbc-secure.xyz/account/verify,1
http://0utl00k-secure.live/auth/login,1
http://outlook-verify.live/?token=ccc924677f94ac23f341eb203b387c10,1
http://login-paypal-secure.online/login,1
http://apple-account-update.link/login,1
http://eb4y-secure.tk/banking/secure,1
http://ccidggdf.facebook-login.top/account/verify,1
http://secure-dropbox-login.xyz/signin,1
http://ijbbicff.paypal-login.buzz/account/suspended,1
http://apple41-secure.ga/banking/secure,1
http://feihcdha.paypal-login.ml/auth/login,1
http://linkedin27-secure.ga/confirm/email,1
http://linkedin38-secure.xyz/update/account,1
http://citibank-verify-account.cf/auth/login,1
http://office36545-secure.link/banking/secure,1
http://iifbifjc.paypal-login.ga/confirm/email,1
http://chase-secure-login-verify.cf/account/suspended,1
http://secure-citibank-login.ml/account/verify,1
http://instagram-secure-login-verify.top/login,1
http://wellsfargo.verify-account.click/banking/secure,1
http://fbffejij.ebay-login.online/confirm/email,1
http://bfbjfbdd.apple-login.buzz/login,1
http://hsbc-secure-login-verify.site/user/verify,1
http://facebook-secure-login-verify.ga/update/account,1
http://secure-ebay-login.site/user/verify,1
http://login-yahoo-secure.buzz/user/verify,1
http://login-instagram-secure.ga/update/account,1
http://login-dropbox-secure.link/confirm/email,1
http://outlook-verify.club/?token=1c80ed2a9687bd2d6b90a8ea958c35b6,1
http://hfcbcieb.instagram-login.link/login,1
http://0ffice365-secure.club/verify,1
http://yahoo-secure-login-verify.site/auth/login,1
http://bankofamerica-secure-login-verify.link/password/reset,1
http://secure-linkedin-login.ml/account/suspended,1
http://linkedin.verify-account.xyz/update/account,1
http://secure-apple-login.xyz/auth/login,1
http://inst4gr4m-secure.gq/account/verify,1
http://yahoo-secure-login-verify.club/confirm/email,1
http://ebay.verify-account.click/signin,1
http://twitter-secure-login-verify.online/user/verify,1
http://login-apple-secure.site/verify/identity,1
http://amazon-secure-login-verify.live/update/account,1
http://office365-verify-account.ml/login,1
http://dropbox-account-update.live/update/account,1
http://paypal-secure-login-verify.club/user/verify,1
http://citibank-secure-login-verify.tk/auth/login,1
http://secure-yahoo-login.gq/banking/secure,1
http://cjebbcab.linkedin-login.link/login,1
http://ebay-verify-account.gq/confirm/email,1
http://paypal-verify.xyz/?token=14b9fdb349cf373bd1daece9e12ae019,1
http://citibank-account-update.link/verify,1
http://bankofamerica-verify.tk/?token=0b6b1a826f1d473bfde3b62f2b5b81e6,1
http://wellsfargo-account-update.live/update/account,1
http://ebay-secure-login-verify.live/signin,1
http://amazon-verify.live/?token=ae3865fe299d85cb2430c95df724e954,1
http://secure-office365-login.online/login,1
http://wellsfargo.verify-account.gq/verify,1
http://ghccchba.bankofamerica-login.tk/confirm/email,1
http://cajjhief.netflix-login.site/banking/secure,1
http://eb4y-secure.online/banking/secure,1
http://ebay-verify-account.ml/login,1
http://ebay-verify-account.buzz/user/verify,1
http://iabibdbd.office365-login.link/account/suspended,1
http://login-twitter-secure.online/update/account,1
http://amazon-secure-login-verify.gq/verify,1
http://instagram-verify-account.ml/password/reset,1
http://microsoft-secure-login-verify.site/password/reset,1
http://secure-amazon-login.cf/banking/secure,1
http://apple-account-update.xyz/update/account,1
http://eb4y-secure.club/password/reset,1
http://dropbox45-secure.club/secure/login,1
http://linkedin-secure.club/account/suspended,1
http://secure-office365-login.live/password/reset,1
http://netflix-verify-account.tk/banking/secure,1
http://linkedin-verify-account.top/account/suspended,1
http://ebay-account-update.site/update/account,1
http://yahoo-verify.cf/?token=69c0d538f9c05ec121d00f70a00aa58b,1
http://citibank.verify-account.cf/login,1
http://0ffice365-secure.site/signin,1
http://netflix.verify-account.site/login,1
http://microsoft-account-update.ml/login,1
http://secure-paypal-login.ml/update/account,1
http://paypal30-secure.site/secure/login,1
http://netflix82-secure.click/banking/secure,1
http://hsbc39-secure.buzz/user/verify,1
http://secure-microsoft-login.site/password/reset,1
http://wellsfargo.verify-account.xyz/login,1
http://secure-office365-login.top/login,1
http://gccgjacf.hsbc-login.gq/banking/secure,1
http://jcafgbfd.ebay-login.cf/account/suspended,1
http://iihdeifg.chase-login.online/account/verify,1
http://apple.verify-account.tk/banking/secure,1
http://dropbox-secure-login-verify.xyz/update/account,1
http://wellsfargo-secure-login-verify.xyz/account/verify,1
http://secure-microsoft-login.click/confirm/email,1
http://linkedin-secure.online/confirm/email,1
http://hsbc-verify.xyz/?token=7c08ad6b2afda144b1b0f1acebdf1e59,1
http://chase98-secure.ga/signin,1
http://hsbc68-secure.site/login,1
http://microsoft-verify-account.site/account/suspended,1
http://login-outlook-secure.live/user/verify,1
http://iecdifbd.wellsfargo-login.top/account/suspended,1
http://login-ebay-secure.club/secure/login,1
http://hsbc-secure.top/auth/login,1
http://ch4se-secure.live/banking/secure,1
http://facebook-verify.ga/?token=76be76bcaf1d7c55d4d90ec2cdc06907,1
http://facebook-verify.cf/?token=1d8c574adc3e9b3d62ede4328a4ffb75,1
http://apple-verify.top/?token=f33b2da50ed4c695cc11db82990e181d,1
http://chase-secure-login-verify.xyz/account/verify,1
http://amazon31-secure.gq/user/verify,1
http://bchaehhb.ebay-login.online/verify/identity,1
http://dropbox-secure-login-verify.cf/login,1
http://dropbox74-secure.click/verify/identity,1
http://facebook-secure-login-verify.top/banking/secure,1
http://4pple-secure.gq/user/verify,1
http://citib4nk-secure.link/verify,1
http://amazon-secure-login-verify.ga/account/suspended,1
http://netflix91-secure.click/auth/login,1
http://wellsfargo-secure-login-verify.click/secure/login,1
http://google-verify.cf/?token=e34d2d36457573b35033ff736d760dcd,1
http://yahoo-verify-account.cf/confirm/email,1
http://login-apple-secure.tk/verify,1
http://yahoo-verify-account.buzz/auth/login,1
http://fdcaageg.microsoft-login.gq/user/verify,1
http://facebook.verify-account.ml/account/verify,1
http://outlook-verify.buzz/?token=e78c01217628c144a49e0a59d53fe532,1
http://twitter75-secure.top/login,1
http://citibank.verify-account.live/banking/secure,1
http://twitter-secure-login-verify.site/verify/identity,1
http://netflix-account-update.live/auth/login,1
http://paypal-verify.link/?token=c0b7a800cbf8540e189f6f1b9e0aa2f6,1
http://secure-citibank-login.click/auth/login,1
http://linkedin19-secure.live/login,1
http://dbiichfe.citibank-login.top/update/account,1
http://linkedin-account-update.xyz/verify,1
http://login-netflix-secure.online/confirm/email,1
http://citibank-account-update.xyz/auth/login,1
http://b4nk0f4meric4-secure.link/banking/secure,1
http://google-account-update.club/login,1
http://citibank.verify-account.ga/login,1
http://secure-linkedin-login.click/secure/login,1
http://netflix-secure-login-verify.online/password/reset,1
http://amazon16-secure.ml/login,1
http://login-office365-secure.site/account/suspended,1
http://hcgahgie.instagram-login.xyz/user/verify,1
http://dropbox-verify.link/?token=ce92bf32e81f66199af49348342c9a5e,1
http://4pple-secure.live/verify/identity,1
http://login-instagram-secure.tk/update/account,1
http://ebay76-secure.click/verify,1
http://twitter-verify.site/?token=deab5412139be20e82ca257f4756e3c4,1
http://inst4gr4m-secure.ml/confirm/email,1
http://chase-secure-login-verify.buzz/auth/login,1
http://secure-ebay-login.click/secure/login,1
http://jciegdbf.hsbc-login.top/banking/secure,1
http://login-google-secure.gq/signin,1
http://login-google-secure.club/auth/login,1
http://secure-apple-login.cf/verify/identity,1
http://wellsfargo82-secure.link/update/account,1
http://login-linkedin-secure.top/user/verify,1
http://yahoo-secure-login-verify.link/login,1
http://apple-verify.ga/?token=5d112398d43a76077541426935b60fd2,1
http://0ffice365-secure.online/user/verify,1
http://hsbc-verify.buzz/?token=2fb1a3f964c7de2027940c34c8634fb8,1
http://office365.verify-account.tk/verify,1
http://office365-secure-login-verify.online/password/reset,1
http://secure-microsoft-login.online/verify/identity,1
http://p4yp4l-secure.live/banking/secure,1
http://wellsfargo.verify-account.top/account/suspended,1
http://4m4z0n-secure.link/signin,1
http://hsbc-account-update.site/verify,1
http://dropbox.verify-account.click/verify,1
http://login-office365-secure.ml/confirm/email,1
http://jfjedjjc.ebay-login.ga/account/verify,1
http://bankofamerica-verify.xyz/?token=f2025d9f5a1dbc68dffa7f4acb138de7,1
http://twitter75-secure.xyz/secure/login,1
http://office365-verify-account.ga/signin,1
http://linkedin-verify.tk/?token=94568967d21f67635317327c4e6e0e01,1
http://linkedin-account-update.xyz/verify/identity,1
http://iacbdceg.citibank-login.buzz/confirm/email,1
http://microsoft-verify.gq/?token=f5c844d296da3b28449dcb75bf5236a1,1
http://netflix-secure-login-verify.cf/secure/login,1
http://dropbox-secure-login-verify.buzz/secure/login,1
http://facebook90-secure.buzz/signin,1
http://gjehjgee.yahoo-login.gq/auth/login,1
http://secure-bankofamerica-login.xyz/verify,1
http://google-verify-account.online/password/reset,1
http://wellsfargo-verify-account.site/auth/login,1
http://igdihcfg.linkedin-login.tk/account/verify,1
http://secure-hsbc-login.cf/login,1
http://secure-yahoo-login.click/account/suspended,1
http://office365-account-update.top/secure/login,1
http://secure-netflix-login.click/login,1
http://citibank13-secure.link/password/reset,1
http://yahoo.verify-account.buzz/password/reset,1
http://wellsfargo-verify-account.buzz/verify,1
http://office365-secure-login-verify.ga/confirm/email,1
http://hsbc.verify-account.club/signin,1
http://wellsfargo-secure-login-verify.top/confirm/email,1
http://google60-secure.xyz/verify,1
http://inst4gr4m-secure.cf/verify,1
http://secure-apple-login.click/verify,1
http://instagram.verify-account.cf/user/verify,1
http://office365-account-update.xyz/signin,1
http://hsbc-account-update.top/auth/login,1
http://citibank.verify-account.club/update/account,1
http://paypal-verify.tk/?token=3f4e0eacd7be0f8c67b01cd36f803f3c,1
http://facebook-verify.club/?token=086ead767f95fb5d8968e21c8da1ddef,1
http://wellsfargo-verify-account.buzz/account/suspended,1
http://fbdbgffe.chase-login.live/banking/secure,1
http://secure-bankofamerica-login.ga/signin,1
http://paypal.verify-account.cf/login,1
http://bankofamerica-verify.cf/?token=10bd562a529bdbbbd1049a6b1a44fef1,1
http://login-amazon-secure.top/password/reset,1
http://paypal.verify-account.ml/confirm/email,1
http://netflix-verify-account.ga/verify/identity,1
http://chase-account-update.cf/verify,1
http://p4yp4l-secure.top/login,1
http://secure-facebook-login.ga/login,1
http://outlook99-secure.top/update/account,1
http://secure-paypal-login.live/update/account,1
http://facebook-verify-account.cf/account/suspended,1
http://secure-microsoft-login.cf/verify/identity,1
http://paypal-verify.top/?token=afe53a908d5ccca9d9c4a04b43ab6eed,1
http://secure-microsoft-login.ga/account/verify,1
http://chase-secure-login-verify.ml/auth/login,1
http://secure-microsoft-login.click/account/verify,1
http://digdcbdh.instagram-login.buzz/user/verify,1
http://linkedin-secure-login-verify.site/banking/secure,1
http://paypal.verify-account.ml/secure/login,1
http://outlook-account-update.top/confirm/email,1
http://twitter-secure.ml/account/suspended,1
http://yahoo-secure-login-verify.gq/account/verify,1
http://hsbc-verify.live/?token=47d424c1d06fc09ff7e60c67230ee6fd,1
http://secure-yahoo-login.buzz/update/account,1
http://jdhgdfgg.linkedin-login.club/verify/identity,1
http://citibank.verify-account.ml/verify/identity,1
http://office365-account-update.gq/account/suspended,1
http://apple-secure-login-verify.cf/account/verify,1
http://bebegjjh.dropbox-login.site/verify,1
http://cgedhcfe.office365-login.ga/update/account,1
http://login-microsoft-secure.top/account/suspended,1
http://apple-verify.cf/?token=3d38240fd9b0645bd1dca5669e3798a8,1
http://wellsfargo.verify-account.buzz/secure/login,1
http://netflix-verify-account.tk/verify,1
http://linkedin-account-update.top/verify/identity,1
http://yahoo-verify.click/?token=0fec37c7e6d7315364ed7e7b4c0853b0,1
http://login-paypal-secure.top/password/reset,1
http://instagram-account-update.ga/update/account,1
http://ebay-verify-account.tk/login,1
http://wellsfargo83-secure.tk/verify,1
http://paypal-account-update.tk/confirm/email,1
http://yahoo.verify-account.site/secure/login,1
http://amazon-verify-account.click/verify/identity,1
http://jcjeeijc.netflix-login.ga/account/verify,1
http://microsoft.verify-account.cf/login,1
http://aaaegajj.office365-login.click/account/suspended,1
http://g00gle-secure.tk/confirm/email,1
http://linkedin.verify-account.site/password/reset,1
http://g00gle-secure.click/login,1
http://linkedin-secure.live/verify,1
http://apple-secure-login-verify.online/auth/login,1
http://login-citibank-secure.tk/confirm/email,1
http://amazon.verify-account.buzz/signin,1
http://bjhcijdc.ebay-login.xyz/account/verify,1
http://apple35-secure.xyz/account/verify,1
http://google-verify.top/?token=34193d2af1786b86b4879e17c824eb71,1
http://linkedin-verify.gq/?token=8b8d07f07db29a4e94069c4bea5bff04,1
http://facebook-secure-login-verify.top/signin,1
http://office36531-secure.cf/update/account,1
http://bankofamerica-verify.ml/?token=58a4e5b533328f0e39daf3450f40f6ec,1
http://facebook-verify-account.club/password/reset,1
http://hsbc-secure-login-verify.ml/confirm/email,1
http://apple61-secure.click/password/reset,1
http://chase-secure-login-verify.xyz/secure/login,1
http://p4yp4l-secure.club/login,1
http://bcjdgjic.google-login.cf/password/reset,1
http://outlook-verify-account.club/verify/identity,1
http://paypal-secure-login-verify.xyz/password/reset,1
http://citib4nk-secure.online/user/verify,1
http://twitter-verify-account.click/verify/identity,1
http://secure-dropbox-login.ml/auth/login,1
http://secure-paypal-login.club/confirm/email,1
http://netflix-verify-account.online/account/suspended,1
http://secure-microsoft-login.gq/verify/identity,1
http://login-apple-secure.ga/verify,1
http://login-apple-secure.ml/verify,1
http://login-apple-secure.cf/login,1
http://secure-twitter-login.club/update/account,1
http://outlook.verify-account.ga/update/account,1
http://y4h00-secure.site/secure/login,1
http://p4yp4l-secure.cf/signin,1
http://office365.verify-account.cf/banking/secure,1
http://microsoft-verify-account.ga/update/account,1
http://micr0s0ft-secure.ga/update/account,1
http://bankofamerica-verify.ga/?token=8c438a8e48f1931dc27ae385fe37c66b,1
http://login-twitter-secure.cf/banking/secure,1
http://hgfbggjc.citibank-login.click/banking/secure,1
http://wellsfargo73-secure.ga/verify/identity,1
http://0ffice365-secure.live/account/suspended,1
http://instagram.verify-account.club/auth/login,1
http://microsoft-verify-account.live/verify,1
http://instagram.verify-account.link/password/reset,1
http://hsbc-secure-login-verify.cf/account/verify,1
http://ebay52-secure.site/login,1
http://office365-verify.gq/?token=63e62e3573045fc32abaf1d6f8bf1bd4,1
http://login-google-secure.cf/user/verify,1
http://amazon-account-update.ml/update/account,1
http://paypal-account-update.online/secure/login,1
http://dropbox.verify-account.buzz/confirm/email,1
http://ebay.verify-account.ml/password/reset,1
http://eiibiifg.wellsfargo-login.cf/secure/login,1
http://bdaaahdh.instagram-login.buzz/verify,1
http://bankofamerica.verify-account.ga/confirm/email,1
http://microsoft50-secure.gq/auth/login,1
http://hsbc-secure.cf/user/verify,1
http://wellsfargo.verify-account.ml/banking/secure,1
http://bechcbhg.wellsfargo-login.xyz/verify,1
http://linkedin-account-update.gq/verify,1
http://login-google-secure.gq/password/reset,1
http://apple-account-update.online/confirm/email,1
http://secure-amazon-login.cf/login,1
http://secure-ebay-login.top/confirm/email,1
http://ebay-verify.site/?token=c1937ab18cb4380d7709769bdca29fca,1
http://micr0s0ft-secure.live/user/verify,1
http://microsoft-account-update.site/account/verify,1
http://netflix-account-update.gq/user/verify,1
http://dropbox-verify-account.site/banking/secure,1
http://eb4y-secure.xyz/login,1
http://paypal.verify-account.ml/account/suspended,1
http://bankofamerica-secure-login-verify.top/signin,1
http://apple-secure-login-verify.ml/update/account,1
http://twitter-verify-account.buzz/banking/secure,1
http://outlook86-secure.buzz/update/account,1
http://linkedin-verify.xyz/?token=338de659cd94182bfe5716be6d388490,1
http://citibank17-secure.buzz/confirm/email,1
http://chase-verify.ml/?token=46ba32741a463cd40441074ddc4bfc70,1
http://login-outlook-secure.buzz/secure/login,1
http://chase-verify.top/?token=beceaa51f8328cd5def4203c195b4d40,1
http://yahoo-account-update.tk/update/account,1
http://outlook-verify-account.ml/login,1
http://micr0s0ft-secure.click/secure/login,1
http://secure-wellsfargo-login.click/update/account,1
http://secure-citibank-login.top/secure/login,1
http://citibank-account-update.club/verify/identity,1
http://secure-chase-login.tk/verify/identity,1
http://dropbox54-secure.ml/secure/login,1
http://instagram-verify.click/?token=9f08010223ce6efbe4f9390087c47668,1
http://dropbox-account-update.ml/user/verify,1
http://bankofamerica.verify-account.buzz/login,1
http://hsbc-account-update.site/verify/identity,1
http://secure-twitter-login.live/secure/login,1
http://google-verify-account.ml/user/verify,1
http://linkedin10-secure.top/verify/identity,1
http://facebook-account-update.ml/verify/identity,1
http://login-linkedin-secure.club/banking/secure,1
http://paypal-verify.cf/?token=518f7e41d42b1499cd15ca35f5005ad4,1
http://login-apple-secure.link/verify/identity,1
http://citibank-verify-account.ga/login,1
http://secure-google-login.ml/verify/identity,1
http://login-paypal-secure.link/login,1
http://secure-linkedin-login.online/secure/login,1
http://login-wellsfargo-secure.link/secure/login,1
http://netflix-account-update.ga/verify/identity,1
http://citibank.verify-account.link/banking/secure,1
http://login-wellsfargo-secure.xyz/verify/identity,1
http://facebook.verify-account.buzz/auth/login,1
http://wellsfargo-verify-account.club/account/suspended,1
http://netflix91-secure.top/login,1
http://twitter-secure-login-verify.site/secure/login,1
http://login-ebay-secure.ml/login,1
http://chase.verify-account.top/secure/login,1
http://secure-amazon-login.tk/account/verify,1
http://twitter-verify-account.site/update/account,1
http://y4h00-secure.ga/update/account,1
http://paypal47-secure.tk/signin,1
http://wellsfargo77-secure.tk/banking/secure,1
http://amazon-account-update.online/login,1
http://outlook.verify-account.buzz/auth/login,1
http://amazon-verify-account.cf/secure/login,1
http://cddfacdf.amazon-login.cf/login,1
http://microsoft-account-update.cf/auth/login,1
http://dropbox55-secure.cf/banking/secure,1
http://0utl00k-secure.xyz/account/verify,1
http://ebay-verify-account.live/login,1
http://wellsfargo-secure-login-verify.online/update/account,1
http://linkedin-verify.club/?token=71eb8a8640354d50b20920b370f524cb,1
http://4m4z0n-secure.buzz/update/account,1
http://bankofamerica34-secure.online/account/verify,1
http://login-twitter-secure.gq/password/reset,1
http://google-secure-login-verify.site/update/account,1
http://secure-bankofamerica-login.club/account/suspended,1
http://office36540-secure.gq/account/verify,1
http://instagram.verify-account.site/password/reset,1
http://secure-outlook-login.ml/secure/login,1
http://secure-wellsfargo-login.top/password/reset,1
http://microsoft-verify.club/?token=fa42e023d76a6fc7c6024ebf5af7febd,1
http://0ffice365-secure.club/account/verify,1
http://secure-office365-login.site/banking/secure,1
http://paypal-account-update.live/banking/secure,1
http://secure-office365-login.link/account/suspended,1
http://dropbox-verify.click/?token=156b6ef5120a3a8cac7ceed4a51749b3,1
http://citibank.verify-account.tk/password/reset,1
http://yahoo-verify-account.live/banking/secure,1
http://wellsfargo.verify-account.gq/account/suspended,1
http://citibank-secure-login-verify.gq/verify/identity,1
http://wellsfargo-secure-login-verify.click/banking/secure,1
http://linkedin.verify-account.xyz/user/verify,1
http://wellsfargo-account-update.online/account/verify,1
http://linkedin-secure.click/secure/login,1
http://paypal29-secure.site/account/suspended,1
http://secure-facebook-login.link/secure/login,1
http://wellsfargo35-secure.live/account/suspended,1
http://secure-hsbc-login.site/account/verify,1
http://apple.verify-account.link/signin,1
http://google-account-update.click/secure/login,1
http://ebay-verify.buzz/?token=a51dab14b8f5bb580aa025478378df25,1
http://chase.verify-account.club/signin,1
http://facebook.verify-account.tk/secure/login,1
http://wellsfargo-verify-account.club/user/verify,1
http://login-twitter-secure.top/account/verify,1
http://gcbiajeb.citibank-login.live/confirm/email,1
http://secure-citibank-login.top/update/account,1
http://outlook-secure-login-verify.ml/secure/login,1
http://office365.verify-account.gq/secure/login,1
http://secure-facebook-login.buzz/banking/secure,1
http://linkedin-secure.xyz/login,1
http://apple-secure-login-verify.xyz/auth/login,1
http://amazon-secure-login-verify.tk/secure/login,1
http://paypal.verify-account.gq/signin,1
http://paypal45-secure.online/verify/identity,1
http://netflix-verify.link/?token=804585dd878057da8aaa73b1ba972a29,1
http://afjhgaha.instagram-login.gq/account/suspended,1
http://twitter-verify.buzz/?token=0b602426cc42f96e15e1af5b79af2d6d,1
http://ebay-account-update.top/banking/secure,1
http://login-ebay-secure.club/user/verify,1
http://login-linkedin-secure.ml/signin,1
http://becjhdah.yahoo-login.tk/account/suspended,1
http://wellsfargo-secure-login-verify.click/banking/secure,1
http://login-dropbox-secure.buzz/signin,1
http://secure-dropbox-login.club/confirm/email,1
http://outlook-account-update.online/verify/identity,1
http://login-citibank-secure.ga/confirm/email,1
http://outlook13-secure.live/password/reset,1
http://google-secure-login-verify.buzz/password/reset,1
http://secure-facebook-login.club/confirm/email,1
http://yahoo-secure-login-verify.ml/verify,1
http://login-citibank-secure.top/banking/secure,1
http://outlook-account-update.xyz/user/verify,1
http://hsbc-verify-account.live/confirm/email,1
http://secure-wellsfargo-login.link/update/account,1
http://facebook.verify-account.online/password/reset,1
http://office365-verify.site/?token=e363bf31cf31e2d292f889e6b901339c,1
http://chase21-secure.link/confirm/email,1
http://office365-verify-account.online/banking/secure,1
http://login-microsoft-secure.link/secure/login,1
http://citibank15-secure.xyz/login,1
http://secure-paypal-login.buzz/user/verify,1
http://secure-twitter-login.cf/user/verify,1
http://outlook-verify.club/?token=f1adacdb5c4b27ae3904f9c70db208a9,1
http://hjgeciec.netflix-login.xyz/verify,1
http://linkedin73-secure.xyz/account/suspended,1
http://djjdehea.google-login.click/password/reset,1
http://wellsfargo-account-update.online/banking/secure,1
http://jcdadeff.chase-login.live/secure/login,1
http://citibank-account-update.gq/auth/login,1
http://figjgjgi.twitter-login.online/account/verify,1
http://dropbox-secure-login-verify.ga/confirm/email,1
http://linkedin-account-update.online/update/account,1
http://apple-verify.xyz/?token=12a23d6463d7ed903f2f66fa9ace15a1,1
http://twitter.verify-account.ml/verify/identity,1
http://netflix-verify.site/?token=181c9f4849a2a0f9bac5a9ac2ef8c1e4,1
http://instagram-verify.link/?token=37fb58bdfa9cf87c0486f521224ffb40,1
http://amazon-verify-account.click/user/verify,1
http://yahoo-verify-account.ga/update/account,1
http://ddhceahb.google-login.club/password/reset,1
http://facebook-secure-login-verify.online/signin,1
http://hsbc-verify.ga/?token=eb7747f057c08c022261c380d30a7839,1
http://citib4nk-secure.buzz/banking/secure,1
http://linkedin88-secure.gq/login,1
http://secure-yahoo-login.online/verify,1
http://citibank-verify-account.club/account/verify,1
http://hiffjddj.facebook-login.click/account/verify,1
http://linkedin-secure.live/verify,1
http://apple-account-update.gq/user/verify,1
http://wellsf4rg0-secure.cf/update/account,1
http://apple-account-update.online/verify,1
http://secure-microsoft-login.ga/secure/login,1
http://dropbox66-secure.gq/verify/identity,1
http://wellsfargo.verify-account.club/verify,1
http://ebay47-secure.tk/signin,1
http://gbaicceg.yahoo-login.xyz/account/suspended,1
http://inst4gr4m-secure.click/signin,1
http://facebook-verify.live/?token=14bac398306fb1727c35517cb2086140,1
http://dr0pb0x-secure.tk/verify/identity,1
http://login-chase-secure.ml/user/verify,1
http://hsbc-verify.club/?token=4f335fdefa9a606d1385efa3210d6e35,1
http://netflix-verify.cf/?token=4eb5c62bbd2cca6bd0becb22fda2d584,1
http://outlook-secure-login-verify.tk/account/suspended,1
http://instagram-account-update.top/login,1
http://office365-verify-account.site/password/reset,1
http://dropbox-secure-login-verify.ga/account/suspended,1
http://login-ebay-secure.xyz/banking/secure,1
http://yahoo-verify.buzz/?token=0cafb5ba1abd27a423bdaf683be4f801,1
http://ebay59-secure.top/update/account,1
http://microsoft-verify.site/?token=0b15654267dfb560629f11d7257a5d45,1
http://linkedin-verify-account.live/confirm/email,1
http://linkedin-secure-login-verify.cf/verify/identity,1
http://wellsfargo-secure-login-verify.ml/banking/secure,1
http://netflix-secure.buzz/account/verify,1
http://linkedin-verify-account.live/signin,1
http://hsbc-verify-account.top/verify/identity,1
http://linkedin-verify-account.ml/password/reset,1
http://login-chase-secure.ml/secure/login,1
http://instagram-secure-login-verify.tk/user/verify,1
http://office365-account-update.buzz/confirm/email,1
http://citib4nk-secure.cf/banking/secure,1
http://twitter-secure-login-verify.top/update/account,1
http://office365.verify-account.site/confirm/email,1
http://outlook-account-update.club/login,1
http://wellsfargo-account-update.online/auth/login,1
http://login-paypal-secure.xyz/secure/login,1
http://instagram.verify-account.club/password/reset,1
http://instagram-account-update.top/account/suspended,1
http://google.verify-account.click/update/account,1
http://facebook.verify-account.buzz/verify,1
http://secure-microsoft-login.live/password/reset,1
http://dropbox86-secure.xyz/confirm/email,1
http://inst4gr4m-secure.cf/signin,1
http://secure-twitter-login.xyz/confirm/email,1
http://login-yahoo-secure.tk/signin,1
http://login-hsbc-secure.ml/verify,1
http://facebook-verify-account.cf/banking/secure,1
http://outlook-verify-account.ga/login,1
http://office365.verify-account.tk/banking/secure,1
http://wellsfargo-verify.live/?token=f1365471e33ac7bbe769f522b9901449,1
http://bankofamerica-verify-account.top/account/verify,1
http://secure-citibank-login.ga/signin,1
http://ebay67-secure.club/update/account,1
http://facebook-secure-login-verify.buzz/verify/identity,1
http://gcjfaici.microsoft-login.top/user/verify,1
http://yahoo.verify-account.live/user/verify,1
http://secure-amazon-login.top/auth/login,1
http://amazon-account-update.tk/verify/identity,1
http://paypal-secure-login-verify.club/signin,1
http://secure-dropbox-login.gq/account/verify,1
http://microsoft-account-update.top/account/verify,1
http://citibank-account-update.tk/verify/identity,1
http://login-google-secure.club/user/verify,1
http://b4nk0f4meric4-secure.cf/user/verify,1
http://amazon.verify-account.cf/account/suspended,1
http://secure-amazon-login.ga/banking/secure,1
http://dhfdejig.ebay-login.gq/account/suspended,1
http://yahoo-verify-account.online/verify/identity,1
http://apple-account-update.club/secure/login,1
http://secure-ebay-login.live/verify,1
http://bankofamerica-verify-account.click/update/account,1
http://hsbc-verify-account.click/secure/login,1
http://secure-ebay-login.buzz/account/suspended,1
http://iiijbhbb.bankofamerica-login.online/signin,1
http://login-amazon-secure.tk/account/suspended,1
http://wellsfargo.verify-account.ga/user/verify,1
http://twitter-verify-account.gq/secure/login,1
http://login-netflix-secure.buzz/verify/identity,1
http://twitter-verify-account.gq/account/verify,1
http://b4nk0f4meric4-secure.top/account/verify,1
http://ebay-verify.ga/?token=32563404f62ce5253cb16d46b0b8d3d0,1
http://secure-paypal-login.club/account/suspended,1
http://microsoft-account-update.club/password/reset,1
http://secure-linkedin-login.xyz/account/suspended,1
http://secure-linkedin-login.ml/password/reset,1
http://facebook-verify-account.buzz/secure/login,1
http://ebay-account-update.online/verify/identity,1
http://amazon-account-update.top/password/reset,1
http://facebook-secure-login-verify.buzz/account/verify,1
http://bankofamerica-verify-account.cf/login,1
http://cbhfibja.office365-login.tk/password/reset,1
http://twitter10-secure.ga/verify/identity,1
http://ebay-secure-login-verify.cf/banking/secure,1
http://chase-verify-account.buzz/signin,1
http://outlook-verify-account.top/password/reset,1
http://b4nk0f4meric4-secure.top/secure/login,1
http://bebfhied.ebay-login.click/user/verify,1
http://apple-verify-account.cf/update/account,1
http://secure-ebay-login.xyz/auth/login,1
http://wellsfargo-verify-account.link/signin,1
http://paypal59-secure.live/account/verify,1
http://secure-bankofamerica-login.site/secure/login,1
http://y4h00-secure.site/verify,1
http://facebook-secure-login-verify.ga/banking/secure,1
http://wellsfargo-secure-login-verify.top/user/verify,1
http://secure-ebay-login.ml/verify/identity,1
http://yahoo-account-update.gq/account/verify,1
http://office365.verify-account.top/signin,1
http://login-twitter-secure.tk/signin,1
http://netflix-secure.site/password/reset,1
http://bgicdgfb.ebay-login.click/account/verify,1
http://gfcccdjh.citibank-login.ga/account/verify,1
http://hfhdcchb.wellsfargo-login.top/user/verify,1
http://ebay53-secure.ml/auth/login,1
http://paypal-account-update.club/secure/login,1
http://bankofamerica.verify-account.link/login,1
http://login-chase-secure.ml/verify/identity,1
http://outlook87-secure.click/user/verify,1
http://twitter-secure.club/password/reset,1
http://instagram.verify-account.site/confirm/email,1
http://citibank-account-update.cf/update/account,1
http://bankofamerica-verify.site/?token=0a162a66fc218953009033ea5174770a,1
http://twitter-verify-account.site/banking/secure,1
http://google-account-update.xyz/verify/identity,1
http://outlook-verify.cf/?token=b0705af229404e84d59f893f89e6af07,1
http://yahoo-verify.click/?token=fa75ec2b72cf1eaca772790c072646d4,1
http://yahoo-secure-login-verify.ga/verify/identity,1
http://office365-secure-login-verify.link/login,1
http://netflix38-secure.gq/auth/login,1
http://p4yp4l-secure.buzz/signin,1
http://secure-google-login.link/verify/identity,1
http://hsbc-secure-login-verify.online/user/verify,1
http://ebay.verify-account.gq/signin,1
http://gfdjjedd.netflix-login.xyz/verify/identity,1
http://dropbox-secure-login-verify.xyz/account/verify,1
http://b4nk0f4meric4-secure.top/verify,1
http://netflix-account-update.buzz/confirm/email,1
http://cfehdhcb.twitter-login.cf/password/reset,1
http://google-account-update.live/verify,1
http://instagram-secure-login-verify.gq/banking/secure,1
http://g00gle-secure.club/account/suspended,1
http://hsbc-verify.ga/?token=e718c0cd025282811697344975cfd568,1
http://paypal-account-update.click/verify/identity,1
http://dropbox-secure-login-verify.top/banking/secure,1
http://0ffice365-secure.club/secure/login,1
http://twitter-secure.link/verify,1
http://dropbox20-secure.top/banking/secure,1
http://linkedin35-secure.site/banking/secure,1
http://linkedin70-secure.tk/signin,1
http://netflix-account-update.live/verify/identity,1
http://4m4z0n-secure.site/user/verify,1
http://4m4z0n-secure.live/account/suspended,1
http://y4h00-secure.link/secure/login,1
http://citibank74-secure.gq/confirm/email,1
http://hdfjdgdd.apple-login.ga/account/suspended,1
http://secure-facebook-login.ga/password/reset,1
http://citib4nk-secure.top/login,1
http://4m4z0n-secure.cf/banking/secure,1
http://yahoo-verify-account.buzz/signin,1
http://fhdeagff.amazon-login.buzz/account/verify,1
http://wellsfargo-verify-account.link/update/account,1
http://google74-secure.online/signin,1
http://eaheeagg.netflix-login.buzz/banking/secure,1
http://0utl00k-secure.club/password/reset,1
http://twitter.verify-account.buzz/banking/secure,1
http://citibank-secure-login-verify.top/password/reset,1
http://office365.verify-account.ml/account/suspended,1
http://secure-paypal-login.buzz/update/account,1
http://chase.verify-account.top/update/account,1
http://login-yahoo-secure.gq/login,1
http://secure-ebay-login.tk/secure/login,1
http://inst4gr4m-secure.buzz/account/verify,1
http://secure-facebook-login.site/account/suspended,1
http://dr0pb0x-secure.top/secure/login,1
http://bankofamerica-account-update.cf/banking/secure,1
http://secure-ebay-login.online/confirm/email,1
http://4pple-secure.tk/secure/login,1
http://chase-verify-account.tk/account/verify,1
http://0ffice365-secure.top/confirm/email,1
http://linkedin-verify.club/?token=7d3b15feeecd3ea87c561dfb8460e71e,1
http://netflix19-secure.tk/account/verify,1
http://0utl00k-secure.live/account/verify,1
http://apple35-secure.gq/auth/login,1
http://twitter78-secure.top/verify/identity,1
http://google.verify-account.gq/account/verify,1
http://outlook91-secure.click/auth/login,1
http://facebook-verify.buzz/?token=2f86a3e86bc99f679b16c29bd29b8659,1
http://office365-secure-login-verify.tk/secure/login,1
http://netflix.verify-account.cf/verify,1
http://facebook-verify-account.cf/verify,1
http://ebay-verify.gq/?token=5d6a38c2c8e9e0db8fdabdd6e124ba95,1
http://gdehhcid.chase-login.site/auth/login,1
http://login-linkedin-secure.tk/verify/identity,1
http://facebook-verify-account.site/user/verify,1
http://apple.verify-account.top/user/verify,1
http://twitter-secure.gq/verify,1
http://citibank-verify-account.cf/password/reset,1
http://ebay-verify-account.buzz/verify/identity,1
http://paypal-secure-login-verify.top/signin,1
http://wellsfargo-verify-account.buzz/user/verify,1
http://login-paypal-secure.xyz/verify/identity,1
http://bhebijba.apple-login.ml/password/reset,1
http://dropbox-secure-login-verify.gq/password/reset,1
http://facebook-secure-login-verify.live/verify/identity,1
http://ebay-secure-login-verify.site/verify/identity,1
http://apple-account-update.xyz/auth/login,1
http://twitter-verify-account.club/user/verify,1
http://paypal.verify-account.xyz/update/account,1
http://instagram73-secure.ml/password/reset,1
http://login-apple-secure.click/verify,1
http://hsbc-account-update.xyz/account/suspended,1
http://f4ceb00k-secure.ml/login,1
http://login-hsbc-secure.link/secure/login,1
http://secure-bankofamerica-login.site/banking/secure,1
http://login-twitter-secure.click/account/verify,1
http://hsbc.verify-account.tk/verify,1
http://chase33-secure.tk/secure/login,1
http://login-amazon-secure.gq/password/reset,1
http://login-paypal-secure.buzz/verify,1
http://wellsfargo-secure-login-verify.xyz/verify/identity,1
http://4m4z0n-secure.cf/auth/login,1
http://ahiicjdj.facebook-login.click/verify,1
http://bankofamerica.verify-account.xyz/account/suspended,1
http://login-paypal-secure.cf/signin,1
http://yahoo-secure-login-verify.online/update/account,1
http://wellsfargo-account-update.buzz/secure/login,1
http://amazon90-secure.tk/confirm/email,1
http://secure-chase-login.top/verify/identity,1
http://instagram-verify.online/?token=2818f5837b090c87abb5d081341863da,1
http://ifhhhfjf.bankofamerica-login.tk/verify/identity,1
http://linkedin-verify-account.tk/user/verify,1
http://twitter.verify-account.club/verify/identity,1
http://effijeca.amazon-login.gq/account/verify,1
http://yahoo-account-update.gq/account/suspended,1
http://apple-secure-login-verify.live/account/suspended,1
http://login-dropbox-secure.xyz/verify/identity,1
http://login-twitter-secure.link/auth/login,1
http://login-wellsfargo-secure.link/password/reset,1
http://citibank58-secure.link/verify/identity,1
http://apple94-secure.site/verify,1
http://secure-office365-login.live/verify,1
http://login-outlook-secure.ml/account/suspended,1
http://paypal-verify-account.click/verify/identity,1
http://outlook-account-update.ga/verify,1
http://chase-secure-login-verify.ga/login,1
http://outlook-secure-login-verify.online/update/account,1
http://office365-secure-login-verify.buzz/secure/login,1
http://dropbox-verify.top/?token=230f21eef3fbfd9ff6f485121e9b4908,1
http://facebook25-secure.top/banking/secure,1
http://microsoft.verify-account.click/user/verify,1
http://dropbox38-secure.top/secure/login,1
http://twitter50-secure.site/confirm/email,1
http://google-secure-login-verify.click/update/account,1
http://linkedin-secure-login-verify.tk/user/verify,1
http://hsbc-secure-login-verify.online/user/verify,1
http://inst4gr4m-secure.buzz/login,1
http://login-yahoo-secure.ga/update/account,1
http://facebook-secure-login-verify.xyz/signin,1
http://netflix-verify-account.link/login,1
http://secure-bankofamerica-login.site/banking/secure,1
http://secure-facebook-login.cf/verify,1
http://login-outlook-secure.cf/verify/identity,1
http://netflix.verify-account.cf/verify/identity,1
http://facebook-secure-login-verify.club/confirm/email,1
http://login-office365-secure.xyz/user/verify,1
http://twitter-secure.top/password/reset,1
http://login-google-secure.click/password/reset,1
http://amazon-account-update.cf/login,1
http://netflix-secure.cf/auth/login,1
http://google-account-update.link/update/account,1
http://hsbc77-secure.buzz/account/verify,1
http://wellsfargo-verify.top/?token=bfe0adc030787051afd87e3b557f1446,1
http://secure-chase-login.buzz/login,1
http://google-account-update.gq/update/account,1
http://office365-verify.ga/?token=172bcce9f12e013777b633b21fb35e63,1
http://facebook-verify-account.gq/account/verify,1
http://login-citibank-secure.cf/user/verify,1
http://facebook-account-update.online/verify/identity,1
http://outlook94-secure.click/password/reset,1
http://yahoo-verify.club/?token=1f63aaf5e6d7d624b76cca367a09d7ff,1
http://hsbc-secure.club/signin,1
http://amazon92-secure.tk/signin,1
http://twitter-account-update.club/banking/secure,1
http://linkedin-account-update.site/secure/login,1
http://gebjefeb.google-login.link/password/reset,1
http://bankofamerica-verify.cf/?token=e0f413fdcff27439f5e18b0a686e460d,1
http://abefjgah.linkedin-login.club/login,1
http://dropbox-verify.live/?token=5659bfffa51e50ba30a13a761a034310,1
http://ebay50-secure.ml/auth/login,1
http://secure-microsoft-login.top/account/suspended,1
http://microsoft84-secure.buzz/verify/identity,1
http://instagram.verify-account.live/auth/login,1
http://citibank-account-update.club/confirm/email,1
http://chase-secure-login-verify.ga/verify/identity,1
http://dropbox77-secure.ga/update/account,1
http://ebay-verify.top/?token=ac2d69dfbdaea17c49d04d16317b52a5,1
http://paypal-verify.live/?token=4df472c729f94d56956c2609b6496ce4,1
http://bankofamerica-secure-login-verify.link/verify,1
http://google-verify.tk/?token=626cf3e961e40fdf7e8bb6278fd8d94c,1
http://login-netflix-secure.online/password/reset,1
http://microsoft-account-update.buzz/user/verify,1
http://hsbc-secure-login-verify.link/account/suspended,1
http://outlook-verify-account.cf/verify/identity,1
http://office365-verify.click/?token=9e4c9e2df98b128aa168115a0409d1c3,1
http://paypal-verify.club/?token=5b091a270ae27dd7c746e0e3ba54d408,1
http://yahoo-verify.xyz/?token=4dc79534bb72b0231aebfd340c790ac0,1
http://login-paypal-secure.online/account/suspended,1
http://fbigbjfh.hsbc-login.gq/verify/identity,1
http://linkedin.verify-account.ga/password/reset,1
http://google67-secure.xyz/confirm/email,1
http://instagram-verify-account.click/update/account,1
http://dcgdabaa.dropbox-login.cf/update/account,1
http://google-account-update.ml/auth/login,1
http://netflix57-secure.tk/user/verify,1
http://outlook-verify.live/?token=3ad6711175df288ec85ab02d42fd0e61,1
http://wellsfargo-secure-login-verify.club/banking/secure,1
http://cdjijheg.amazon-login.xyz/confirm/email,1
http://instagram-verify.link/?token=6ade6551898e7ba2873595dbbfafe116,1
http://iebbejed.yahoo-login.gq/user/verify,1
http://hsbc63-secure.gq/secure/login,1
http://login-bankofamerica-secure.club/verify,1
http://secure-yahoo-login.click/banking/secure,1
http://facebook.verify-account.top/password/reset,1
http://netflix44-secure.cf/auth/login,1
http://paypal.verify-account.click/account/verify,1
http://jdihaehh.paypal-login.site/auth/login,1
http://facebook-secure-login-verify.link/password/reset,1
http://secure-google-login.ga/auth/login,1
http://citibank-verify.click/?token=a6111316d37cd1c5614b969b20c6094c,1
http://netflix-account-update.ml/account/verify,1
http://secure-instagram-login.xyz/verify/identity,1
http://netflix-account-update.site/user/verify,1
http://twitter-secure.cf/confirm/email,1
http://wellsf4rg0-secure.link/account/suspended,1
http://wellsfargo-account-update.site/secure/login,1
http://paypal93-secure.top/user/verify,1
http://apple-verify.ga/?token=2063b2d5a67e27f26fb9462acfec6f90,1
http://linkedin13-secure.ml/update/account,1
http://login-dropbox-secure.online/confirm/email,1
http://login-outlook-secure.live/banking/secure,1
http://secure-wellsfargo-login.xyz/password/reset,1
http://amazon.verify-account.ga/account/suspended,1
http://apple-account-update.ml/signin,1
http://google-verify-account.club/login,1
http://login-ebay-secure.buzz/update/account,1
http://wellsfargo.verify-account.top/account/verify,1
http://login-yahoo-secure.live/verify,1
http://dropbox-verify.site/?token=c8175ecef03b83ebadc2aaf5c1fb9cc5,1
http://paypal-verify.tk/?token=ffe02345a80c14abc43eca7018f586d3,1
http://secure-chase-login.online/banking/secure,1
http://instagram-account-update.buzz/auth/login,1
http://wellsf4rg0-secure.online/account/suspended,1
http://citibank-verify-account.xyz/verify/identity,1
http://twitter.verify-account.gq/banking/secure,1
http://apple-secure-login-verify.ga/verify,1
http://login-dropbox-secure.tk/secure/login,1
http://bankofamerica-verify-account.online/account/suspended,1
http://eb4y-secure.live/banking/secure,1
http://microsoft-verify-account.gq/login,1
http://yahoo.verify-account.top/banking/secure,1
http://dr0pb0x-secure.live/verify,1
http://ebay-verify-account.ml/update/account,1
http://yahoo-verify-account.ml/login,1
http://office36526-secure.ml/auth/login,1
http://secure-instagram-login.ga/account/suspended,1
http://fihfffbf.yahoo-login.club/login,1
http://chase-verify-account.gq/verify/identity,1
http://google.verify-account.top/account/verify,1
http://hsbc.verify-account.tk/secure/login,1
http://facebook-verify.xyz/?token=f8e7998e673cc3225c49985d80618ede,1
http://bankofamerica.verify-account.link/secure/login,1
http://secure-hsbc-login.online/banking/secure,1
http://ebay70-secure.link/confirm/email,1
http://cfgabjai.microsoft-login.gq/confirm/email,1
http://twitter-secure.online/password/reset,1
http://linkedin-verify.ml/?token=30aaae30fd0ec065cf38d6d3b984abf1,1
http://microsoft-verify.buzz/?token=cceb1709aabe86df251ec2d666348118,1
http://ch4se-secure.ga/user/verify,1
http://secure-facebook-login.ml/confirm/email,1
http://linkedin-account-update.club/account/suspended,1
http://wellsf4rg0-secure.gq/login,1
http://netflix.verify-account.ml/user/verify,1
http://p4yp4l-secure.site/login,1
http://citibank-secure-login-verify.cf/banking/secure,1
http://deeihdga.google-login.link/password/reset,1
http://linkedin-account-update.ml/password/reset,1
http://microsoft-verify.top/?token=35551f79dd940afd63c9f22d1d628d8d,1
http://bankofamerica-account-update.ga/password/reset,1
http://amazon-secure-login-verify.ml/account/verify,1
http://secure-linkedin-login.tk/verify,1
http://afdheaca.linkedin-login.click/banking/secure,1
http://secure-google-login.top/login,1
http://instagram22-secure.link/verify,1
http://paypal-verify-account.club/account/suspended,1
http://login-chase-secure.gq/update/account,1
http://dropbox.verify-account.xyz/verify/identity,1
http://twitter-secure.live/account/suspended,1
http://jdafbiib.twitter-login.ml/verify,1
http://inst4gr4m-secure.online/verify/identity,1
http://dropbox-verify-account.click/auth/login,1
http://yahoo12-secure.tk/account/verify,1
http://chase-account-update.buzz/account/suspended,1
http://linkedin-verify-account.site/secure/login,1
http://ebay-verify-account.buzz/banking/secure,1
http://bankofamerica55-secure.buzz/banking/secure,1
http://dropbox-secure-login-verify.tk/confirm/email,1
http://secure-instagram-login.ml/auth/login,1
http://twitter-secure.top/account/verify,1
http://citibank-secure-login-verify.tk/account/suspended,1
http://login-apple-secure.link/signin,1
http://chase-account-update.buzz/confirm/email,1
http://b4nk0f4meric4-secure.ml/login,1
http://hsbc15-secure.top/signin,1
http://linkedin87-secure.ml/login,1
http://login-office365-secure.live/confirm/email,1
http://chase-secure-login-verify.live/password/reset,1
http://ebay-verify-account.club/banking/secure,1
http://linkedin-account-update.ga/password/reset,1
http://citib4nk-secure.xyz/auth/login,1
http://y4h00-secure.xyz/signin,1
http://google-secure-login-verify.cf/verify/identity,1
http://microsoft-account-update.link/login,1
http://login-ebay-secure.ml/banking/secure,1
http://outlook-verify-account.online/auth/login,1
http://0ffice365-secure.site/account/verify,1
http://twitter-verify-account.click/confirm/email,1
http://login-wellsfargo-secure.ga/auth/login,1
http://microsoft-verify.top/?token=55b7f039440962c12a95ca4249ecdd0a,1
http://0utl00k-secure.ga/account/suspended,1
http://office365-secure-login-verify.ga/login,1
http://ebay.verify-account.club/auth/login,1
http://yahoo23-secure.live/user/verify,1
http://twitter.verify-account.gq/secure/login,1
http://office365-verify.ga/?token=8e139020f7f1b0fa467de8ba413c5c29,1
http://citibank-account-update.gq/verify/identity,1
http://instagram-verify.click/?token=1d4b12b67be1c7c4cf7faaf3a95432d7,1
http://wellsfargo-account-update.live/banking/secure,1
http://secure-outlook-login.online/banking/secure,1
http://linkedin-secure-login-verify.top/signin,1
http://ccgafcdg.netflix-login.xyz/account/verify,1
http://ebay-verify.ga/?token=55b934fe6c35f26cf1f0acad9a0179bf,1
http://ch4se-secure.online/user/verify,1
http://secure-twitter-login.tk/auth/login,1
http://outlook-verify-account.xyz/update/account,1
http://citib4nk-secure.top/confirm/email,1
http://secure-office365-login.click/signin,1
http://netflix-verify.site/?token=2ee4a260f13767eeac95c27db7dbfdb7,1
http://secure-microsoft-login.online/login,1
http://wellsfargo.verify-account.live/confirm/email,1
http://microsoft-verify-account.cf/verify/identity,1
http://ebay.verify-account.click/account/verify,1
http://citibank-verify-account.xyz/confirm/email,1
http://paypal-verify-account.cf/banking/secure,1
http://outlook-verify-account.site/account/suspended,1
http://microsoft.verify-account.link/user/verify,1
http://apple-secure-login-verify.buzz/update/account,1
http://ebay-verify.ml/?token=026e9dbb62b774e9fb5c413aeafa5668,1
http://login-hsbc-secure.tk/secure/login,1
http://hsbc-verify-account.online/account/verify,1
http://idjcejbd.paypal-login.ga/signin,1
http://dr0pb0x-secure.site/secure/login,1
http://hsbc-secure.buzz/secure/login,1
http://cggjegcg.instagram-login.ga/banking/secure,1
http://instagram.verify-account.top/account/suspended,1
http://linkedin-secure-login-verify.tk/verify,1
http://linkedin-secure-login-verify.tk/login,1
http://paypal-secure-login-verify.ga/verify,1
http://hsbc-verify-account.gq/account/verify,1
http://office365-verify.xyz/?token=80b7b934e6cda8aee21e264732218d6a,1
http://amazon-verify.club/?token=ab1974f836781b8bb50aa3cbeb9f70ed,1
http://outlook.verify-account.cf/password/reset,1
http://citibank30-secure.buzz/update/account,1
http://instagram-verify.site/?token=6addda8a36300f559341b19765c25c86,1
http://login-office365-secure.link/update/account,1
http://wellsfargo-account-update.link/update/account,1
http://ebay-secure-login-verify.ml/banking/secure,1
http://office365-verify-account.club/password/reset,1
http://twitter-account-update.buzz/signin,1
http://twitter-verify-account.site/account/verify,1
http://dropbox-verify.site/?token=80f2b771c8bca5338feed351be94fa73,1
http://secure-instagram-login.cf/password/reset,1
http://login-dropbox-secure.buzz/signin,1
http://wellsfargo.verify-account.top/account/suspended,1
http://secure-apple-login.gq/update/account,1
http://eb4y-secure.link/password/reset,1
http://secure-bankofamerica-login.xyz/user/verify,1
http://wellsf4rg0-secure.xyz/login,1
http://google-verify-account.click/verify/identity,1
http://amazon-secure-login-verify.tk/update/account,1
http://google.verify-account.top/signin,1
http://hjhgajia.hsbc-login.ga/auth/login,1
http://office365-account-update.online/verify,1
http://outlook-secure-login-verify.link/secure/login,1
http://login-yahoo-secure.site/login,1
http://wellsfargo-account-update.club/verify,1
http://gfeijjcj.netflix-login.tk/login,1
http://chase-secure-login-verify.gq/account/suspended,1
http://secure-google-login.site/verify,1
http://login-google-secure.click/auth/login,1
http://apple-secure-login-verify.ml/login,1
http://login-netflix-secure.click/signin,1
http://wellsfargo-verify-account.link/secure/login,1
http://dropbox-account-update.top/signin,1
http://paypal-secure-login-verify.ml/account/verify,1
http://twitter-secure-login-verify.click/signin,1
http://login-ebay-secure.ga/confirm/email,1
http://netflix.verify-account.gq/password/reset,1
http://yahoo-verify.tk/?token=0add3b3dcf628401b031e737ccc36e4e,1
http://instagram-secure-login-verify.click/account/suspended,1
http://office365-verify-account.top/auth/login,1
http://microsoft-account-update.tk/secure/login,1
http://ahafeidd.instagram-login.xyz/confirm/email,1
http://amazon-secure-login-verify.click/password/reset,1
http://login-facebook-secure.click/banking/secure,1
http://secure-dropbox-login.site/login,1
http://secure-chase-login.site/signin,1
http://jjebbhdh.paypal-login.buzz/account/suspended,1
http://netflix75-secure.ml/account/verify,1
http://linkedin-secure.tk/auth/login,1
http://facebook94-secure.site/update/account,1
http://ebay-verify.site/?token=1d1833f136b97e14b1d08a509047bc9e,1
http://f4ceb00k-secure.ga/account/verify,1
http://paypal60-secure.online/login,1
http://login-instagram-secure.xyz/account/suspended,1
http://jffcjiha.apple-login.site/verify,1
http://login-dropbox-secure.live/account/suspended,1
http://secure-outlook-login.ga/signin,1
http://hsbc-secure-login-verify.ga/account/suspended,1
http://login-chase-secure.click/secure/login,1
http://ch4se-secure.ml/verify,1
http://dropbox-verify-account.ml/login,1
http://login-ebay-secure.club/login,1
http://linkedin-verify.ml/?token=e405156d0b35fb5afb23565c8dada1cf,1
http://login-apple-secure.buzz/password/reset,1
http://instagram-account-update.xyz/account/suspended,1
http://beifjhbj.twitter-login.live/verify,1
http://paypal-verify-account.link/user/verify,1
http://citibank-account-update.buzz/confirm/email,1
http://microsoft-secure-login-verify.top/verify/identity,1
http://ebay-verify.top/?token=5ed7eee900e1a2e52b5b0c97cacbffa3,1
http://citibank-secure-login-verify.site/user/verify,1
http://microsoft-account-update.buzz/account/suspended,1
http://microsoft57-secure.gq/verify,1
http://secure-facebook-login.buzz/account/verify,1
http://login-apple-secure.live/verify/identity,1
http://login-amazon-secure.gq/auth/login,1
http://netflix-verify.club/?token=4d8597e9cf7df6b867f47152cab12ade,1
http://login-chase-secure.click/auth/login,1
http://paypal.verify-account.buzz/verify/identity,1
http://dropbox-secure-login-verify.tk/auth/login,1
http://secure-google-login.click/secure/login,1
http://facebook99-secure.site/account/verify,1
http://gdiahded.bankofamerica-login.buzz/verify/identity,1
http://dropbox-verify-account.site/user/verify,1
http://microsoft-verify.live/?token=96d56191e64b0297938a6849c6d530a2,1
http://twitter-verify-account.club/confirm/email,1
http://apple.verify-account.live/auth/login,1
http://outlook-account-update.site/user/verify,1
http://dbbciggf.paypal-login.live/banking/secure,1
http://ebay-verify-account.ml/banking/secure,1
http://b4nk0f4meric4-secure.buzz/confirm/email,1
http://instagram-verify.ga/?token=5848cf49722b6ed30d58aad339794ee1,1
http://ciaejbed.twitter-login.link/verify/identity,1
http://bankofamerica-account-update.cf/password/reset,1
http://linkedin82-secure.click/banking/secure,1
http://micr0s0ft-secure.buzz/confirm/email,1
http://twitter.verify-account.ga/update/account,1
http://login-outlook-secure.ga/user/verify,1
http://bankofamerica.verify-account.live/password/reset,1
http://amazon.verify-account.club/verify/identity,1
http://login-yahoo-secure.top/update/account,1
http://bankofamerica-account-update.club/auth/login,1
http://login-dropbox-secure.gq/confirm/email,1
http://login-google-secure.top/banking/secure,1
http://gejcjgag.linkedin-login.link/account/verify,1
http://hsbc-verify-account.club/confirm/email,1
http://netflix-secure.gq/password/reset,1
http://login-paypal-secure.club/auth/login,1
http://secure-netflix-login.top/user/verify,1
http://login-apple-secure.ga/account/verify,1
http://bankofamerica-account-update.cf/login,1
http://netflix.verify-account.top/user/verify,1
http://login-ebay-secure.gq/verify,1
http://b4nk0f4meric4-secure.live/verify/identity,1
http://secure-facebook-login.ga/signin,1
http://secure-wellsfargo-login.gq/account/verify,1
http://hsbc25-secure.ga/update/account,1
http://secure-linkedin-login.site/banking/secure,1
http://twitter-secure.site/account/suspended,1
http://netflix-account-update.ml/verify,1
http://twitter-verify-account.club/banking/secure,1
http://linkedin.verify-account.top/verify/identity,1
http://bankofamerica-account-update.xyz/user/verify,1
http://chase98-secure.gq/update/account,1
http://hsbc-secure.xyz/verify,1
http://amazon-verify.top/?token=ed9e8fe106b3839c46a0a5bc782d5a0e,1
http://office365-account-update.buzz/update/account,1
http://paypal51-secure.cf/update/account,1
http://b4nk0f4meric4-secure.site/update/account,1
http://apple64-secure.top/account/verify,1
http://paypal-verify.club/?token=6348d417d5a40ac5d3597908a9ca1940,1
http://hsbc-secure.click/user/verify,1
http://citib4nk-secure.live/banking/secure,1
http://google-verify-account.gq/password/reset,1
http://facebook-account-update.xyz/login,1
http://daeebbba.yahoo-login.link/account/verify,1
http://netflix-account-update.live/account/verify,1
http://yahoo-verify-account.buzz/password/reset,1
http://ebay-secure-login-verify.ml/user/verify,1
http://eb4y-secure.ml/signin,1
http://bankofamerica-verify.ga/?token=bc078ccd15c6f3f521c2c0c525599c92,1
http://linkedin-secure-login-verify.cf/confirm/email,1
http://chase27-secure.online/user/verify,1
http://twitter-secure.club/confirm/email,1
http://y4h00-secure.top/account/suspended,1
http://citibank-verify.link/?token=c489c111e18e165ef16a0c32182c26c6,1
http://apple-verify-account.top/password/reset,1
http://wellsfargo-verify.cf/?token=af7b20f5026b740993fb128869c4df4b,1
http://wellsfargo-verify-account.click/login,1
http://yahoo.verify-account.site/signin,1
http://login-office365-secure.live/secure/login,1
http://p4yp4l-secure.online/banking/secure,1
http://login-microsoft-secure.club/login,1
http://wellsfargo31-secure.club/signin,1
http://amazon-verify-account.club/banking/secure,1
http://4m4z0n-secure.club/secure/login,1
http://linkedin-secure-login-verify.ga/account/verify,1
http://office365-verify.site/?token=31c804fba78a1715acfc43c6453aa438,1
http://chase.verify-account.site/verify/identity,1
http://dropbox-verify.cf/?token=447fd3f795e6f04354ce0b6de967b8d1,1
http://ebay-verify.click/?token=6603630b4087f1b6e462302e3aa962c5,1
http://dffebdcb.chase-login.club/secure/login,1
http://hsbc-verify-account.buzz/user/verify,1
http://micr0s0ft-secure.tk/signin,1
http://outlook-verify-account.gq/verify/identity,1
http://office365-secure-login-verify.cf/confirm/email,1
http://outlook86-secure.site/auth/login,1
http://instagram-verify-account.link/verify,1
http://instagram-secure-login-verify.gq/user/verify,1
http://microsoft-account-update.online/password/reset,1
http://amazon-verify.link/?token=5de828ac40c394cff2c37882b3976143,1
http://dcfjjefc.office365-login.cf/banking/secure,1
http://dropbox-verify-account.click/verify,1
http://twitter-verify.top/?token=cfae6380773241929fe2869da88c8990,1
http://paypal.verify-account.buzz/update/account,1
http://citibank-verify.ml/?token=f993e82ace9ee306fb8906cc87a914fe,1
http://paypal-account-update.link/update/account,1
http://secure-microsoft-login.top/login,1
http://caijbigh.apple-login.club/password/reset,1
http://dropbox-secure-login-verify.tk/auth/login,1
http://facebook-verify.cf/?token=7fdb6cb2a2c82680f8f7f0d05e2a422f,1
http://login-google-secure.ml/password/reset,1
http://office365.verify-account.top/confirm/email,1
http://djghbfbg.amazon-login.gq/user/verify,1
http://0ffice365-secure.cf/banking/secure,1
http://bankofamerica-account-update.ml/login,1
http://secure-google-login.live/account/verify,1
http://ebay-verify.online/?token=b57dca7929c1710024f12595c281de99,1
http://login-paypal-secure.top/verify,1
http://gdihjhed.instagram-login.link/account/verify,1
http://secure-citibank-login.ml/account/verify,1
http://hsbc-secure.club/password/reset,1
http://amazon-account-update.cf/update/account,1
http://bankofamerica.verify-account.online/update/account,1
http://secure-dropbox-login.ga/login,1
http://secure-hsbc-login.ga/account/suspended,1
http://facebook-verify.online/?token=8a56a5cfe036496894eb127b606e7127,1
http://b4nk0f4meric4-secure.top/user/verify,1
http://hehchgag.linkedin-login.cf/auth/login,1
http://linkedin55-secure.online/user/verify,1
http://office365-verify.club/?token=a40c4ef74ece1a2fac5d93ab52b6cdf2,1
http://amazon-verify-account.gq/auth/login,1
http://4m4z0n-secure.online/password/reset,1
http://microsoft-account-update.gq/account/verify,1
http://hsbc-account-update.cf/verify/identity,1
http://b4nk0f4meric4-secure.top/banking/secure,1
http://apple-verify.live/?token=12198f03184e9ff39af8d4c5bb289ebd,1
http://chase26-secure.ml/account/suspended,1
http://ch4se-secure.ml/verify/identity,1
http://login-hsbc-secure.live/verify/identity,1
http://outlook-verify-account.ml/verify/identity,1
http://wellsfargo-verify-account.live/update/account,1
http://secure-google-login.site/password/reset,1
http://google-verify.cf/?token=eec6a6c4681a52ea7f7c865e9a5390e7,1
http://paypal-verify-account.site/secure/login,1
http://facebook-verify-account.click/account/suspended,1
http://secure-office365-login.xyz/update/account,1
http://chase84-secure.club/user/verify,1
http://y4h00-secure.xyz/account/suspended,1
http://linkedin.verify-account.link/banking/secure,1
http://twitter-account-update.tk/verify,1
http://apple-secure-login-verify.gq/secure/login,1
http://paypal.verify-account.tk/auth/login,1
http://google-account-update.click/signin,1
http://linkedin-account-update.buzz/account/suspended,1
http://twitter70-secure.click/auth/login,1
http://google.verify-account.ga/account/verify,1
http://secure-ebay-login.top/account/suspended,1
http://hsbc-secure-login-verify.top/auth/login,1
http://google-account-update.ml/banking/secure,1
http://linkedin-verify-account.link/verify,1
http://secure-microsoft-login.ml/login,1
http://ebay-account-update.tk/account/suspended,1
http://0utl00k-secure.tk/account/verify,1
http://fbfgfghf.google-login.cf/user/verify,1
http://citibank30-secure.cf/verify/identity,1
http://netflix-verify-account.tk/user/verify,1
http://y4h00-secure.link/user/verify,1
http://outlook-account-update.ml/signin,1
http://login-netflix-secure.gq/confirm/email,1
http://secure-netflix-login.tk/banking/secure,1
http://instagram-secure-login-verify.click/confirm/email,1
http://dropbox-verify-account.xyz/secure/login,1
http://dropbox-account-update.tk/login,1
http://office365.verify-account.site/signin,1
http://microsoft-verify.online/?token=ef7b56a8d9efa1e26f71f5f71d76d074,1
http://outlook-verify-account.buzz/signin,1
http://amazon-verify.gq/?token=9996306a01a3e879037c6d1ab42aa18e,1
http://amazon-account-update.online/confirm/email,1
http://cahdfecg.instagram-login.ml/account/verify,1
http://outlook.verify-account.online/account/verify,1
http://facebook86-secure.ga/banking/secure,1
http://paypal-verify.link/?token=c2887cf95f9b3b30ade76d12d5d87d92,1
http://amazon-account-update.cf/account/suspended,1
http://citibank76-secure.cf/banking/secure,1
http://fhjcdeaa.linkedin-login.top/confirm/email,1
http://instagram54-secure.tk/banking/secure,1
http://facebook-verify.site/?token=0bfe2b6eb125558b2be878b2c5aff40f,1
http://twitter-secure-login-verify.ml/account/suspended,1
http://login-outlook-secure.ga/confirm/email,1
http://twitter-account-update.link/verify/identity,1
http://ibiggdji.dropbox-login.club/signin,1
http://chase-secure-login-verify.live/confirm/email,1
http://p4yp4l-secure.xyz/account/verify,1
http://google-secure-login-verify.tk/user/verify,1
http://secure-apple-login.ml/banking/secure,1
http://instagram.verify-account.online/confirm/email,1
http://secure-dropbox-login.cf/password/reset,1
http://microsoft-verify.live/?token=56022479f4193e63b48abd66769d742d,1
http://dr0pb0x-secure.link/banking/secure,1
http://secure-paypal-login.buzz/confirm/email,1
http://dropbox.verify-account.site/update/account,1
http://ifdchedb.bankofamerica-login.buzz/signin,1
http://google-verify.buzz/?token=75f01caa08885b9de365fcfb0ddce535,1
http://amazon-verify.xyz/?token=a29c5e4195d7769ee57c548d56688ddc,1
http://office36561-secure.click/banking/secure,1
http://dropbox-verify-account.site/auth/login,1
http://netflix-secure-login-verify.xyz/verify,1
http://bankofamerica-verify.top/?token=917f285b291a86e8813b0b8e04997d61,1
http://iejigjih.linkedin-login.ml/account/suspended,1
http://facebook-verify.ga/?token=92751a284fc8c652a96033340a2f5d97,1
http://chase-secure-login-verify.club/signin,1
http://login-linkedin-secure.top/verify/identity,1
http://4pple-secure.tk/verify/identity,1
http://paypal-verify.ga/?token=a639161622585063c176a98d23451e10,1
http://facebook17-secure.site/confirm/email,1
http://ideedgaf.dropbox-login.click/secure/login,1
http://facebook-verify.online/?token=9e1f76dfccc909dd709ec89da86916e6,1
http://wellsfargo-verify-account.ga/update/account,1
http://secure-citibank-login.online/update/account,1
http://apple-secure-login-verify.cf/banking/secure,1
http://secure-dropbox-login.gq/signin,1
http://bankofamerica-account-update.buzz/auth/login,1
http://dropbox.verify-account.click/password/reset,1
http://yahoo36-secure.xyz/login,1
http://wellsfargo-secure-login-verify.buzz/verify/identity,1
http://secure-ebay-login.ga/account/verify,1
http://dropbox-account-update.top/account/verify,1
http://login-twitter-secure.ml/verify,1
http://secure-chase-login.buzz/confirm/email,1
http://secure-outlook-login.ga/banking/secure,1
http://secure-instagram-login.club/password/reset,1
http://facebook.verify-account.gq/verify/identity,1
http://netflix-account-update.tk/login,1
http://inst4gr4m-secure.buzz/banking/secure,1
http://paypal.verify-account.online/account/suspended,1
http://linkedin-account-update.ml/password/reset,1
http://twitter-verify.xyz/?token=add64426de06bf128edb25464b930a94,1
http://linkedin49-secure.gq/account/suspended,1
http://secure-linkedin-login.buzz/account/suspended,1
http://login-microsoft-secure.gq/banking/secure,1
http://secure-instagram-login.club/user/verify,1
http://citibank36-secure.cf/login,1
http://apple-account-update.live/banking/secure,1
http://login-ebay-secure.top/auth/login,1
http://hbjciagg.chase-login.site/account/verify,1
http://login-ebay-secure.club/password/reset,1
http://netflix-verify-account.live/account/verify,1
http://secure-chase-login.xyz/account/verify,1
http://microsoft84-secure.site/auth/login,1
http://citibank20-secure.gq/verify/identity,1
http://p4yp4l-secure.ml/update/account,1
http://login-wellsfargo-secure.top/confirm/email,1
http://wellsf4rg0-secure.live/password/reset,1
http://wellsfargo-account-update.live/banking/secure,1
http://linkedin-verify.club/?token=be340c35b5dfe70cf3081d403ef3a2f6,1
http://linkedin-secure-login-verify.top/update/account,1
http://chase-verify.ga/?token=a1ac7ac61d4d5c54157c5e2ed90063aa,1
http://office365-secure-login-verify.online/confirm/email,1
http://paypal-account-update.buzz/banking/secure,1
http://jehigbed.apple-login.top/secure/login,1
http://chase-verify-account.live/secure/login,1
http://dr0pb0x-secure.top/verify/identity,1
http://ebay.verify-account.live/login,1
http://netflix-secure-login-verify.club/signin,1
http://linkedin91-secure.click/account/suspended,1
http://deccefdj.office365-login.tk/login,1
http://login-netflix-secure.buzz/account/verify,1
http://hsbc-secure.click/auth/login,1
http://bankofamerica.verify-account.ml/auth/login,1
http://paypal-secure-login-verify.live/update/account,1
http://login-citibank-secure.gq/signin,1
http://hefjfcec.netflix-login.club/auth/login,1
http://twitter.verify-account.gq/login,1
http://wellsfargo.verify-account.online/update/account,1
http://netflix-secure-login-verify.online/login,1
http://f4ceb00k-secure.buzz/update/account,1
http://login-apple-secure.ga/login,1
http://yahoo-secure-login-verify.live/user/verify,1
http://twitter.verify-account.top/verify/identity,1
http://hccedjbb.facebook-login.cf/account/verify,1
http://chase-account-update.top/login,1
http://0utl00k-secure.club/signin,1
http://outlook-account-update.online/login,1
http://bankofamerica-secure-login-verify.link/secure/login,1
http://ebay-secure-login-verify.cf/confirm/email,1
http://p4yp4l-secure.cf/user/verify,1
http://eehfgieb.netflix-login.club/confirm/email,1
http://micr0s0ft-secure.click/update/account,1
http://instagram-secure-login-verify.buzz/user/verify,1
http://bankofamerica-secure-login-verify.gq/auth/login,1
http://outlook-verify-account.buzz/account/suspended,1
http://y4h00-secure.live/login,1
http://login-linkedin-secure.tk/update/account,1
http://ebay-account-update.ga/account/verify,1
http://chase-secure-login-verify.ml/auth/login,1
http://wellsfargo-account-update.xyz/signin,1
http://0utl00k-secure.gq/update/account,1
http://paypal71-secure.ml/user/verify,1
http://netflix-secure.click/auth/login,1
http://secure-microsoft-login.xyz/signin,1
http://linkedin-verify.click/?token=b282086336b845afbb76d8012611243c,1
http://login-netflix-secure.buzz/verify,1
http://chase-verify-account.xyz/banking/secure,1
http://secure-ebay-login.top/signin,1
http://secure-yahoo-login.ga/account/verify,1
http://fbbfjhcg.google-login.click/account/verify,1
http://netflix-verify-account.club/password/reset,1
http://login-dropbox-secure.club/update/account,1
http://secure-office365-login.gq/confirm/email,1
http://hsbc-secure.cf/auth/login,1
http://wellsfargo-verify-account.top/signin,1
http://secure-facebook-login.top/verify/identity,1
http://4m4z0n-secure.live/account/verify,1
http://wellsfargo-verify-account.site/update/account,1
http://citibank-verify-account.gq/banking/secure,1
http://login-facebook-secure.tk/signin,1
http://citibank-verify-account.xyz/password/reset,1
http://secure-office365-login.tk/signin,1
http://instagram.verify-account.link/password/reset,1
http://eb4y-secure.ga/account/verify,1
http://facebook.verify-account.gq/update/account,1
http://outlook.verify-account.click/banking/secure,1
http://secure-apple-login.xyz/confirm/email,1
http://idegfgib.instagram-login.tk/verify/identity,1
http://paypal-secure-login-verify.site/account/suspended,1
http://microsoft-secure-login-verify.site/verify/identity,1
http://office36513-secure.xyz/secure/login,1
http://chase-verify-account.ml/signin,1
http://apple-account-update.click/login,1
http://citibank-verify-account.xyz/auth/login,1
http://wellsfargo-verify-account.click/secure/login,1
http://cheafagj.office365-login.click/login,1
http://login-twitter-secure.xyz/verify/identity,1
http://instagram.verify-account.cf/confirm/email,1
http://bankofamerica.verify-account.cf/secure/login,1
http://ch4se-secure.xyz/confirm/email,1
http://yahoo74-secure.live/verify/identity,1
http://amazon-verify.top/?token=e03d3273ae3ee44ef8910fd6216386db,1
http://login-linkedin-secure.club/verify,1
http://gdffajjd.wellsfargo-login.tk/banking/secure,1
http://ebay-secure-login-verify.click/banking/secure,1
http://google-secure-login-verify.tk/verify/identity,1
http://login-wellsfargo-secure.ml/verify/identity,1
http://wellsfargo-account-update.top/login,1
http://secure-linkedin-login.site/auth/login,1
http://login-twitter-secure.click/confirm/email,1
http://ebay-secure-login-verify.live/verify/identity,1
http://dropbox-verify-account.live/login,1
http://secure-wellsfargo-login.gq/confirm/email,1
http://aadjjchb.dropbox-login.buzz/banking/secure,1
http://apple-account-update.cf/verify,1
http://bankofamerica-secure-login-verify.ml/update/account,1
http://amazon76-secure.xyz/auth/login,1
http://ebay-secure-login-verify.cf/user/verify,1
http://google-verify-account.club/verify,1
http://chase29-secure.link/login,1
http://paypal-account-update.live/update/account,1
http://bankofamerica-verify-account.ga/verify/identity,1
http://login-netflix-secure.buzz/signin,1
http://twitter-secure.gq/confirm/email,1
http://bankofamerica-account-update.site/user/verify,1
http://linkedin-account-update.live/verify,1
http://apple-verify-account.ml/account/suspended,1
http://secure-paypal-login.site/signin,1
http://yahoo-account-update.cf/secure/login,1
http://microsoft-verify-account.click/secure/login,1
http://login-twitter-secure.link/login,1
http://gibieiff.dropbox-login.online/account/verify,1
http://secure-linkedin-login.xyz/verify/identity,1
http://login-microsoft-secure.tk/confirm/email,1
http://apple-account-update.ga/signin,1
http://login-dropbox-secure.site/user/verify,1
http://g00gle-secure.online/signin,1
http://amazon.verify-account.click/password/reset,1
http://secure-wellsfargo-login.ml/secure/login,1
http://login-citibank-secure.gq/banking/secure,1
http://ebay-secure-login-verify.click/verify/identity,1
http://netflix74-secure.live/update/account,1
http://dropbox26-secure.club/secure/login,1
http://fjbhjibd.citibank-login.ga/verify/identity,1
http://facebook35-secure.ml/password/reset,1
http://bankofamerica-verify.tk/?token=9462f9ef2221ae0085229e5715c4fb7d,1
http://wellsfargo.verify-account.online/update/account,1
http://secure-netflix-login.tk/update/account,1
http://wellsf4rg0-secure.ml/signin,1
http://dropbox-verify-account.link/secure/login,1
http://twitter-account-update.click/secure/login,1
http://p4yp4l-secure.live/signin,1
http://dfiddhdj.wellsfargo-login.tk/secure/login,1
http://netflix.verify-account.tk/user/verify,1
http://dropbox-verify-account.tk/verify/identity,1
http://chase-account-update.ga/account/verify,1
http://twitter-verify.click/?token=c03aaad4de3f5575452b82a588b3c3d0,1
http://instagram-verify.online/?token=83a8dcc7f281edbe958d01151aa00960,1
http://paypal-secure-login-verify.live/banking/secure,1
http://secure-apple-login.ml/auth/login,1
http://login-microsoft-secure.link/verify,1
http://apple-account-update.tk/user/verify,1
http://secure-outlook-login.top/auth/login,1
http://hbchfbac.dropbox-login.online/verify/identity,1
http://chase-secure-login-verify.live/user/verify,1
http://y4h00-secure.ml/password/reset,1
http://wellsfargo-secure-login-verify.top/password/reset,1
http://amazon39-secure.cf/auth/login,1
http://gcjfhfja.microsoft-login.ml/account/verify,1
http://outlook-secure-login-verify.live/secure/login,1
http://badcfaha.chase-login.tk/verify,1
http://office365-account-update.buzz/account/suspended,1
http://login-wellsfargo-secure.cf/password/reset,1
http://microsoft-secure-login-verify.tk/account/suspended,1
http://bankofamerica80-secure.site/update/account,1
http://secure-chase-login.site/secure/login,1
http://google-verify.site/?token=3db60803c00113f2b7e19bf69a22e01c,1
http://netflix-secure.site/user/verify,1
http://dropbox-verify-account.link/confirm/email,1
http://ch4se-secure.link/login,1
http://microsoft-account-update.tk/signin,1
http://fachecgh.ebay-login.tk/update/account,1
http://twitter-secure.site/user/verify,1
http://login-google-secure.xyz/account/suspended,1
http://wellsfargo-secure-login-verify.tk/verify/identity,1
http://twitter.verify-account.link/banking/secure,1
http://paypal.verify-account.cf/password/reset,1
http://yahoo-verify.tk/?token=d4a19040ca4b6610dcf631cef9b74f43,1
http://facebook-verify.click/?token=abf4b94d657a90f25740b82419291783,1
http://netflix-secure-login-verify.buzz/account/verify,1
http://twitter-secure.cf/banking/secure,1
http://secure-facebook-login.top/account/verify,1
http://dropbox-secure-login-verify.top/banking/secure,1
http://hfgdgigj.chase-login.site/confirm/email,1
http://google-account-update.gq/update/account,1
http://ighbadeb.twitter-login.link/banking/secure,1
http://ghgdcgda.paypal-login.online/account/suspended,1
http://fjheacch.hsbc-login.click/update/account,1
http://chase-account-update.top/user/verify,1
http://facebook-verify-account.buzz/user/verify,1
http://instagram-secure-login-verify.top/user/verify,1
http://linkedin-secure.buzz/auth/login,1
http://twitter-secure.click/verify/identity,1
http://dropbox-account-update.ga/banking/secure,1
http://amazon-verify-account.click/secure/login,1
http://chase-secure-login-verify.xyz/account/suspended,1
http://idahbdcf.netflix-login.ml/verify/identity,1
http://yahoo-account-update.top/account/verify,1
http://gcjhjihc.linkedin-login.top/banking/secure,1
http://apple.verify-account.club/account/verify,1
http://ebay-verify-account.club/secure/login,1
http://b4nk0f4meric4-secure.site/verify,1
http://y4h00-secure.cf/signin,1
http://google-verify.xyz/?token=01243be23131297abe814e92df984640,1
http://f4ceb00k-secure.click/banking/secure,1
http://wellsfargo-verify.link/?token=f6ab754bcc80bdbd1f42e4598d02a829,1
http://dr0pb0x-secure.site/signin,1
http://wellsfargo25-secure.link/password/reset,1
http://aaecfgeh.paypal-login.link/confirm/email,1
http://0utl00k-secure.ga/verify/identity,1
http://instagram69-secure.cf/auth/login,1
http://gaccbbaa.netflix-login.top/update/account,1
http://login-microsoft-secure.link/banking/secure,1
http://outlook-secure-login-verify.ga/verify/identity,1
http://twitter-verify-account.ga/account/suspended,1
http://login-citibank-secure.club/account/suspended,1
http://login-bankofamerica-secure.buzz/user/verify,1
http://twitter-secure.cf/secure/login,1
http://office365.verify-account.online/password/reset,1
http://bankofamerica-account-update.buzz/user/verify,1
http://p4yp4l-secure.ga/verify,1
http://hsbc-secure-login-verify.live/update/account,1
http://paypal29-secure.link/account/suspended,1
http://citib4nk-secure.site/user/verify,1
http://secure-microsoft-login.buzz/update/account,1
http://netflix-secure.link/password/reset,1
http://apple.verify-account.site/user/verify,1
http://wellsfargo-account-update.top/account/verify,1
http://paypal-account-update.site/verify,1
http://chase43-secure.link/confirm/email,1
http://paypal-verify.ga/?token=336e6ac18ac93d28aed42565026a2b53,1
http://login-amazon-secure.gq/secure/login,1
http://linkedin-account-update.buzz/banking/secure,1
http://outlook-verify.gq/?token=38325e54f2b7217d2c8737bf7f10225f,1
http://bankofamerica-account-update.site/login,1
http://amazon.verify-account.online/signin,1
http://citibank.verify-account.buzz/account/suspended,1
http://hebhahcf.bankofamerica-login.link/secure/login,1
http://yahoo13-secure.buzz/signin,1
http://chajajej.outlook-login.site/verify,1
http://chase.verify-account.click/update/account,1
http://login-netflix-secure.gq/update/account,1
http://login-outlook-secure.tk/login,1
http://apple-verify.live/?token=1f1748e3ce5c2ce3611a15783e7351e5,1
http://secure-microsoft-login.top/confirm/email,1
http://netflix63-secure.live/user/verify,1
http://dropbox56-secure.tk/verify,1
http://y4h00-secure.ga/update/account,1
http://facebook-secure-login-verify.click/banking/secure,1
http://hsbc-secure.cf/user/verify,1
http://secure-wellsfargo-login.cf/signin,1
http://apple-verify.club/?token=0dbefb4e187aef26f3f7869029df9457,1
http://citib4nk-secure.top/auth/login,1
http://office365.verify-account.link/verify/identity,1
http://jhafhace.chase-login.click/login,1
http://chase-verify.gq/?token=26b51d00a94db4a3922f49af6dbb7cce,1
http://amazon-account-update.site/account/suspended,1
http://instagram.verify-account.buzz/account/verify,1
http://citibank.verify-account.ga/banking/secure,1
http://amazon-account-update.ml/login,1
http://office365-verify.online/?token=299b2de91b660d88652e5cc601c7e7e4,1
http://secure-netflix-login.click/password/reset,1
http://dropbox-secure-login-verify.site/confirm/email,1
http://instagram76-secure.club/user/verify,1
http://login-google-secure.live/account/suspended,1
http://gbdeajci.dropbox-login.club/secure/login,1
http://netflix.verify-account.click/user/verify,1
http://bankofamerica52-secure.ga/signin,1
http://secure-citibank-login.top/secure/login,1
http://netflix-secure.site/secure/login,1
http://apple.verify-account.live/confirm/email,1
http://paypal.verify-account.link/auth/login,1
http://wellsfargo.verify-account.cf/verify/identity,1
http://login-wellsfargo-secure.top/confirm/email,1
http://login-google-secure.tk/password/reset,1
http://facebook.verify-account.link/verify,1
http://secure-apple-login.ga/password/reset,1
http://twitter-verify.top/?token=c8dd12e94b21e82f2aef348f64446f62,1
http://0ffice365-secure.live/login,1
http://secure-chase-login.gq/signin,1
http://wellsfargo-verify.live/?token=4ee3d0d1fb9f86cac9211bfaf4b9f9af,1
http://chase-account-update.live/signin,1
http://instagram16-secure.gq/auth/login,1
http://jjihfjie.office365-login.tk/password/reset,1
http://netflix.verify-account.ml/banking/secure,1
http://secure-amazon-login.click/secure/login,1
http://netflix-verify-account.ga/auth/login,1
http://login-paypal-secure.top/login,1
http://ebay-verify.tk/?token=afcbe176836f3fcac3096d82de74185b,1
http://4m4z0n-secure.top/signin,1
http://secure-ebay-login.click/verify,1
http://microsoft.verify-account.top/auth/login,1
http://hsbc-account-update.cf/update/account,1
http://hsbc-verify.tk/?token=d7ad31db000ad089fa6eff0984085c5b,1
http://paypal-secure-login-verify.gq/account/suspended,1
http://office365-secure-login-verify.club/login,1
http://yahoo-verify.xyz/?token=969b2715dcd6d668a7ee3fb7f783d75d,1
http://apple-secure-login-verify.cf/verify,1
http://login-twitter-secure.top/account/suspended,1
http://bankofamerica24-secure.live/password/reset,1
http://y4h00-secure.xyz/verify,1
http://linkedin-verify-account.tk/verify/identity,1
http://login-bankofamerica-secure.buzz/secure/login,1
http://outlook22-secure.xyz/verify/identity,1
http://amazon-account-update.site/account/verify,1
http://linkedin41-secure.top/verify/identity,1
http://instagram-account-update.top/account/verify,1
http://paypal99-secure.gq/banking/secure,1
http://linkedin-secure.ga/banking/secure,1
http://bhceegbh.paypal-login.site/auth/login,1
http://ebbhibii.paypal-login.link/account/suspended,1
http://instagram.verify-account.link/account/verify,1
http://login-dropbox-secure.tk/banking/secure,1
http://chase-verify-account.top/auth/login,1
http://hsbc-verify.top/?token=ffb9d53a594583632d41d8e125ee056e,1
http://chase83-secure.link/verify,1
http://netflix-verify.link/?token=a190f30718fc9cb4cac84059b07ab986,1
http://citibank.verify-account.link/login,1
http://google.verify-account.site/secure/login,1
http://paypal-verify-account.link/auth/login,1
http://hsbc-account-update.xyz/login,1
http://apple-secure-login-verify.club/account/suspended,1
http://facebook95-secure.online/login,1
http://outlook-verify.club/?token=76b41528b30458ea1df306497cf779fd,1
http://yahoo-verify.buzz/?token=6563faf058501fbcb5e1913f98494e2f,1
http://ebay-verify.site/?token=6ccabd5803c6bb03df4db61df0c651df,1
http://secure-bankofamerica-login.ml/confirm/email,1
http://hjcfbfei.amazon-login.ml/user/verify,1
http://yahoo25-secure.ga/secure/login,1
http://secure-hsbc-login.ga/user/verify,1
http://apple-account-update.ml/user/verify,1
http://google-verify.club/?token=2f863e57f64f95117bebceeff25bff7c,1
http://hsbc.verify-account.ml/login,1
http://twitter-account-update.online/login,1
http://wellsfargo67-secure.site/account/suspended,1
http://chase.verify-account.top/verify,1
http://twitter.verify-account.ga/account/verify,1
http://microsoft-secure-login-verify.top/auth/login,1
http://login-hsbc-secure.xyz/verify/identity,1
http://0ffice365-secure.gq/update/account,1
http://cjgciaha.wellsfargo-login.site/verify/identity,1
http://apple.verify-account.link/banking/secure,1
http://dropbox-account-update.cf/user/verify,1
http://secure-chase-login.cf/user/verify,1
http://login-microsoft-secure.xyz/signin,1
http://google.verify-account.online/auth/login,1
http://citibank-verify-account.site/user/verify,1
http://netflix.verify-account.ml/verify/identity,1
http://instagram36-secure.gq/banking/secure,1
http://login-outlook-secure.cf/verify/identity,1
http://google73-secure.tk/signin,1
http://edgiicjg.amazon-login.link/account/verify,1
http://wellsfargo51-secure.ml/secure/login,1
http://linkedin-secure.top/verify,1
http://facebook42-secure.tk/account/verify,1
http://secure-wellsfargo-login.site/account/suspended,1
http://apple.verify-account.live/account/verify,1
http://linkedin-verify-account.xyz/banking/secure,1
http://cdjjijic.hsbc-login.ga/password/reset,1
http://4m4z0n-secure.buzz/password/reset,1
http://citibank-account-update.xyz/verify/identity,1
http://y4h00-secure.online/signin,1
http://hsbc23-secure.site/verify/identity,1
http://secure-wellsfargo-login.ga/update/account,1
http://google-verify-account.cf/password/reset,1
http://secure-facebook-login.xyz/verify,1
http://linkedin-verify.live/?token=fb28fe729fbdd05a2938f06fb4bf1caf,1
http://secure-linkedin-login.site/verify,1
http://google-verify-account.link/user/verify,1
http://secure-microsoft-login.live/secure/login,1
http://fcchcfdh.yahoo-login.site/user/verify,1
http://yahoo.verify-account.site/account/verify,1
http://microsoft-secure-login-verify.cf/verify,1
http://bankofamerica-verify-account.ml/login,1
http://f4ceb00k-secure.link/account/suspended,1
http://micr0s0ft-secure.club/secure/login,1
http://login-apple-secure.xyz/user/verify,1
http://linkedin-secure-login-verify.buzz/secure/login,1
http://login-ebay-secure.online/auth/login,1
http://wellsfargo.verify-account.top/update/account,1
http://login-linkedin-secure.online/signin,1
http://apple.verify-account.club/verify,1
http://microsoft-secure-login-verify.ga/password/reset,1
http://hsbc.verify-account.live/update/account,1
http://gfjjbbbg.microsoft-login.top/secure/login,1
http://micr0s0ft-secure.tk/account/verify,1
http://outlook-account-update.gq/verify,1
http://login-microsoft-secure.gq/confirm/email,1
http://secure-facebook-login.ga/secure/login,1
http://0ffice365-secure.cf/account/suspended,1
http://djeachab.apple-login.ml/account/suspended,1
http://bfeaeddb.instagram-login.link/verify/identity,1
http://netflix.verify-account.live/password/reset,1
http://office365-secure-login-verify.club/password/reset,1
http://wellsf4rg0-secure.club/secure/login,1
http://office365-verify.buzz/?token=7b1f67adda67a46379c66ce0eb542431,1
http://citibank-account-update.click/account/suspended,1
http://secure-yahoo-login.online/update/account,1
http://instagram-verify-account.online/password/reset,1
http://login-office365-secure.ml/verify/identity,1
http://yahoo-account-update.ga/confirm/email,1
http://login-facebook-secure.click/banking/secure,1
http://citibank-verify.online/?token=85ac8f86d233bb03cbdd55f799a1a288,1
http://yahoo.verify-account.cf/password/reset,1
http://ebay-secure-login-verify.site/verify/identity,1
http://netflix-verify.click/?token=009cb2af3b6eef5cffb77553fb04f858,1
http://paypal-verify.site/?token=ebd78d65a75e118cdc7126799d94d7b2,1
http://login-hsbc-secure.tk/verify/identity,1
http://ebay.verify-account.live/account/suspended,1
http://instagram-verify.gq/?token=57fc7bc590617be7d9ba209a0663e7a7,1
http://0ffice365-secure.tk/auth/login,1
http://fdaaaaba.instagram-login.buzz/confirm/email,1
http://twitter-verify-account.xyz/auth/login,1
http://login-hsbc-secure.xyz/verify,1
http://twitter-secure-login-verify.top/signin,1
http://office365-verify.club/?token=44cb3377dcade1ddeb0baa7aaeddf91e,1
http://secure-amazon-login.buzz/banking/secure,1
http://apple.verify-account.live/account/verify,1
http://chase-verify.top/?token=cb06563692587111fb21b63b9d14ce1a,1
http://dhefighi.chase-login.tk/user/verify,1
http://login-instagram-secure.cf/signin,1
http://office365-verify.live/?token=930e4d4b86238b94d0cfeeddcb3e9df0,1
http://hsbc-secure.xyz/verify,1
http://hsbc35-secure.live/signin,1
http://bgdgddcd.hsbc-login.online/password/reset,1
http://linkedin-verify.click/?token=6854152293848c9b851c48a6e6bbc05f,1
http://dr0pb0x-secure.online/account/suspended,1
http://feaejbeh.twitter-login.tk/login,1
http://linkedin-secure.link/banking/secure,1
http://twitter-secure-login-verify.site/auth/login,1
http://dr0pb0x-secure.tk/signin,1
http://microsoft-verify.online/?token=6dc1aee6ade002974e6464a6d9613583,1
http://secure-twitter-login.top/user/verify,1
http://ibjgafhc.linkedin-login.club/login,1
http://jgiahbda.apple-login.ga/signin,1
http://dropbox-account-update.xyz/login,1
http://twitter-verify.ga/?token=e5c861a795dcb4cb7e4b784aab54d6fc,1
http://bihejchi.google-login.live/secure/login,1
http://secure-office365-login.cf/password/reset,1
http://bankofamerica-verify-account.click/confirm/email,1
http://microsoft-verify-account.link/confirm/email,1
http://bankofamerica.verify-account.live/verify/identity,1
http://cbhacide.yahoo-login.buzz/user/verify,1
http://bankofamerica-secure-login-verify.online/verify,1
http://outlook.verify-account.ml/account/suspended,1
http://chase-verify-account.xyz/auth/login,1
http://twitter.verify-account.link/user/verify,1
http://linkedin-account-update.xyz/verify,1
http://login-apple-secure.ga/update/account,1
http://chase75-secure.site/account/verify,1
http://amazon92-secure.buzz/account/verify,1
http://f4ceb00k-secure.online/auth/login,1
http://bankofamerica-verify.xyz/?token=f7523841de6ecc511e6e06deea0022ce,1
http://citibank-verify.ml/?token=ffd1d89f4e6abb8e17e953a6a739d751,1
http://hsbc-secure-login-verify.site/verify,1
http://apple-verify-account.gq/password/reset,1
http://dropbox-verify-account.cf/account/verify,1
http://wellsfargo-account-update.click/login,1
http://apple-account-update.gq/login,1
http://yahoo.verify-account.cf/account/verify,1
http://jefbjehe.outlook-login.online/secure/login,1
http://dhghdgih.twitter-login.site/confirm/email,1
http://microsoft-account-update.ml/banking/secure,1
http://giiebcij.microsoft-login.club/account/suspended,1
http://twitter-account-update.xyz/verify,1
http://secure-ebay-login.ga/confirm/email,1
http://dropbox-verify.top/?token=0756ea504bc0299f95623a6e43c925c6,1
http://bgdcjcgi.citibank-login.club/banking/secure,1
http://secure-netflix-login.buzz/verify/identity,1
http://hsbc.verify-account.online/account/verify,1
http://citibank.verify-account.click/account/suspended,1
http://facebook-verify-account.tk/update/account,1
http://amazon-secure-login-verify.xyz/verify,1
http://secure-paypal-login.club/banking/secure,1
http://jgdigdhi.google-login.cf/account/verify,1
http://netflix-verify-account.link/banking/secure,1
http://chase-account-update.gq/banking/secure,1
http://secure-microsoft-login.xyz/update/account,1
http://login-paypal-secure.online/user/verify,1
http://netflix-verify.tk/?token=d43f1dd17d9398ebef86418f48ac2a31,1
http://facebook-verify.xyz/?token=bc6279fd9536cd768821f113dd722678,1
http://linkedin11-secure.tk/banking/secure,1
http://bcaegegf.facebook-login.click/account/suspended,1
http://login-dropbox-secure.gq/update/account,1
http://bankofamerica83-secure.xyz/user/verify,1
http://micr0s0ft-secure.cf/update/account,1
http://secure-linkedin-login.site/banking/secure,1
http://instagram.verify-account.top/confirm/email,1
http://secure-linkedin-login.live/confirm/email,1
http://hsbc-secure-login-verify.ml/auth/login,1
http://bankofamerica-verify-account.tk/auth/login,1
http://secure-linkedin-login.click/account/suspended,1
http://amazon-account-update.cf/verify/identity,1
http://office36515-secure.cf/verify/identity,1
http://twitter-verify-account.top/verify,1
http://dropbox-account-update.top/secure/login,1
http://linkedin.verify-account.site/account/verify,1
http://linkedin-secure-login-verify.tk/confirm/email,1
http://hsbc-verify.cf/?token=244535757ffeb6a481c0923413f1a9ed,1
http://dgfbijje.microsoft-login.top/account/suspended,1
http://p4yp4l-secure.cf/banking/secure,1
http://linkedin.verify-account.xyz/banking/secure,1
http://netflix-verify-account.top/update/account,1
http://outlook60-secure.link/banking/secure,1
http://yahoo.verify-account.ml/confirm/email,1
http://apple-account-update.click/login,1
http://facebook73-secure.club/account/verify,1
http://microsoft-secure-login-verify.ml/update/account,1
http://secure-dropbox-login.ml/signin,1
http://login-instagram-secure.xyz/login,1
http://login-bankofamerica-secure.club/password/reset,1
http://yahoo.verify-account.gq/verify/identity,1
http://secure-microsoft-login.gq/account/verify,1
http://linkedin-secure-login-verify.ml/update/account,1
http://wellsfargo.verify-account.xyz/login,1
http://0ffice365-secure.click/account/suspended,1
http://login-bankofamerica-secure.club/verify/identity,1
http://netflix.verify-account.top/password/reset,1
http://4m4z0n-secure.buzz/account/verify,1
http://netflix-account-update.cf/signin,1
http://wellsfargo-account-update.gq/password/reset,1
http://apple65-secure.site/auth/login,1
http://office365.verify-account.cf/user/verify,1
http://hsbc-verify.link/?token=7a1aa19bed7aae35498e014470250788,1
http://dr0pb0x-secure.click/secure/login,1
http://login-bankofamerica-secure.cf/update/account,1
http://login-citibank-secure.top/signin,1
http://login-apple-secure.cf/verify/identity,1
http://bfigchgf.dropbox-login.cf/signin,1
http://gbgbhffi.facebook-login.top/account/verify,1
http://facebook.verify-account.tk/update/account,1
http://paypal-verify-account.xyz/banking/secure,1
http://netflix-secure.link/verify,1
http://login-linkedin-secure.buzz/secure/login,1
http://twitter-secure-login-verify.click/update/account,1
http://hsbc-verify-account.click/banking/secure,1
http://bjgdadfi.chase-login.link/password/reset,1
http://yahoo-secure-login-verify.tk/signin,1
http://linkedin-secure-login-verify.gq/banking/secure,1
http://dropbox-verify.click/?token=60f100e9afa487c0ffc1a321c21cf5ca,1
http://login-google-secure.live/account/suspended,1
http://chase-secure-login-verify.buzz/login,1
http://login-ebay-secure.ml/user/verify,1
http://hsbc-account-update.click/password/reset,1
http://adediefc.outlook-login.top/verify/identity,1
http://g00gle-secure.cf/account/verify,1
http://netflix-account-update.tk/auth/login,1
http://yahoo-account-update.link/account/verify,1
http://paypal-verify-account.tk/signin,1
http://0utl00k-secure.cf/password/reset,1
http://login-wellsfargo-secure.gq/secure/login,1
http://login-office365-secure.gq/update/account,1
http://secure-dropbox-login.gq/update/account,1
http://linkedin.verify-account.gq/verify,1
http://wellsfargo-verify-account.tk/update/account,1
http://twitter.verify-account.ga/confirm/email,1
http://hsbc-verify.cf/?token=52f898d25bdf0039d9626f824b48f485,1
http://ebay.verify-account.site/account/suspended,1
http://microsoft-secure-login-verify.click/account/suspended,1
http://apple.verify-account.cf/confirm/email,1
http://linkedin-secure-login-verify.live/banking/secure,1
http://facebook-secure-login-verify.site/account/verify,1
http://office365-secure-login-verify.cf/verify,1
http://outlook-verify-account.link/update/account,1
http://dropbox-account-update.site/banking/secure,1
http://citibank.verify-account.club/user/verify,1
http://secure-amazon-login.tk/login,1
http://dropbox.verify-account.link/signin,1
http://amazon.verify-account.live/verify/identity,1
http://secure-bankofamerica-login.link/account/suspended,1
http://paypal-verify.ga/?token=c8b7fbaef6ce9e5cbf04dd4acdccd29a,1
http://amazon50-secure.live/banking/secure,1
http://acbbcchd.ebay-login.click/auth/login,1
http://dr0pb0x-secure.cf/update/account,1
http://ebay-account-update.ga/account/suspended,1
http://facebook.verify-account.online/login,1
http://yahoo-verify.site/?token=aea8da31b2df59c7141fe0111df2b1b8,1
http://citibank97-secure.top/signin,1
http://instagram.verify-account.site/account/verify,1
http://secure-apple-login.site/secure/login,1
http://secure-hsbc-login.buzz/login,1
http://google-verify-account.gq/login,1
http://netflix-account-update.cf/account/verify,1
http://secure-yahoo-login.xyz/confirm/email,1
http://login-dropbox-secure.site/account/suspended,1
http://login-ebay-secure.live/update/account,1
http://facebook-verify.cf/?token=1d83733a1b3c1336f4bec6b9cc7575fb,1
http://bccccihf.paypal-login.buzz/secure/login,1
http://bgjhgebj.citibank-login.site/signin,1
http://login-hsbc-secure.top/account/suspended,1
http://instagram-verify.gq/?token=2728124b3d2faaaa04c27411f02bc494,1
http://instagram-secure-login-verify.cf/secure/login,1
http://idhheici.netflix-login.ga/verify,1
http://google-secure-login-verify.gq/secure/login,1
http://netflix-verify.gq/?token=fd9672b5904f7f3f0a888dd5c30eecac,1
http://defdhebe.apple-login.gq/signin,1
http://citibank-verify-account.xyz/secure/login,1
http://cbiaahbf.linkedin-login.ml/confirm/email,1
http://apple.verify-account.tk/login,1
http://secure-netflix-login.gq/password/reset,1
http://linkedin.verify-account.live/account/verify,1
http://apple14-secure.ml/user/verify,1
http://fifaiggi.google-login.buzz/password/reset,1
http://login-netflix-secure.site/login,1
http://hegajebd.hsbc-login.online/account/verify,1
http://citibank.verify-account.top/confirm/email,1
http://linkedin-account-update.buzz/auth/login,1
http://citibank.verify-account.live/login,1
http://linkedin-secure-login-verify.ga/auth/login,1
http://outlook12-secure.ml/password/reset,1
http://outlook.verify-account.gq/update/account,1
http://facebook-secure-login-verify.gq/verify/identity,1
http://secure-facebook-login.site/banking/secure,1
http://secure-wellsfargo-login.top/user/verify,1
http://secure-netflix-login.click/verify/identity,1
http://secure-bankofamerica-login.club/account/suspended,1
http://hijigbjh.dropbox-login.ga/password/reset,1
http://twitter-account-update.club/verify,1
http://ijebdjch.instagram-login.cf/password/reset,1
http://wellsf4rg0-secure.tk/auth/login,1
http://wellsfargo-secure-login-verify.link/auth/login,1
http://facebook-secure-login-verify.online/auth/login,1
http://outlook-verify.buzz/?token=93c939864648f2050b4e79d4722b3d13,1
http://apple-account-update.live/verify/identity,1
http://dropbox-account-update.club/user/verify,1
http://eb4y-secure.online/verify/identity,1
http://secure-google-login.click/password/reset,1
http://facebook-verify-account.click/login,1
https://netlify.com/products,0
https://wikipedia.org/user/profile,0
https://youtube.com/privacy,0
https://python.org,0
https://google.com/en-US/docs/Web,0
https://mozilla.org/docs,0
https://owasp.org/contact,0
https://vercel.com/blog,0
https://reactjs.org/about,0
https://reactjs.org/docs,0
https://twitter.com/search,0
https://reddit.com/products,0
https://medium.com/about,0
https://cloudflare.com,0
https://owasp.org/category/tech,0
https://python.org/about,0
https://python.org/wiki/Machine_learning,0
https://github.com/news,0
https://docker.com/contact,0
https://ubuntu.com/learn/tutorial,0
https://stripe.com/wiki/Machine_learning,0
https://python.org/,0
https://twitter.com/contact,0
https://python.org/learn/tutorial,0
https://vercel.com/learn/tutorial,0
https://google.com/docs,0
https://wikipedia.org/questions/tagged/python,0
https://elastic.co/en-US/docs/Web,0
https://digitalocean.com/search,0
https://owasp.org,0
https://google.com,0
https://dev.to/contact,0
https://reddit.com/page/1,0
https://reddit.com/about,0
https://auth0.com/search,0
https://digitalocean.com/products,0
https://twitter.com/news,0
https://cloudflare.com/faq,0
https://mongodb.com/docs,0
https://postgresql.org/products,0
https://linkedin.com/user/profile,0
https://youtube.com/wiki/Machine_learning,0
https://wikipedia.org/privacy,0
https://stackoverflow.com/terms,0
https://cloudflare.com/wiki/Machine_learning,0
https://cloudflare.com/articles,0
https://letsencrypt.org/contact,0
https://wikipedia.org/questions/tagged/python,0
https://reddit.com/,0
https://dev.to/category/tech,0
https://auth0.com,0
https://mozilla.org/wiki/Machine_learning,0
https://mozilla.org/category/tech,0
https://python.org/,0
https://postgresql.org/,0
https://github.com/learn/tutorial,0
https://docker.com/user/profile,0
https://google.com/category/tech,0
https://hackernews.com/products,0
https://cloudflare.com/en-US/docs/Web,0
https://dev.to/page/1,0
https://reddit.com/contact,0
https://python.org/products,0
https://python.org/contact,0
https://netlify.com,0
https://google.com/privacy,0
https://letsencrypt.org/products,0
https://python.org/help,0
https://dev.to/about,0
https://ubuntu.com/docs,0
https://mozilla.org/privacy,0
https://python.org/questions/tagged/python,0
https://netlify.com/news,0
https://vercel.com/blog,0
https://reddit.com/,0
https://python.org/about,0
https://docker.com/contact,0
https://wikipedia.org/articles,0
https://auth0.com/page/1,0
https://vercel.com/faq,0
https://python.org/user/profile,0
https://hackernews.com/products,0
https://python.org/search,0
https://elastic.co,0
https://wikipedia.org/about,0
https://netlify.com/questions/tagged/python,0
https://mongodb.com/contact,0
https://wikipedia.org/articles,0
https://auth0.com/category/tech,0
https://stripe.com/blog,0
https://letsencrypt.org,0
https://python.org/terms,0
https://wikipedia.org/terms,0
https://reactjs.org/user/profile,0
https://netlify.com/help,0
https://youtube.com/news,0
https://stripe.com/questions/tagged/python,0
https://docker.com,0
https://python.org/news,0
https://github.com/learn/tutorial,0
https://owasp.org/faq,0
https://stackoverflow.com/wiki/Machine_learning,0
https://medium.com/terms,0
https://reactjs.org/en-US/docs/Web,0
https://google.com/faq,0
https://medium.com,0
https://vercel.com/products,0
https://stackoverflow.com/learn/tutorial,0
https://mongodb.com/help,0
https://youtube.com/about,0
https://github.com/terms,0
https://google.com/questions/tagged/python,0
https://digitalocean.com/terms,0
https://google.com/user/profile,0
https://postgresql.org/user/profile,0
https://digitalocean.com/news,0
https://ubuntu.com/faq,0
https://stripe.com/wiki/Machine_learning,0
https://auth0.com/,0
https://docker.com/wiki/Machine_learning,0
https://mongodb.com/help,0
https://stripe.com/questions/tagged/python,0
https://letsencrypt.org/wiki/Machine_learning,0
https://github.com,0
https://ubuntu.com/en-US/docs/Web,0
https://hackernews.com/docs,0
https://google.com/en-US/docs/Web,0
https://auth0.com/search,0
https://postgresql.org/faq,0
https://twitter.com/,0
https://digitalocean.com/user/profile,0
https://docker.com/terms,0
https://digitalocean.com,0
https://stackoverflow.com/wiki/Machine_learning,0
https://python.org/questions/tagged/python,0
https://python.org/questions/tagged/python,0
https://reddit.com/learn/tutorial,0
https://auth0.com/docs,0
https://hackernews.com/blog,0
https://ubuntu.com/news,0
https://owasp.org,0
https://wikipedia.org/category/tech,0
https://docker.com/blog,0
https://google.com/privacy,0
https://wikipedia.org/about,0
https://youtube.com/news,0
https://stackoverflow.com/products,0
https://postgresql.org,0
https://stripe.com/products,0
https://netlify.com/category/tech,0
https://google.com/about,0
https://letsencrypt.org/learn/tutorial,0
https://github.com/privacy,0
https://google.com/news,0
https://cloudflare.com/,0
https://netlify.com/terms,0
https://stackoverflow.com/about,0
https://medium.com/wiki/Machine_learning,0
https://reddit.com/help,0
https://elastic.co/about,0
https://hackernews.com/about,0
https://auth0.com/,0
https://medium.com/search,0
https://postgresql.org/category/tech,0
https://vercel.com/questions/tagged/python,0
https://owasp.org/articles,0
https://mongodb.com/category/tech,0
https://netlify.com/products,0
https://reddit.com/about,0
https://python.org/help,0
https://twitter.com/,0
https://auth0.com/learn/tutorial,0
https://google.com/faq,0
https://reddit.com/faq,0
https://ubuntu.com/about,0
https://docker.com/category/tech,0
https://medium.com/user/profile,0
https://wikipedia.org/page/1,0
https://github.com/contact,0
https://wikipedia.org/help,0
https://twitter.com/terms,0
https://dev.to/articles,0
https://elastic.co/search,0
https://auth0.com/questions/tagged/python,0
https://stripe.com/about,0
https://owasp.org/terms,0
https://mozilla.org/help,0
https://owasp.org/search,0
https://hackernews.com,0
https://wikipedia.org/wiki/Machine_learning,0
https://github.com/page/1,0
https://mozilla.org/contact,0
https://auth0.com/articles,0
https://cloudflare.com/terms,0
https://stackoverflow.com/wiki/Machine_learning,0
https://auth0.com/,0
https://mozilla.org/blog,0
https://medium.com/products,0
https://ubuntu.com,0
https://postgresql.org/privacy,0
https://docker.com/faq,0
https://auth0.com/user/profile,0
https://python.org/questions/tagged/python,0
https://auth0.com/blog,0
https://digitalocean.com/products,0
https://hackernews.com/blog,0
https://github.com/learn/tutorial,0
https://vercel.com/en-US/docs/Web,0
https://owasp.org/en-US/docs/Web,0
https://dev.to/news,0
https://ubuntu.com/help,0
https://mongodb.com/page/1,0
https://ubuntu.com/wiki/Machine_learning,0
https://linkedin.com/docs,0
https://vercel.com/user/profile,0
https://elastic.co/news,0
https://auth0.com/news,0
https://letsencrypt.org/learn/tutorial,0
https://reactjs.org/products,0
https://reddit.com/terms,0
https://dev.to/wiki/Machine_learning,0
https://medium.com/en-US/docs/Web,0
https://google.com/news,0
https://dev.to/help,0
https://google.com/learn/tutorial,0
https://docker.com/page/1,0
https://mongodb.com/search,0
https://medium.com/articles,0
https://reactjs.org/learn/tutorial,0
https://linkedin.com/user/profile,0
https://cloudflare.com/search,0
https://cloudflare.com/category/tech,0
https://cloudflare.com/help,0
https://mozilla.org/questions/tagged/python,0
https://docker.com/page/1,0
https://ubuntu.com/docs,0
https://digitalocean.com/search,0
https://linkedin.com/privacy,0
https://mozilla.org/docs,0
https://letsencrypt.org/about,0
https://ubuntu.com/category/tech,0
https://stripe.com/questions/tagged/python,0
https://netlify.com/news,0
https://linkedin.com/blog,0
https://elastic.co/docs,0
https://digitalocean.com/docs,0
https://twitter.com/docs,0
https://cloudflare.com,0
https://netlify.com/en-US/docs/Web,0
https://python.org/,0
https://wikipedia.org/articles,0
https://stripe.com/products,0
https://docker.com/help,0
https://youtube.com/,0
https://wikipedia.org/help,0
https://dev.to/blog,0
https://stackoverflow.com/privacy,0
https://netlify.com/products,0
https://postgresql.org/terms,0
https://python.org/articles,0
https://reactjs.org/search,0
https://python.org/user/profile,0
https://ubuntu.com/articles,0
https://python.org/products,0
https://reactjs.org/privacy,0
https://auth0.com/,0
https://cloudflare.com/help,0
https://postgresql.org/privacy,0
https://vercel.com/contact,0
https://hackernews.com/en-US/docs/Web,0
https://cloudflare.com/products,0
https://postgresql.org/faq,0
https://mozilla.org/about,0
https://stackoverflow.com/contact,0
https://auth0.com/terms,0
https://postgresql.org/page/1,0
https://postgresql.org/faq,0
https://owasp.org/terms,0
https://elastic.co/en-US/docs/Web,0
https://cloudflare.com/news,0
https://youtube.com/about,0
https://reddit.com/category/tech,0
https://ubuntu.com/faq,0
https://python.org/en-US/docs/Web,0
https://youtube.com/faq,0
https://netlify.com/docs,0
https://mongodb.com/contact,0
https://vercel.com/about,0
https://python.org/learn/tutorial,0
https://wikipedia.org/contact,0
https://stripe.com/help,0
https://youtube.com/wiki/Machine_learning,0
https://reddit.com/learn/tutorial,0
https://python.org/help,0
https://medium.com/search,0
https://cloudflare.com/news,0
https://owasp.org/learn/tutorial,0
https://mongodb.com/questions/tagged/python,0
https://python.org/help,0
https://auth0.com/products,0
https://digitalocean.com/products,0
https://reddit.com/learn/tutorial,0
https://letsencrypt.org/user/profile,0
https://elastic.co/privacy,0
https://youtube.com/en-US/docs/Web,0
https://owasp.org/contact,0
https://vercel.com/docs,0
https://google.com/,0
https://auth0.com/terms,0
https://linkedin.com/contact,0
https://postgresql.org/privacy,0
https://reddit.com/about,0
https://linkedin.com/user/profile,0
https://docker.com/help,0
https://elastic.co/page/1,0
https://python.org/docs,0
https://github.com/terms,0
https://auth0.com/category/tech,0
https://python.org/help,0
https://digitalocean.com/products,0
https://stackoverflow.com,0
https://hackernews.com/user/profile,0
https://stackoverflow.com/blog,0
https://postgresql.org/search,0
https://cloudflare.com/docs,0
https://hackernews.com/wiki/Machine_learning,0
https://ubuntu.com/en-US/docs/Web,0
https://medium.com/search,0
https://python.org/faq,0
https://reactjs.org/,0
https://twitter.com/en-US/docs/Web,0
https://stackoverflow.com/help,0
https://reddit.com/articles,0
https://google.com/articles,0
https://stripe.com/page/1,0
https://netlify.com/contact,0
https://hackernews.com,0
https://netlify.com/learn/tutorial,0
https://reddit.com/articles,0
https://docker.com/questions/tagged/python,0
https://cloudflare.com/learn/tutorial,0
https://wikipedia.org/blog,0
https://linkedin.com/about,0
https://mongodb.com/wiki/Machine_learning,0
https://letsencrypt.org/en-US/docs/Web,0
https://github.com/search,0
https://digitalocean.com,0
https://stripe.com/about,0
https://youtube.com/help,0
https://auth0.com/about,0
https://vercel.com/page/1,0
https://google.com/contact,0
https://wikipedia.org/news,0
https://digitalocean.com,0
https://mozilla.org/products,0
https://stackoverflow.com/articles,0
https://github.com,0
https://postgresql.org/,0
https://python.org/wiki/Machine_learning,0
https://python.org/category/tech,0
https://linkedin.com/learn/tutorial,0
https://ubuntu.com/articles,0
https://linkedin.com/user/profile,0
https://docker.com/en-US/docs/Web,0
https://mozilla.org/contact,0
https://python.org/,0
https://ubuntu.com/search,0
https://stackoverflow.com/help,0
https://hackernews.com/learn/tutorial,0
https://ubuntu.com/faq,0
https://mozilla.org/privacy,0
https://github.com/questions/tagged/python,0
https://letsencrypt.org/search,0
https://youtube.com/search,0
https://letsencrypt.org/learn/tutorial,0
https://twitter.com/en-US/docs/Web,0
https://youtube.com/questions/tagged/python,0
https://mongodb.com/help,0
https://python.org/,0
https://github.com/en-US/docs/Web,0
https://stackoverflow.com/faq,0
https://stackoverflow.com/help,0
https://twitter.com/help,0
https://mozilla.org/help,0
https://netlify.com,0
https://reddit.com/wiki/Machine_learning,0
https://docker.com/wiki/Machine_learning,0
https://python.org/docs,0
https://dev.to/category/tech,0
https://stripe.com/about,0
https://dev.to/privacy,0
https://owasp.org/privacy,0
https://python.org/user/profile,0
https://dev.to/terms,0
https://hackernews.com/learn/tutorial,0
https://dev.to/learn/tutorial,0
https://postgresql.org/questions/tagged/python,0
https://digitalocean.com/wiki/Machine_learning,0
https://dev.to/articles,0
https://reactjs.org/wiki/Machine_learning,0
https://dev.to/learn/tutorial,0
https://mongodb.com/news,0
https://owasp.org/docs,0
https://google.com/terms,0
https://digitalocean.com/wiki/Machine_learning,0
https://elastic.co/page/1,0
https://elastic.co/learn/tutorial,0
https://reddit.com/category/tech,0
https://twitter.com/products,0
https://netlify.com/questions/tagged/python,0
https://stripe.com,0
https://elastic.co/faq,0
https://hackernews.com/en-US/docs/Web,0
https://wikipedia.org/,0
https://vercel.com/page/1,0
https://reactjs.org/learn/tutorial,0
https://postgresql.org/category/tech,0
https://wikipedia.org/terms,0
https://google.com/help,0
https://twitter.com/docs,0
https://owasp.org/,0
https://docker.com/terms,0
https://linkedin.com/articles,0
https://hackernews.com,0
https://mozilla.org/user/profile,0
https://vercel.com/category/tech,0
https://reddit.com/articles,0
https://letsencrypt.org/en-US/docs/Web,0
https://netlify.com/articles,0
https://dev.to,0
https://letsencrypt.org/articles,0
https://reactjs.org/privacy,0
https://cloudflare.com/questions/tagged/python,0
https://netlify.com,0
https://elastic.co/terms,0
https://stackoverflow.com/news,0
https://stackoverflow.com/,0
https://stackoverflow.com/user/profile,0
https://cloudflare.com/blog,0
https://netlify.com/news,0
https://medium.com/blog,0
https://netlify.com/faq,0
https://twitter.com/en-US/docs/Web,0
https://cloudflare.com/contact,0
https://mongodb.com,0
https://linkedin.com/blog,0
https://postgresql.org/privacy,0
https://owasp.org/faq,0
https://github.com/user/profile,0
https://vercel.com/learn/tutorial,0
https://reddit.com/docs,0
https://digitalocean.com/search,0
https://vercel.com/docs,0
https://digitalocean.com/news,0
https://linkedin.com/help,0
https://reddit.com/docs,0
https://elastic.co/questions/tagged/python,0
https://youtube.com/page/1,0
https://digitalocean.com/,0
https://twitter.com/questions/tagged/python,0
https://hackernews.com/articles,0
https://medium.com/privacy,0
https://youtube.com/terms,0
https://auth0.com/docs,0
https://elastic.co/help,0
https://ubuntu.com/privacy,0
https://hackernews.com/blog,0
https://digitalocean.com/about,0
https://python.org/news,0
https://digitalocean.com/category/tech,0
https://twitter.com/faq,0
https://stripe.com/questions/tagged/python,0
https://linkedin.com/page/1,0
https://reddit.com/,0
https://stackoverflow.com/wiki/Machine_learning,0
https://linkedin.com/terms,0
https://youtube.com/news,0
https://python.org/wiki/Machine_learning,0
https://owasp.org/en-US/docs/Web,0
https://python.org/learn/tutorial,0
https://postgresql.org/page/1,0
https://medium.com/articles,0
https://digitalocean.com/news,0
https://reactjs.org/learn/tutorial,0
https://netlify.com/wiki/Machine_learning,0
https://postgresql.org/page/1,0
https://owasp.org/learn/tutorial,0
https://github.com/blog,0
https://github.com/docs,0
https://medium.com/user/profile,0
https://digitalocean.com/help,0
https://github.com/questions/tagged/python,0
https://google.com/,0
https://ubuntu.com/help,0
https://youtube.com/about,0
https://digitalocean.com/page/1,0
https://dev.to/about,0
https://mozilla.org/faq,0
https://mozilla.org/articles,0
https://owasp.org/terms,0
https://elastic.co/terms,0
https://docker.com/category/tech,0
https://digitalocean.com/about,0
https://dev.to/products,0
https://medium.com/learn/tutorial,0
https://elastic.co/search,0
https://dev.to/docs,0
https://digitalocean.com/news,0
https://letsencrypt.org/faq,0
https://stripe.com/about,0
https://cloudflare.com/blog,0
https://hackernews.com/articles,0
https://hackernews.com/news,0
https://google.com/help,0
https://github.com/user/profile,0
https://vercel.com/blog,0
https://google.com/search,0
https://linkedin.com/docs,0
https://reactjs.org/help,0
https://stripe.com/about,0
https://stackoverflow.com/user/profile,0
https://letsencrypt.org/wiki/Machine_learning,0
https://mongodb.com/wiki/Machine_learning,0
https://reactjs.org/questions/tagged/python,0
https://mozilla.org/user/profile,0
https://python.org/en-US/docs/Web,0
https://netlify.com/privacy,0
https://letsencrypt.org/products,0
https://medium.com/products,0
https://dev.to/user/profile,0
https://github.com/faq,0
https://wikipedia.org/learn/tutorial,0
https://stackoverflow.com/wiki/Machine_learning,0
https://stackoverflow.com/search,0
https://github.com/docs,0
https://reactjs.org/docs,0
https://github.com/user/profile,0
https://twitter.com/privacy,0
https://cloudflare.com/faq,0
https://stackoverflow.com/user/profile,0
https://reddit.com/faq,0
https://docker.com/articles,0
https://reddit.com/articles,0
https://github.com/news,0
https://medium.com,0
https://reddit.com/learn/tutorial,0
https://reactjs.org/about,0
https://docker.com/wiki/Machine_learning,0
https://ubuntu.com/category/tech,0
https://github.com/news,0
https://medium.com/about,0
https://github.com/page/1,0
https://docker.com/articles,0
https://elastic.co/articles,0
https://elastic.co/questions/tagged/python,0
https://linkedin.com/questions/tagged/python,0
https://auth0.com/docs,0
https://stripe.com/terms,0
https://youtube.com/questions/tagged/python,0
https://netlify.com/faq,0
https://vercel.com/privacy,0
https://cloudflare.com/terms,0
https://letsencrypt.org/,0
https://reactjs.org/help,0
https://mongodb.com/contact,0
https://letsencrypt.org/terms,0
https://linkedin.com/help,0
https://reactjs.org/privacy,0
https://youtube.com/contact,0
https://wikipedia.org/,0
https://mozilla.org/search,0
https://letsencrypt.org/products,0
https://owasp.org/terms,0
https://vercel.com/products,0
https://docker.com/,0
https://ubuntu.com/learn/tutorial,0
https://hackernews.com/blog,0
https://reactjs.org/docs,0
https://reactjs.org/en-US/docs/Web,0
https://stackoverflow.com/products,0
https://vercel.com/about,0
https://cloudflare.com/en-US/docs/Web,0
https://mongodb.com/terms,0
https://digitalocean.com,0
https://auth0.com,0
https://mozilla.org/search,0
https://postgresql.org,0
https://stripe.com/blog,0
https://linkedin.com/articles,0
https://google.com/search,0
https://auth0.com/faq,0
https://dev.to/contact,0
https://digitalocean.com/en-US/docs/Web,0
https://wikipedia.org/faq,0
https://cloudflare.com/user/profile,0
https://elastic.co/articles,0
https://python.org/contact,0
https://stripe.com/faq,0
https://ubuntu.com/docs,0
https://hackernews.com/help,0
https://medium.com/blog,0
https://auth0.com/page/1,0
https://auth0.com/docs,0
https://github.com/news,0
https://owasp.org/faq,0
https://github.com/articles,0
https://owasp.org/terms,0
https://twitter.com/wiki/Machine_learning,0
https://python.org/privacy,0
https://python.org/,0
https://python.org/docs,0
https://hackernews.com/privacy,0
https://mongodb.com/learn/tutorial,0
https://reactjs.org/questions/tagged/python,0
https://auth0.com/contact,0
https://python.org/privacy,0
https://ubuntu.com/news,0
https://ubuntu.com/help,0
https://mongodb.com/category/tech,0
https://letsencrypt.org/about,0
https://owasp.org/page/1,0
https://cloudflare.com/learn/tutorial,0
https://vercel.com/about,0
https://netlify.com/terms,0
https://letsencrypt.org/page/1,0
https://stackoverflow.com/page/1,0
https://postgresql.org/terms,0
https://twitter.com/search,0
https://medium.com/faq,0
https://cloudflare.com/articles,0
https://postgresql.org/terms,0
https://mozilla.org/docs,0
https://twitter.com/page/1,0
https://google.com,0
https://postgresql.org/about,0
https://vercel.com/news,0
https://cloudflare.com/blog,0
https://hackernews.com/user/profile,0
https://netlify.com/wiki/Machine_learning,0
https://ubuntu.com/privacy,0
https://digitalocean.com/help,0
https://elastic.co,0
https://linkedin.com/about,0
https://mongodb.com/page/1,0
https://elastic.co/wiki/Machine_learning,0
https://letsencrypt.org/privacy,0
https://youtube.com/,0
https://wikipedia.org/faq,0
https://netlify.com/questions/tagged/python,0
https://github.com/learn/tutorial,0
https://medium.com/docs,0
https://stripe.com/wiki/Machine_learning,0
https://mozilla.org/en-US/docs/Web,0
https://digitalocean.com/,0
https://hackernews.com/blog,0
https://mongodb.com,0
https://github.com/faq,0
https://medium.com/about,0
https://auth0.com/wiki/Machine_learning,0
https://dev.to/,0
https://twitter.com/en-US/docs/Web,0
https://elastic.co/docs,0
https://postgresql.org/articles,0
https://github.com/docs,0
https://wikipedia.org/articles,0
https://wikipedia.org/docs,0
https://medium.com/faq,0
https://google.com/wiki/Machine_learning,0
https://owasp.org/learn/tutorial,0
https://mozilla.org/about,0
https://netlify.com/help,0
https://vercel.com/wiki/Machine_learning,0
https://digitalocean.com/news,0
https://elastic.co/privacy,0
https://cloudflare.com/en-US/docs/Web,0
https://python.org/user/profile,0
https://dev.to/products,0
https://mozilla.org/category/tech,0
https://youtube.com/search,0
https://elastic.co/user/profile,0
https://digitalocean.com/about,0
https://vercel.com/,0
https://stripe.com/search,0
https://mongodb.com/user/profile,0
https://stackoverflow.com/privacy,0
https://vercel.com/questions/tagged/python,0
https://wikipedia.org/terms,0
https://vercel.com/articles,0
https://medium.com/articles,0
https://stackoverflow.com/articles,0
https://stripe.com/category/tech,0
https://owasp.org/faq,0
https://github.com/page/1,0
https://docker.com/articles,0
https://hackernews.com/docs,0
https://netlify.com/help,0
https://stripe.com/en-US/docs/Web,0
https://google.com/terms,0
https://owasp.org/privacy,0
https://digitalocean.com/contact,0
https://dev.to/articles,0
https://wikipedia.org/about,0
https://docker.com/products,0
https://owasp.org/terms,0
https://stripe.com/products,0
https://python.org/blog,0
https://postgresql.org/privacy,0
https://stackoverflow.com/user/profile,0
https://mozilla.org/privacy,0
https://netlify.com/learn/tutorial,0
https://netlify.com/about,0
https://owasp.org/blog,0
https://stackoverflow.com/blog,0
https://reddit.com/articles,0
https://owasp.org/questions/tagged/python,0
https://hackernews.com/faq,0
https://ubuntu.com/search,0
https://owasp.org/wiki/Machine_learning,0
https://ubuntu.com/faq,0
https://mongodb.com/wiki/Machine_learning,0
https://owasp.org/user/profile,0
https://reddit.com/learn/tutorial,0
https://stripe.com/products,0
https://stackoverflow.com/page/1,0
https://stripe.com/docs,0
https://github.com/privacy,0
https://python.org/wiki/Machine_learning,0
https://reddit.com/,0
https://postgresql.org/products,0
https://netlify.com/page/1,0
https://twitter.com/news,0
https://python.org/privacy,0
https://twitter.com/page/1,0
https://hackernews.com/about,0
https://stripe.com/help,0
https://mozilla.org/docs,0
https://google.com/contact,0
https://mozilla.org/wiki/Machine_learning,0
https://cloudflare.com/search,0
https://owasp.org,0
https://wikipedia.org/wiki/Machine_learning,0
https://netlify.com/products,0
https://wikipedia.org/learn/tutorial,0
https://stackoverflow.com/page/1,0
https://twitter.com/user/profile,0
https://stripe.com/docs,0
https://auth0.com/en-US/docs/Web,0
https://google.com/user/profile,0
https://vercel.com/privacy,0
https://docker.com/search,0
https://google.com/articles,0
https://linkedin.com/blog,0
https://python.org/products,0
https://google.com/articles,0
https://reactjs.org/privacy,0
https://stripe.com/wiki/Machine_learning,0
https://reactjs.org/en-US/docs/Web,0
https://hackernews.com/privacy,0
https://elastic.co/questions/tagged/python,0
https://vercel.com/search,0
https://letsencrypt.org/faq,0
https://python.org/learn/tutorial,0
https://mongodb.com/faq,0
https://linkedin.com/about,0
https://google.com/faq,0
https://google.com/,0
https://reactjs.org/news,0
https://elastic.co/products,0
https://google.com/products,0
https://youtube.com/blog,0
https://cloudflare.com/user/profile,0
https://python.org/questions/tagged/python,0
https://cloudflare.com/search,0
https://reactjs.org/terms,0
https://mozilla.org/docs,0
https://linkedin.com/terms,0
https://twitter.com/articles,0
https://stackoverflow.com/contact,0
https://ubuntu.com/user/profile,0
https://dev.to/blog,0
https://google.com/docs,0
https://twitter.com/category/tech,0
https://google.com/articles,0
https://twitter.com/page/1,0
https://digitalocean.com/user/profile,0
https://medium.com/articles,0
https://mozilla.org/about,0
https://ubuntu.com/terms,0
https://reactjs.org/en-US/docs/Web,0
https://medium.com/about,0
https://dev.to/contact,0
https://wikipedia.org/en-US/docs/Web,0
https://python.org/user/profile,0
https://youtube.com/about,0
https://auth0.com/wiki/Machine_learning,0
https://linkedin.com/learn/tutorial,0
https://google.com/products,0
https://reddit.com/search,0
https://stripe.com/search,0
https://netlify.com/docs,0
https://netlify.com/en-US/docs/Web,0
https://hackernews.com/learn/tutorial,0
https://cloudflare.com/wiki/Machine_learning,0
https://python.org/user/profile,0
https://stackoverflow.com/en-US/docs/Web,0
https://docker.com/news,0
https://stripe.com/terms,0
https://owasp.org/user/profile,0
https://postgresql.org/terms,0
https://google.com/products,0
https://reactjs.org/wiki/Machine_learning,0
https://letsencrypt.org/,0
https://dev.to/news,0
https://medium.com/learn/tutorial,0
https://postgresql.org,0
https://twitter.com/docs,0
https://elastic.co/privacy,0
https://reactjs.org/privacy,0
https://reddit.com/products,0
https://medium.com/contact,0
https://medium.com/products,0
https://mozilla.org/help,0
https://hackernews.com/terms,0
https://mozilla.org/questions/tagged/python,0
https://dev.to/terms,0
https://stripe.com/questions/tagged/python,0
https://twitter.com/contact,0
https://owasp.org/en-US/docs/Web,0
https://digitalocean.com/,0
https://twitter.com/docs,0
https://github.com/privacy,0
https://netlify.com/user/profile,0
https://auth0.com/category/tech,0
https://github.com/questions/tagged/python,0
https://linkedin.com/about,0
https://mozilla.org/search,0
https://digitalocean.com/blog,0
https://cloudflare.com/learn/tutorial,0
https://cloudflare.com/category/tech,0
https://letsencrypt.org/about,0
https://mongodb.com/privacy,0
https://python.org/learn/tutorial,0
https://mongodb.com/docs,0
https://mongodb.com/user/profile,0
https://python.org,0
https://dev.to/about,0
https://digitalocean.com/contact,0
https://postgresql.org/page/1,0
https://auth0.com/questions/tagged/python,0
https://elastic.co/articles,0
https://postgresql.org/page/1,0
https://stackoverflow.com/docs,0
https://netlify.com/about,0
https://stripe.com/privacy,0
https://auth0.com/articles,0
https://twitter.com/privacy,0
https://mozilla.org/user/profile,0
https://python.org/blog,0
https://dev.to/search,0
https://wikipedia.org/page/1,0
https://reddit.com/terms,0
https://medium.com/help,0
https://dev.to/page/1,0
https://medium.com,0
https://mozilla.org/page/1,0
https://cloudflare.com/category/tech,0
https://postgresql.org/page/1,0
https://youtube.com/faq,0
https://reactjs.org/help,0
https://hackernews.com/terms,0
https://auth0.com/wiki/Machine_learning,0
https://twitter.com/articles,0
https://netlify.com/about,0
https://hackernews.com/docs,0
https://ubuntu.com/category/tech,0
https://stripe.com/terms,0
https://reddit.com/terms,0
https://google.com/,0
https://dev.to/page/1,0
https://stackoverflow.com/privacy,0
https://letsencrypt.org/privacy,0
https://hackernews.com/search,0
https://hackernews.com/questions/tagged/python,0
https://mongodb.com/products,0
https://mozilla.org/products,0
https://owasp.org/en-US/docs/Web,0
https://hackernews.com/privacy,0
https://youtube.com/page/1,0
https://youtube.com/products,0
https://netlify.com,0
https://wikipedia.org/page/1,0
https://youtube.com/faq,0
https://stackoverflow.com/blog,0
https://reddit.com/questions/tagged/python,0
https://google.com/articles,0
https://netlify.com/contact,0
https://ubuntu.com/terms,0
https://medium.com/docs,0
https://stripe.com/,0
https://dev.to/user/profile,0
https://elastic.co/category/tech,0
https://github.com/questions/tagged/python,0
https://mozilla.org,0
https://medium.com/blog,0
https://google.com/docs,0
https://reddit.com/products,0
https://ubuntu.com/category/tech,0
https://wikipedia.org/about,0
https://python.org,0
https://youtube.com/page/1,0
https://letsencrypt.org/articles,0
https://netlify.com/wiki/Machine_learning,0
https://stripe.com/docs,0
https://auth0.com/news,0
https://google.com/products,0
https://reddit.com/questions/tagged/python,0
https://docker.com/faq,0
https://youtube.com/help,0
https://mongodb.com/docs,0
https://netlify.com/privacy,0
https://stripe.com/wiki/Machine_learning,0
https://google.com/questions/tagged/python,0
https://reddit.com/contact,0
https://owasp.org/en-US/docs/Web,0
https://dev.to,0
https://vercel.com/search,0
https://medium.com/terms,0
https://elastic.co/faq,0
https://twitter.com/products,0
https://owasp.org/articles,0
https://elastic.co/wiki/Machine_learning,0
https://github.com/terms,0
https://postgresql.org/search,0
https://twitter.com/questions/tagged/python,0
https://reactjs.org/learn/tutorial,0
https://docker.com/about,0
https://netlify.com/help,0
https://hackernews.com/learn/tutorial,0
https://google.com/page/1,0
https://hackernews.com/terms,0
https://postgresql.org/articles,0
https://ubuntu.com/en-US/docs/Web,0
https://ubuntu.com/wiki/Machine_learning,0
https://hackernews.com/docs,0
https://dev.to/,0
https://youtube.com/privacy,0
https://mongodb.com/user/profile,0
https://stripe.com/category/tech,0
https://wikipedia.org/,0
https://python.org/terms,0
https://reactjs.org/contact,0
https://mozilla.org/page/1,0
https://linkedin.com/news,0
https://stripe.com/articles,0
https://mozilla.org/terms,0
https://postgresql.org/wiki/Machine_learning,0
https://youtube.com/user/profile,0
https://github.com/,0
https://owasp.org/terms,0
https://mongodb.com/,0
https://cloudflare.com,0
https://stackoverflow.com/faq,0
https://netlify.com/contact,0
https://twitter.com/terms,0
https://letsencrypt.org/questions/tagged/python,0
https://youtube.com,0
https://github.com,0
https://stackoverflow.com/page/1,0
https://medium.com/,0
https://github.com/questions/tagged/python,0
https://reactjs.org/user/profile,0
https://mongodb.com/terms,0
https://postgresql.org/search,0
https://auth0.com/docs,0
https://reddit.com/faq,0
https://hackernews.com/wiki/Machine_learning,0
https://cloudflare.com/docs,0
https://netlify.com/page/1,0
https://docker.com/page/1,0
https://reddit.com/,0
https://ubuntu.com/learn/tutorial,0
https://postgresql.org/contact,0
https://reactjs.org/contact,0
https://owasp.org/user/profile,0
https://digitalocean.com/page/1,0
https://netlify.com/wiki/Machine_learning,0
https://stackoverflow.com/user/profile,0
https://docker.com/blog,0
https://wikipedia.org/products,0
https://google.com/privacy,0
https://cloudflare.com/blog,0
https://medium.com/category/tech,0
https://reddit.com/help,0
https://reddit.com/news,0
https://vercel.com/en-US/docs/Web,0
https://stackoverflow.com/contact,0
https://stackoverflow.com/page/1,0
https://reddit.com/,0
https://reactjs.org/privacy,0
https://letsencrypt.org/faq,0
https://hackernews.com,0
https://owasp.org/faq,0
https://python.org/page/1,0
https://cloudflare.com/about,0
https://twitter.com/news,0
https://digitalocean.com/page/1,0
https://auth0.com/learn/tutorial,0
https://letsencrypt.org/page/1,0
https://github.com/docs,0
https://youtube.com/blog,0
https://docker.com/category/tech,0
https://ubuntu.com/questions/tagged/python,0
https://medium.com/articles,0
https://auth0.com/search,0
https://stripe.com/,0
https://reddit.com/search,0
https://twitter.com/news,0
https://twitter.com/user/profile,0
https://owasp.org/terms,0
https://twitter.com/about,0
https://reactjs.org/faq,0
https://google.com/en-US/docs/Web,0
https://reactjs.org/page/1,0
https://letsencrypt.org/wiki/Machine_learning,0
https://ubuntu.com/products,0
https://ubuntu.com/questions/tagged/python,0
https://cloudflare.com/faq,0
https://medium.com/en-US/docs/Web,0
https://reactjs.org,0
https://mongodb.com/contact,0
https://mongodb.com/products,0
https://stripe.com/docs,0
https://python.org/page/1,0
https://medium.com/products,0
https://reddit.com/learn/tutorial,0
https://medium.com/questions/tagged/python,0
https://dev.to,0
https://python.org/search,0
https://youtube.com/search,0
https://docker.com/user/profile,0
https://python.org,0
https://elastic.co/contact,0
https://vercel.com/faq,0
https://ubuntu.com/about,0
https://ubuntu.com/terms,0
https://wikipedia.org/docs,0
https://docker.com/contact,0
https://stackoverflow.com/wiki/Machine_learning,0
https://mongodb.com/articles,0
https://github.com/terms,0
https://auth0.com/questions/tagged/python,0
https://netlify.com/questions/tagged/python,0
https://elastic.co/about,0
https://owasp.org/blog,0
https://dev.to/category/tech,0
https://ubuntu.com/learn/tutorial,0
https://mozilla.org/,0
https://docker.com/,0
https://mozilla.org/user/profile,0
https://auth0.com/terms,0
https://linkedin.com/questions/tagged/python,0
https://postgresql.org/,0
https://vercel.com/user/profile,0
https://letsencrypt.org/news,0
https://docker.com,0
https://reactjs.org/articles,0
https://google.com/search,0
https://auth0.com/wiki/Machine_learning,0
https://mongodb.com/wiki/Machine_learning,0
https://wikipedia.org/learn/tutorial,0
https://reddit.com/news,0
https://postgresql.org/learn/tutorial,0
https://elastic.co/news,0
https://netlify.com/terms,0
https://digitalocean.com/questions/tagged/python,0
https://stackoverflow.com/products,0
https://netlify.com/faq,0
https://owasp.org/articles,0
https://elastic.co/help,0
https://dev.to/privacy,0
https://wikipedia.org/faq,0
https://digitalocean.com/docs,0
https://auth0.com/privacy,0
https://youtube.com/news,0
https://vercel.com/questions/tagged/python,0
https://hackernews.com/faq,0
https://linkedin.com/faq,0
https://medium.com/user/profile,0
https://ubuntu.com/blog,0
https://digitalocean.com/blog,0
https://hackernews.com/articles,0
https://reddit.com/learn/tutorial,0
https://owasp.org/,0
https://dev.to/contact,0
https://twitter.com/user/profile,0
https://vercel.com/contact,0
https://youtube.com/contact,0
https://twitter.com/contact,0
https://digitalocean.com/articles,0
https://elastic.co/docs,0
https://linkedin.com/docs,0
https://ubuntu.com/privacy,0
https://stackoverflow.com/terms,0
https://auth0.com/articles,0
https://cloudflare.com/articles,0
https://elastic.co/,0
https://reddit.com/privacy,0
https://github.com/articles,0
https://youtube.com/category/tech,0
https://google.com/learn/tutorial,0
https://ubuntu.com/products,0
https://mongodb.com/products,0
https://stackoverflow.com/page/1,0
https://docker.com/help,0
https://stripe.com/terms,0
https://dev.to/,0
https://python.org/wiki/Machine_learning,0
https://digitalocean.com/user/profile,0
https://stripe.com/,0
https://docker.com/en-US/docs/Web,0
https://cloudflare.com/privacy,0
https://netlify.com/products,0
https://dev.to/docs,0
https://reactjs.org/category/tech,0
https://owasp.org/blog,0
https://docker.com/faq,0
https://letsencrypt.org/privacy,0
https://mozilla.org/help,0
https://youtube.com/terms,0
https://auth0.com/,0
https://digitalocean.com/about,0
https://digitalocean.com/terms,0
https://hackernews.com/wiki/Machine_learning,0
https://mongodb.com/en-US/docs/Web,0
https://mozilla.org/search,0
https://reactjs.org/category/tech,0
https://ubuntu.com,0
https://twitter.com/en-US/docs/Web,0
https://reactjs.org/news,0
https://postgresql.org/blog,0
https://auth0.com/about,0
https://netlify.com/contact,0
https://medium.com/user/profile,0
https://hackernews.com/search,0
https://youtube.com/news,0
https://dev.to/user/profile,0
https://reddit.com/search,0
https://owasp.org/questions/tagged/python,0
https://hackernews.com/help,0
https://elastic.co/articles,0
https://hackernews.com/news,0
https://reactjs.org/en-US/docs/Web,0
https://elastic.co,0
https://reactjs.org/category/tech,0
https://vercel.com/en-US/docs/Web,0
https://postgresql.org/wiki/Machine_learning,0
https://ubuntu.com/questions/tagged/python,0
https://youtube.com/news,0
https://stripe.com/user/profile,0
https://wikipedia.org/page/1,0
https://reactjs.org/contact,0
https://linkedin.com/learn/tutorial,0
https://mozilla.org/news,0
https://hackernews.com/page/1,0
https://postgresql.org/about,0
https://youtube.com/news,0
https://dev.to/docs,0
https://mozilla.org/user/profile,0
https://youtube.com,0
https://youtube.com/search,0
https://python.org/privacy,0
https://docker.com/page/1,0
https://postgresql.org/contact,0
https://mongodb.com/privacy,0
https://postgresql.org/terms,0
https://vercel.com/help,0
https://stackoverflow.com/category/tech,0
https://letsencrypt.org/news,0
https://digitalocean.com/category/tech,0
https://mongodb.com/docs,0
https://stackoverflow.com/help,0
https://youtube.com,0
https://github.com/docs,0
https://vercel.com/search,0
https://docker.com,0
https://reactjs.org/news,0
https://mongodb.com/blog,0
https://stripe.com/wiki/Machine_learning,0
https://reactjs.org/terms,0
https://medium.com/faq,0
https://letsencrypt.org,0
https://cloudflare.com/questions/tagged/python,0
https://owasp.org/category/tech,0
https://netlify.com/privacy,0
https://auth0.com/contact,0
https://stripe.com/user/profile,0
https://owasp.org/articles,0
https://reddit.com/blog,0
https://stackoverflow.com/products,0
https://mozilla.org/privacy,0
https://github.com/user/profile,0
https://stripe.com/news,0
https://ubuntu.com/articles,0
https://ubuntu.com/terms,0
https://netlify.com/faq,0
https://reddit.com/products,0
https://cloudflare.com/questions/tagged/python,0
https://netlify.com/,0
https://medium.com/user/profile,0
https://twitter.com/category/tech,0
https://python.org/products,0
https://google.com/page/1,0
https://python.org/privacy,0
https://ubuntu.com/questions/tagged/python,0
https://python.org/user/profile,0
https://letsencrypt.org/en-US/docs/Web,0
https://reddit.com/faq,0
https://netlify.com/questions/tagged/python,0
https://medium.com/products,0
https://netlify.com/products,0
https://stackoverflow.com/search,0
https://reactjs.org/docs,0
https://google.com/category/tech,0
https://cloudflare.com/search,0
https://github.com/contact,0
https://elastic.co/news,0
https://hackernews.com/search,0
https://mozilla.org/user/profile,0
https://youtube.com,0
https://docker.com/products,0
https://dev.to/search,0
https://cloudflare.com/learn/tutorial,0
https://github.com/user/profile,0
https://twitter.com/faq,0
https://linkedin.com/wiki/Machine_learning,0
https://cloudflare.com/page/1,0
https://stackoverflow.com/en-US/docs/Web,0
https://stackoverflow.com/articles,0
https://linkedin.com/docs,0
https://postgresql.org/en-US/docs/Web,0
https://dev.to/docs,0
https://medium.com/,0
https://docker.com/contact,0
https://github.com/contact,0
https://netlify.com/articles,0
https://docker.com/search,0
https://stripe.com/news,0
https://youtube.com/blog,0
https://mongodb.com/help,0
https://vercel.com/terms,0
https://cloudflare.com/about,0
https://cloudflare.com,0
https://ubuntu.com/en-US/docs/Web,0
https://digitalocean.com/questions/tagged/python,0
https://letsencrypt.org/search,0
https://mozilla.org/news,0
https://owasp.org/privacy,0
https://stackoverflow.com/contact,0
https://reddit.com,0
https://mongodb.com/faq,0
https://mongodb.com/articles,0
https://stackoverflow.com/,0
https://netlify.com/articles,0
https://hackernews.com/,0
https://hackernews.com/,0
https://python.org/search,0
https://google.com/faq,0
https://stripe.com/page/1,0
https://google.com/en-US/docs/Web,0
https://wikipedia.org/questions/tagged/python,0
https://postgresql.org/learn/tutorial,0
https://medium.com/terms,0
https://reactjs.org/user/profile,0
https://twitter.com/en-US/docs/Web,0
https://letsencrypt.org/contact,0
https://twitter.com/search,0
https://twitter.com/blog,0
https://cloudflare.com/help,0
https://stackoverflow.com,0
https://stripe.com/search,0
https://reddit.com/wiki/Machine_learning,0
https://ubuntu.com/category/tech,0
https://cloudflare.com/terms,0
https://elastic.co/docs,0
https://twitter.com/blog,0
https://stackoverflow.com/articles,0
https://vercel.com/,0
https://python.org/help,0
https://mozilla.org/products,0
https://youtube.com/user/profile,0
https://owasp.org/products,0
https://vercel.com/help,0
https://hackernews.com/help,0
https://twitter.com,0
https://auth0.com/about,0
https://linkedin.com/about,0
https://reddit.com,0
https://medium.com/questions/tagged/python,0
https://youtube.com/news,0
https://letsencrypt.org/user/profile,0
https://vercel.com,0
https://python.org/docs,0
https://medium.com,0
https://vercel.com/en-US/docs/Web,0
https://hackernews.com,0
https://twitter.com/articles,0
https://stripe.com/questions/tagged/python,0
https://wikipedia.org/help,0
https://ubuntu.com/terms,0
https://docker.com/docs,0
https://medium.com/products,0
https://youtube.com/contact,0
https://elastic.co/about,0
https://postgresql.org/questions/tagged/python,0
https://owasp.org/terms,0
https://vercel.com/help,0
https://hackernews.com/about,0
https://python.org/page/1,0
https://linkedin.com/category/tech,0
https://dev.to/news,0
https://cloudflare.com/page/1,0
https://python.org/news,0
https://google.com/news,0
https://mongodb.com/category/tech,0
https://stackoverflow.com/privacy,0
https://linkedin.com/en-US/docs/Web,0
https://python.org/,0
https://mongodb.com/page/1,0
https://medium.com/privacy,0
https://mozilla.org/contact,0
https://auth0.com/search,0
https://ubuntu.com,0
https://wikipedia.org/news,0
https://stripe.com/learn/tutorial,0
https://stripe.com/news,0
https://digitalocean.com/,0
https://digitalocean.com/,0
https://elastic.co/docs,0
https://dev.to/blog,0
https://postgresql.org/learn/tutorial,0
https://stackoverflow.com/docs,0
https://letsencrypt.org/faq,0
https://docker.com/,0
https://docker.com/news,0
https://vercel.com/,0
https://hackernews.com/news,0
https://elastic.co/help,0
https://letsencrypt.org/search,0
https://twitter.com/blog,0
https://linkedin.com/docs,0
https://ubuntu.com/docs,0
https://mongodb.com/faq,0
https://cloudflare.com/,0
https://youtube.com/docs,0
https://elastic.co/en-US/docs/Web,0
https://netlify.com/privacy,0
https://postgresql.org/products,0
https://letsencrypt.org/page/1,0
https://owasp.org/help,0
https://mozilla.org/category/tech,0
https://youtube.com/privacy,0
https://hackernews.com/user/profile,0
https://google.com/products,0
https://docker.com,0
https://mongodb.com/articles,0
https://reddit.com/help,0
https://twitter.com/contact,0
https://cloudflare.com/category/tech,0
https://stripe.com/en-US/docs/Web,0
https://docker.com/blog,0
https://owasp.org/en-US/docs/Web,0
https://github.com/user/profile,0
https://digitalocean.com,0
https://digitalocean.com/,0
https://youtube.com/help,0
https://medium.com/user/profile,0
https://elastic.co/contact,0
https://digitalocean.com/page/1,0
https://google.com/terms,0
https://wikipedia.org/category/tech,0
https://mozilla.org/products,0
https://auth0.com/wiki/Machine_learning,0
https://python.org/contact,0
https://github.com/learn/tutorial,0
https://github.com/wiki/Machine_learning,0
https://postgresql.org/faq,0
https://postgresql.org/wiki/Machine_learning,0
https://owasp.org/docs,0
https://owasp.org/contact,0
https://dev.to/about,0
https://elastic.co/contact,0
https://elastic.co/help,0
https://dev.to,0
https://google.com/products,0
https://dev.to/help,0
https://vercel.com/search,0
https://mongodb.com/user/profile,0
https://dev.to/help,0
https://mongodb.com/search,0
https://digitalocean.com/wiki/Machine_learning,0
https://youtube.com/products,0
https://elastic.co/faq,0
https://youtube.com/help,0
https://letsencrypt.org/search,0
https://netlify.com/search,0
https://google.com/questions/tagged/python,0
https://mozilla.org/docs,0
https://netlify.com/search,0
https://hackernews.com/,0
https://youtube.com/faq,0
https://linkedin.com/wiki/Machine_learning,0
https://postgresql.org/contact,0
https://mozilla.org,0
https://ubuntu.com/contact,0
https://ubuntu.com,0
https://reactjs.org/articles,0
https://mongodb.com/learn/tutorial,0
https://reactjs.org/user/profile,0
https://reddit.com/blog,0
https://vercel.com/blog,0
https://linkedin.com/category/tech,0
https://medium.com/page/1,0
https://reddit.com/faq,0
https://google.com/faq,0
https://reactjs.org/page/1,0
https://docker.com/privacy,0
https://wikipedia.org/search,0
https://google.com/blog,0
https://netlify.com/learn/tutorial,0
https://youtube.com/terms,0
https://elastic.co/questions/tagged/python,0
https://vercel.com/blog,0
https://dev.to/articles,0
https://stripe.com/category/tech,0
https://cloudflare.com/category/tech,0
https://github.com/products,0
https://medium.com/contact,0
https://stripe.com/products,0
https://netlify.com/wiki/Machine_learning,0
https://mongodb.com/about,0
https://auth0.com/terms,0
https://mozilla.org/help,0
https://twitter.com/en-US/docs/Web,0
https://ubuntu.com/about,0
https://docker.com/terms,0
https://docker.com/wiki/Machine_learning,0
https://netlify.com/help,0
https://python.org/learn/tutorial,0
https://twitter.com/user/profile,0
https://docker.com/learn/tutorial,0
https://docker.com,0
https://reactjs.org/learn/tutorial,0
https://youtube.com/privacy,0
https://docker.com/learn/tutorial,0
https://vercel.com/blog,0
https://hackernews.com/search,0
https://github.com/user/profile,0
https://reddit.com/category/tech,0
https://vercel.com/products,0
https://python.org/learn/tutorial,0
https://linkedin.com/category/tech,0
https://twitter.com/questions/tagged/python,0
https://docker.com/faq,0
https://dev.to,0
https://stackoverflow.com/about,0
https://postgresql.org/learn/tutorial,0
https://linkedin.com/learn/tutorial,0
https://elastic.co/faq,0
https://auth0.com/terms,0
https://postgresql.org/wiki/Machine_learning,0
https://reactjs.org/en-US/docs/Web,0
https://auth0.com/questions/tagged/python,0
https://github.com/help,0
https://youtube.com/page/1,0
https://letsencrypt.org/,0
https://owasp.org/articles,0
https://auth0.com/category/tech,0
https://stackoverflow.com/learn/tutorial,0
https://cloudflare.com/privacy,0
https://twitter.com/search,0
https://digitalocean.com/page/1,0
https://elastic.co/questions/tagged/python,0
https://docker.com/learn/tutorial,0
https://netlify.com/contact,0
https://youtube.com/,0
https://medium.com/products,0
https://youtube.com/help,0
https://google.com/terms,0
https://elastic.co/products,0
https://netlify.com/category/tech,0
https://hackernews.com/page/1,0
https://wikipedia.org/,0
https://mongodb.com,0
https://cloudflare.com/contact,0
https://dev.to/wiki/Machine_learning,0
https://digitalocean.com/articles,0
https://letsencrypt.org/en-US/docs/Web,0
https://postgresql.org/products,0
https://github.com/wiki/Machine_learning,0
https://dev.to/news,0
https://linkedin.com/contact,0
https://medium.com/user/profile,0
https://medium.com/user/profile,0
https://auth0.com/questions/tagged/python,0
https://linkedin.com/about,0
https://medium.com/articles,0
https://owasp.org/page/1,0
https://wikipedia.org/search,0
https://digitalocean.com/user/profile,0
https://auth0.com/news,0
https://docker.com/articles,0
https://docker.com/faq,0
https://youtube.com/about,0
https://wikipedia.org/,0
https://postgresql.org/category/tech,0
https://digitalocean.com/questions/tagged/python,0
https://ubuntu.com/articles,0
https://auth0.com/contact,0
https://mozilla.org/search,0
https://digitalocean.com/wiki/Machine_learning,0
https://dev.to/news,0
https://ubuntu.com/about,0
https://ubuntu.com/blog,0
https://twitter.com/page/1,0
https://twitter.com/contact,0
https://python.org/wiki/Machine_learning,0
https://youtube.com/category/tech,0
https://letsencrypt.org/en-US/docs/Web,0
https://ubuntu.com/user/profile,0
https://vercel.com/en-US/docs/Web,0
https://python.org/help,0
https://owasp.org/page/1,0
https://stackoverflow.com/learn/tutorial,0
https://netlify.com,0
https://reddit.com/user/profile,0
https://cloudflare.com/contact,0
https://hackernews.com/privacy,0
https://medium.com/category/tech,0
https://youtube.com/terms,0
https://vercel.com/products,0
https://auth0.com/docs,0
https://github.com/help,0
https://reactjs.org/questions/tagged/python,0
https://stripe.com/products,0
https://wikipedia.org/user/profile,0
https://digitalocean.com/privacy,0
https://owasp.org/search,0
https://elastic.co,0
https://elastic.co/contact,0
https://stripe.com/learn/tutorial,0
https://twitter.com/help,0
https://postgresql.org/category/tech,0
https://dev.to/contact,0
https://postgresql.org/faq,0
https://google.com,0
https://github.com/help,0
https://github.com/questions/tagged/python,0
https://vercel.com/articles,0
https://github.com/blog,0
https://docker.com/contact,0
https://github.com/articles,0
https://cloudflare.com/,0
https://auth0.com/learn/tutorial,0
https://elastic.co/news,0
https://owasp.org/articles,0
https://mongodb.com/news,0
https://python.org/category/tech,0
https://mongodb.com/terms,0
https://hackernews.com/faq,0
https://mozilla.org/questions/tagged/python,0
https://reactjs.org/help,0
https://postgresql.org/page/1,0
https://dev.to/wiki/Machine_learning,0
https://owasp.org/learn/tutorial,0
https://mozilla.org/privacy,0
https://wikipedia.org/en-US/docs/Web,0
https://letsencrypt.org/wiki/Machine_learning,0
https://dev.to/products,0
https://linkedin.com/articles,0
https://stripe.com/en-US/docs/Web,0
https://twitter.com/terms,0
https://postgresql.org/questions/tagged/python,0
https://hackernews.com/privacy,0
https://mongodb.com/questions/tagged/python,0
https://twitter.com/category/tech,0
https://dev.to/docs,0
https://medium.com/wiki/Machine_learning,0
https://stackoverflow.com/,0
https://twitter.com/terms,0
https://reactjs.org/page/1,0
https://hackernews.com/blog,0
https://vercel.com/en-US/docs/Web,0
https://dev.to/page/1,0
https://github.com/articles,0
https://dev.to/wiki/Machine_learning,0
https://auth0.com/contact,0
https://ubuntu.com/terms,0
https://reactjs.org/search,0
https://google.com/en-US/docs/Web,0
https://wikipedia.org/wiki/Machine_learning,0
https://cloudflare.com/docs,0
https://dev.to,0
https://postgresql.org/,0
https://python.org/privacy,0
https://netlify.com/,0
https://github.com/faq,0
https://wikipedia.org/products,0
https://wikipedia.org/articles,0
https://medium.com/search,0
https://elastic.co/questions/tagged/python,0
https://vercel.com/blog,0
https://elastic.co,0
https://auth0.com/contact,0
https://mozilla.org/questions/tagged/python,0
https://owasp.org/questions/tagged/python,0
https://wikipedia.org/questions/tagged/python,0
https://stripe.com/products,0
https://hackernews.com/terms,0
https://google.com/articles,0
https://linkedin.com/faq,0
https://python.org/questions/tagged/python,0
https://python.org/page/1,0
https://hackernews.com/learn/tutorial,0
https://google.com/faq,0
https://reactjs.org/user/profile,0
https://ubuntu.com/en-US/docs/Web,0
https://wikipedia.org/wiki/Machine_learning,0
https://hackernews.com/articles,0
https://auth0.com/search,0
https://mozilla.org/news,0
https://auth0.com/,0
https://mozilla.org/privacy,0
https://cloudflare.com/docs,0
https://stackoverflow.com/search,0
https://reddit.com/docs,0
https://owasp.org/about,0
https://digitalocean.com/user/profile,0
https://cloudflare.com/articles,0
https://postgresql.org/wiki/Machine_learning,0
https://mozilla.org/terms,0
https://stripe.com/,0
https://twitter.com/faq,0
https://netlify.com/questions/tagged/python,0
https://mongodb.com/news,0
https://reddit.com/,0
https://medium.com/products,0
https://stripe.com/learn/tutorial,0
https://google.com/search,0
https://dev.to/contact,0
https://digitalocean.com/privacy,0
https://github.com/news,0
https://netlify.com/about,0
https://docker.com/help,0
https://google.com/learn/tutorial,0
https://elastic.co/docs,0
https://stackoverflow.com/blog,0
https://mozilla.org/,0
https://twitter.com/articles,0
https://netlify.com/questions/tagged/python,0
https://stripe.com/search,0
https://digitalocean.com/faq,0
https://reddit.com,0
https://digitalocean.com/docs,0
https://hackernews.com/en-US/docs/Web,0
https://python.org/help,0
https://python.org/en-US/docs/Web,0
https://reddit.com/contact,0
https://dev.to/articles,0
https://owasp.org/help,0
https://docker.com/terms,0
https://docker.com/news,0
https://mongodb.com/articles,0
https://stackoverflow.com/questions/tagged/python,0
https://ubuntu.com,0
https://vercel.com/category/tech,0
https://stackoverflow.com/docs,0
https://mongodb.com/,0
https://digitalocean.com/questions/tagged/python,0
https://docker.com/news,0
https://wikipedia.org/docs,0
https://netlify.com/questions/tagged/python,0
https://ubuntu.com/en-US/docs/Web,0
https://ubuntu.com/search,0
https://cloudflare.com/privacy,0
https://digitalocean.com/privacy,0
https://mozilla.org/articles,0
https://wikipedia.org/terms,0
https://wikipedia.org,0
https://auth0.com,0
https://hackernews.com/privacy,0
https://medium.com/privacy,0
https://elastic.co,0
https://vercel.com/news,0
https://letsencrypt.org/privacy,0
https://github.com/category/tech,0
https://netlify.com/category/tech,0
https://elastic.co/help,0
https://cloudflare.com/about,0
https://mozilla.org/products,0
https://digitalocean.com/page/1,0
https://owasp.org/category/tech,0
https://owasp.org/articles,0
https://reddit.com/news,0
https://digitalocean.com/category/tech,0
https://netlify.com/learn/tutorial,0
https://mozilla.org/search,0
https://docker.com/terms,0
https://stripe.com,0
https://github.com/search,0
https://reddit.com/news,0
https://digitalocean.com/privacy,0
https://stackoverflow.com/privacy,0
https://stackoverflow.com/wiki/Machine_learning,0
https://linkedin.com/page/1,0
https://youtube.com/questions/tagged/python,0
https://dev.to/privacy,0
https://stackoverflow.com/page/1,0
https://reactjs.org/wiki/Machine_learning,0
https://mongodb.com/help,0
https://owasp.org/terms,0
https://reactjs.org/about,0
https://twitter.com/news,0
https://auth0.com/products,0
https://postgresql.org/help,0
https://linkedin.com/terms,0
https://mongodb.com/en-US/docs/Web,0
https://google.com/about,0
https://letsencrypt.org/wiki/Machine_learning,0
https://stripe.com/news,0
https://wikipedia.org/products,0
https://postgresql.org/articles,0
https://youtube.com/about,0
https://netlify.com/help,0
https://medium.com/search,0
https://stackoverflow.com/terms,0
https://mozilla.org/articles,0
https://youtube.com/terms,0
https://docker.com/blog,0
https://linkedin.com/blog,0
https://mozilla.org/help,0
https://youtube.com/questions/tagged/python,0
https://github.com/user/profile,0
https://wikipedia.org,0
https://wikipedia.org/help,0
https://mongodb.com/contact,0
https://python.org/page/1,0
https://hackernews.com/questions/tagged/python,0
https://stackoverflow.com/learn/tutorial,0
https://ubuntu.com/category/tech,0
https://postgresql.org/,0
https://youtube.com/category/tech,0
https://letsencrypt.org/help,0
https://docker.com/questions/tagged/python,0
https://youtube.com/faq,0
https://ubuntu.com/en-US/docs/Web,0
https://hackernews.com/contact,0
https://linkedin.com/blog,0
https://netlify.com/user/profile,0
https://wikipedia.org/wiki/Machine_learning,0
https://youtube.com/learn/tutorial,0
https://docker.com,0
https://hackernews.com,0
https://mongodb.com,0
https://digitalocean.com/user/profile,0
https://ubuntu.com/page/1,0
https://letsencrypt.org,0
https://digitalocean.com/en-US/docs/Web,0
https://mongodb.com/,0
https://ubuntu.com/contact,0
https://postgresql.org,0
https://reactjs.org/products,0
https://cloudflare.com,0
https://digitalocean.com/,0
https://ubuntu.com/contact,0
https://dev.to/,0
https://digitalocean.com/search,0
https://dev.to/docs,0
https://digitalocean.com/en-US/docs/Web,0
https://mongodb.com/articles,0
https://linkedin.com/page/1,0
https://owasp.org/,0
https://reddit.com/news,0
https://wikipedia.org/docs,0
https://stackoverflow.com/contact,0
https://stripe.com/articles,0
https://owasp.org/faq,0
https://stripe.com,0
https://mozilla.org/en-US/docs/Web,0
https://stackoverflow.com/news,0
https://cloudflare.com/articles,0
https://auth0.com/articles,0
https://youtube.com/help,0
https://mozilla.org/user/profile,0
https://wikipedia.org/blog,0
https://dev.to/privacy,0
https://owasp.org/user/profile,0
https://reactjs.org/search,0
https://youtube.com/news,0
https://github.com/questions/tagged/python,0
https://twitter.com/help,0
https://letsencrypt.org/user/profile,0
https://twitter.com/category/tech,0
https://linkedin.com/help,0
https://owasp.org/terms,0
https://letsencrypt.org/about,0
https://python.org/search,0
https://google.com/page/1,0
https://mozilla.org,0
https://docker.com/docs,0
https://stackoverflow.com/help,0
https://hackernews.com/articles,0
https://vercel.com/articles,0
https://medium.com/privacy,0
https://elastic.co/contact,0
https://youtube.com/articles,0
https://netlify.com/privacy,0
https://elastic.co/user/profile,0
https://reddit.com/contact,0
https://reactjs.org,0
https://cloudflare.com/page/1,0
https://letsencrypt.org/privacy,0
https://github.com/faq,0
https://docker.com/user/profile,0
https://owasp.org/search,0
https://cloudflare.com/en-US/docs/Web,0
https://wikipedia.org/search,0
https://postgresql.org/privacy,0
https://github.com/user/profile,0
https://netlify.com/blog,0
https://hackernews.com/page/1,0
https://digitalocean.com/products,0
https://linkedin.com/blog,0
https://youtube.com/blog,0
https://docker.com,0
https://elastic.co/blog,0
https://postgresql.org/category/tech,0
https://elastic.co/search,0
https://postgresql.org/contact,0
https://python.org/articles,0
https://wikipedia.org/products,0
https://medium.com/page/1,0
https://vercel.com/privacy,0
https://elastic.co/help,0
https://digitalocean.com/category/tech,0
https://netlify.com/contact,0
https://mongodb.com,0
https://dev.to/terms,0
https://mongodb.com/products,0
https://owasp.org/docs,0
https://cloudflare.com/,0
https://mongodb.com/docs,0
https://vercel.com/help,0
https://reddit.com/help,0
https://twitter.com/blog,0
https://medium.com/en-US/docs/Web,0
https://elastic.co/user/profile,0
https://mongodb.com/privacy,0
https://owasp.org/category/tech,0
https://mongodb.com/contact,0
https://owasp.org/news,0
https://google.com/articles,0
https://letsencrypt.org/search,0
https://vercel.com/search,0
https://letsencrypt.org/products,0
https://python.org/privacy,0
https://medium.com/learn/tutorial,0
https://stripe.com/blog,0
https://auth0.com/articles,0
https://dev.to/news,0
https://mozilla.org/docs,0
https://stripe.com/category/tech,0
https://docker.com/about,0
https://linkedin.com/news,0
https://elastic.co/terms,0
https://docker.com/help,0
https://wikipedia.org/category/tech,0
https://reactjs.org/learn/tutorial,0
https://hackernews.com/learn/tutorial,0
https://dev.to/privacy,0
https://digitalocean.com/en-US/docs/Web,0
https://elastic.co/category/tech,0
https://twitter.com/,0
https://python.org/blog,0
https://mongodb.com,0
https://stackoverflow.com/questions/tagged/python,0
https://elastic.co/about,0
https://medium.com,0
https://stripe.com/blog,0
https://owasp.org/faq,0
https://vercel.com,0
https://mozilla.org/search,0
https://medium.com/page/1,0
https://cloudflare.com/help,0
https://auth0.com/docs,0
https://youtube.com/privacy,0
https://medium.com/products,0
https://postgresql.org/contact,0
https://twitter.com/en-US/docs/Web,0
https://cloudflare.com/docs,0
https://letsencrypt.org/about,0
https://google.com/products,0
https://python.org/docs,0
https://hackernews.com/contact,0
https://twitter.com/user/profile,0
https://stripe.com/articles,0
https://auth0.com/page/1,0
https://reddit.com/,0
https://stripe.com/articles,0
https://reddit.com/wiki/Machine_learning,0
https://hackernews.com/help,0
https://elastic.co/wiki/Machine_learning,0
https://reddit.com/en-US/docs/Web,0
https://mozilla.org/,0
https://dev.to/contact,0
https://stackoverflow.com/,0
https://cloudflare.com,0
https://ubuntu.com/docs,0
https://mongodb.com/help,0
https://docker.com/questions/tagged/python,0
https://ubuntu.com/news,0
https://netlify.com,0
https://linkedin.com/about,0
https://reddit.com/category/tech,0
https://auth0.com/wiki/Machine_learning,0
https://dev.to/wiki/Machine_learning,0
https://linkedin.com/learn/tutorial,0
https://youtube.com/privacy,0
https://reddit.com/docs,0
https://reactjs.org/faq,0
https://mozilla.org/blog,0
https://digitalocean.com/products,0
https://owasp.org/docs,0
https://letsencrypt.org/blog,0
https://mozilla.org/help,0
https://mozilla.org/privacy,0
https://youtube.com/wiki/Machine_learning,0
https://elastic.co/questions/tagged/python,0
https://youtube.com/news,0
https://auth0.com/questions/tagged/python,0
https://postgresql.org/privacy,0
https://auth0.com/terms,0
https://github.com/news,0
https://wikipedia.org/user/profile,0
https://mongodb.com/privacy,0
https://python.org/about,0
https://wikipedia.org/faq,0
https://mongodb.com/faq,0
https://stripe.com/,0
https://docker.com/search,0
https://reactjs.org/user/profile,0
https://docker.com/page/1,0
https://twitter.com/search,0
https://dev.to/category/tech,0
https://elastic.co/category/tech,0
https://twitter.com/user/profile,0
https://cloudflare.com/news,0
https://linkedin.com,0
https://youtube.com/faq,0
https://auth0.com/terms,0
https://dev.to/en-US/docs/Web,0
https://dev.to/page/1,0
https://youtube.com/category/tech,0
https://docker.com/privacy,0
https://medium.com/user/profile,0
https://linkedin.com/learn/tutorial,0
https://cloudflare.com/questions/tagged/python,0
https://youtube.com/wiki/Machine_learning,0
https://github.com/search,0
https://owasp.org/docs,0
https://medium.com/page/1,0
https://python.org/user/profile,0
https://digitalocean.com/docs,0
https://mozilla.org/en-US/docs/Web,0
https://reddit.com/,0
https://mozilla.org/terms,0
https://cloudflare.com/articles,0
https://stackoverflow.com/articles,0
https://dev.to/en-US/docs/Web,0
https://elastic.co/page/1,0
https://cloudflare.com/articles,0
https://hackernews.com/questions/tagged/python,0
https://reddit.com/questions/tagged/python,0
https://mongodb.com/about,0
https://mongodb.com/page/1,0
https://mongodb.com/articles,0
https://reactjs.org/articles,0
https://hackernews.com/about,0
https://docker.com/page/1,0
https://digitalocean.com/learn/tutorial,0
https://dev.to/faq,0
https://youtube.com/en-US/docs/Web,0
https://digitalocean.com/page/1,0
https://mozilla.org/about,0
https://wikipedia.org/category/tech,0
https://digitalocean.com/questions/tagged/python,0
https://python.org/docs,0
https://reddit.com/terms,0
https://reddit.com/,0
https://stackoverflow.com/learn/tutorial,0
https://postgresql.org/questions/tagged/python,0
https://reactjs.org/wiki/Machine_learning,0
https://elastic.co/page/1,0
https://stripe.com/blog,0
https://netlify.com/products,0
https://mongodb.com/page/1,0
https://netlify.com/privacy,0
https://cloudflare.com/page/1,0
https://letsencrypt.org/wiki/Machine_learning,0
https://medium.com/questions/tagged/python,0
https://owasp.org/about,0
https://dev.to/wiki/Machine_learning,0
https://ubuntu.com/en-US/docs/Web,0
https://reddit.com/blog,0
https://linkedin.com/blog,0
https://google.com/,0
https://ubuntu.com/en-US/docs/Web,0
https://wikipedia.org,0
https://linkedin.com,0
https://wikipedia.org/help,0
https://python.org/user/profile,0
https://twitter.com/articles,0
https://medium.com/articles,0
https://letsencrypt.org/,0
https://netlify.com/news,0
https://digitalocean.com/about,0
https://digitalocean.com/wiki/Machine_learning,0
https://digitalocean.com/page/1,0
https://digitalocean.com/contact,0
https://postgresql.org/page/1,0
https://youtube.com/,0
https://owasp.org/search,0
https://auth0.com/contact,0
https://reddit.com,0
https://medium.com/user/profile,0
https://google.com,0
https://dev.to/help,0
https://reddit.com/privacy,0
https://mongodb.com/wiki/Machine_learning,0
https://python.org/help,0
https://python.org/news,0
https://elastic.co/en-US/docs/Web,0
https://cloudflare.com/page/1,0
https://netlify.com/articles,0
https://vercel.com/blog,0
https://letsencrypt.org/faq,0
https://twitter.com/user/profile,0
https://reactjs.org/,0
https://vercel.com/contact,0
https://auth0.com/contact,0
https://owasp.org/questions/tagged/python,0
https://mozilla.org/terms,0
https://stackoverflow.com/news,0
https://reddit.com/products,0
https://postgresql.org/products,0
https://youtube.com/docs,0
https://digitalocean.com/docs,0
https://stripe.com/questions/tagged/python,0
https://vercel.com/questions/tagged/python,0
https://medium.com/wiki/Machine_learning,0
https://elastic.co/questions/tagged/python,0
https://reactjs.org/help,0
https://hackernews.com/blog,0
https://netlify.com/terms,0
https://ubuntu.com/wiki/Machine_learning,0
https://digitalocean.com/,0
https://reactjs.org/about,0
https://google.com/faq,0
https://dev.to/en-US/docs/Web,0
https://owasp.org/questions/tagged/python,0
https://letsencrypt.org/about,0
https://postgresql.org,0
https://elastic.co/wiki/Machine_learning,0
https://stackoverflow.com/en-US/docs/Web,0
https://medium.com/en-US/docs/Web,0
https://python.org/user/profile,0
https://google.com/articles,0
https://stackoverflow.com/page/1,0
https://letsencrypt.org/,0
https://elastic.co/help,0
https://netlify.com/search,0
https://dev.to/articles,0
https://letsencrypt.org/wiki/Machine_learning,0
https://twitter.com/help,0
https://elastic.co/blog,0
https://linkedin.com/about,0
https://auth0.com/contact,0
https://youtube.com/news,0
https://cloudflare.com/docs,0
https://vercel.com/search,0
https://stripe.com/user/profile,0
https://medium.com/docs,0
https://linkedin.com/,0
https://reactjs.org/blog,0
https://vercel.com/products,0
https://netlify.com/page/1,0
https://vercel.com/blog,0
https://vercel.com/terms,0
https://ubuntu.com/questions/tagged/python,0
https://hackernews.com/search,0
https://elastic.co/products,0
https://digitalocean.com,0
https://elastic.co/category/tech,0
https://youtube.com/about,0
https://hackernews.com/,0
https://medium.com/wiki/Machine_learning,0
https://python.org/user/profile,0
https://dev.to/docs,0
https://reddit.com/learn/tutorial,0
https://cloudflare.com/questions/tagged/python,0
https://twitter.com/search,0
https://postgresql.org/articles,0
https://hackernews.com/about,0
https://python.org/search,0
https://stackoverflow.com/help,0
https://letsencrypt.org/en-US/docs/Web,0
https://linkedin.com/learn/tutorial,0
https://reactjs.org/search,0
https://medium.com/docs,0
https://wikipedia.org/page/1,0
https://netlify.com/news,0
https://auth0.com/terms,0
https://netlify.com/faq,0
https://postgresql.org/docs,0
https://owasp.org/,0
https://owasp.org/terms,0
https://stackoverflow.com/en-US/docs/Web,0
https://letsencrypt.org/terms,0
https://netlify.com/search,0
https://reactjs.org,0
https://github.com/en-US/docs/Web,0
https://netlify.com/products,0
https://netlify.com/blog,0
https://dev.to/contact,0
https://linkedin.com/,0
https://vercel.com/about,0
https://netlify.com/help,0
https://github.com/questions/tagged/python,0
https://mongodb.com/questions/tagged/python,0
https://hackernews.com/en-US/docs/Web,0
https://github.com/faq,0
https://twitter.com/user/profile,0
https://wikipedia.org/about,0
https://reactjs.org/en-US/docs/Web,0
https://vercel.com/products,0
https://dev.to/wiki/Machine_learning,0
https://hackernews.com/en-US/docs/Web,0
https://medium.com/en-US/docs/Web,0
https://docker.com/learn/tutorial,0
https://stripe.com/privacy,0
https://python.org/wiki/Machine_learning,0
https://reddit.com/news,0
https://youtube.com/learn/tutorial,0
https://digitalocean.com/page/1,0
https://hackernews.com/category/tech,0
https://netlify.com/questions/tagged/python,0
https://auth0.com/wiki/Machine_learning,0
https://dev.to/,0
https://digitalocean.com/privacy,0
https://cloudflare.com/user/profile,0
https://owasp.org/page/1,0
https://dev.to/,0
https://elastic.co/about,0
https://python.org/page/1,0
https://letsencrypt.org/search,0
https://letsencrypt.org/learn/tutorial,0
https://wikipedia.org/terms,0
https://cloudflare.com/category/tech,0
https://python.org/wiki/Machine_learning,0
https://google.com/,0
https://medium.com/blog,0
https://owasp.org/docs,0
https://reactjs.org/contact,0
https://reactjs.org/blog,0
https://netlify.com/user/profile,0
https://owasp.org/products,0
https://elastic.co/help,0
https://stripe.com,0
https://python.org/about,0
https://docker.com/articles,0
https://youtube.com/category/tech,0
https://ubuntu.com/faq,0
https://stackoverflow.com/privacy,0
https://elastic.co/wiki/Machine_learning,0
https://stackoverflow.com/blog,0
https://hackernews.com/learn/tutorial,0
https://stackoverflow.com/user/profile,0
https://postgresql.org/news,0
https://dev.to/en-US/docs/Web,0
https://reddit.com/privacy,0
https://stackoverflow.com/page/1,0
https://vercel.com/articles,0
https://youtube.com/about,0
https://elastic.co/articles,0
https://medium.com/privacy,0
https://digitalocean.com/category/tech,0
https://letsencrypt.org/news,0
https://mozilla.org/docs,0
https://dev.to/privacy,0
https://vercel.com/blog,0
https://dev.to/category/tech,0
https://digitalocean.com/category/tech,0
https://elastic.co,0
https://stripe.com/products,0
https://google.com/blog,0
https://youtube.com/blog,0
https://ubuntu.com/news,0
https://letsencrypt.org/docs,0
https://linkedin.com/docs,0
https://vercel.com/blog,0
https://ubuntu.com/questions/tagged/python,0
https://mongodb.com/learn/tutorial,0
https://elastic.co/contact,0
https://vercel.com/products,0
https://vercel.com/learn/tutorial,0
https://reddit.com/articles,0
https://cloudflare.com/wiki/Machine_learning,0
https://python.org/articles,0
https://mongodb.com/faq,0
https://hackernews.com/wiki/Machine_learning,0
https://postgresql.org/articles,0
https://postgresql.org/privacy,0
https://digitalocean.com/,0
https://auth0.com/blog,0
https://mongodb.com/docs,0
https://wikipedia.org,0
https://wikipedia.org/category/tech,0
https://vercel.com/,0
https://mongodb.com/category/tech,0
https://github.com/category/tech,0
https://elastic.co/terms,0
https://netlify.com/faq,0
https://twitter.com/privacy,0
https://youtube.com,0
https://hackernews.com/terms,0
https://ubuntu.com/contact,0
https://reddit.com,0
https://digitalocean.com/user/profile,0
https://google.com/contact,0
https://google.com/category/tech,0
https://reddit.com/category/tech,0
https://medium.com/articles,0
https://elastic.co/learn/tutorial,0
https://elastic.co/help,0
https://postgresql.org/wiki/Machine_learning,0
https://stripe.com/about,0
https://owasp.org/products,0
https://auth0.com/category/tech,0
https://linkedin.com/category/tech,0
https://stripe.com/search,0
https://reactjs.org/search,0
https://linkedin.com/en-US/docs/Web,0
https://cloudflare.com/search,0
https://youtube.com/terms,0
https://docker.com/docs,0
https://docker.com/faq,0
https://twitter.com/questions/tagged/python,0
https://auth0.com/help,0
https://hackernews.com/page/1,0
https://stripe.com/docs,0
https://reactjs.org/wiki/Machine_learning,0
https://owasp.org/blog,0
https://mozilla.org/articles,0
https://python.org/user/profile,0
https://wikipedia.org/learn/tutorial,0
https://stackoverflow.com/privacy,0
https://google.com/news,0
https://reactjs.org/wiki/Machine_learning,0
https://cloudflare.com/products,0
https://ubuntu.com/en-US/docs/Web,0
https://elastic.co/docs,0
https://cloudflare.com/terms,0
https://github.com/terms,0
https://python.org/contact,0
https://letsencrypt.org/faq,0
https://google.com/terms,0
https://reddit.com,0
https://postgresql.org/wiki/Machine_learning,0
https://mozilla.org/articles,0
https://google.com/learn/tutorial,0
https://elastic.co/en-US/docs/Web,0
https://owasp.org/articles,0
https://python.org/learn/tutorial,0
https://stackoverflow.com/help,0
https://vercel.com/page/1,0
https://elastic.co/questions/tagged/python,0
https://docker.com/articles,0
https://netlify.com,0
https://owasp.org/category/tech,0
https://youtube.com/terms,0
https://owasp.org/contact,0
https://letsencrypt.org/category/tech,0
https://stackoverflow.com/questions/tagged/python,0
https://youtube.com/faq,0
https://elastic.co/docs,0
https://netlify.com/articles,0
https://vercel.com/products,0
https://letsencrypt.org/questions/tagged/python,0
https://reddit.com/user/profile,0
https://mongodb.com/privacy,0
https://mongodb.com/questions/tagged/python,0
https://linkedin.com/faq,0
https://mongodb.com/learn/tutorial,0
https://medium.com/privacy,0
https://reddit.com/privacy,0
https://auth0.com/contact,0
https://docker.com/contact,0
https://linkedin.com/en-US/docs/Web,0
https://letsencrypt.org/category/tech,0
https://postgresql.org/help,0
https://postgresql.org/learn/tutorial,0
https://netlify.com/about,0
https://stripe.com/docs,0
https://owasp.org/terms,0
https://python.org/terms,0
https://elastic.co/help,0
https://elastic.co/wiki/Machine_learning,0
https://elastic.co/help,0
https://docker.com/questions/tagged/python,0
https://reddit.com/news,0
https://stackoverflow.com/blog,0
https://docker.com/user/profile,0
https://postgresql.org/user/profile,0
https://auth0.com/questions/tagged/python,0
https://vercel.com/search,0
https://twitter.com/about,0
https://linkedin.com/learn/tutorial,0
https://stackoverflow.com/category/tech,0
https://youtube.com/page/1,0
https://twitter.com/user/profile,0
https://elastic.co/terms,0
https://vercel.com/wiki/Machine_learning,0
https://owasp.org/category/tech,0
https://docker.com/blog,0
https://hackernews.com/news,0
https://twitter.com/learn/tutorial,0
https://github.com/en-US/docs/Web,0
https://youtube.com,0
https://github.com/terms,0
https://owasp.org,0
https://digitalocean.com/faq,0
https://vercel.com/contact,0
https://auth0.com/docs,0
https://netlify.com/terms,0
https://ubuntu.com/privacy,0
https://cloudflare.com/,0
https://digitalocean.com/page/1,0
https://stackoverflow.com/page/1,0
https://docker.com/help,0
https://cloudflare.com/news,0
https://cloudflare.com/articles,0
https://mozilla.org/wiki/Machine_learning,0
https://wikipedia.org/blog,0
https://reactjs.org/learn/tutorial,0
https://docker.com/docs,0
https://github.com/articles,0
https://digitalocean.com/docs,0
https://reactjs.org/privacy,0
https://linkedin.com/products,0
https://dev.to/privacy,0
https://letsencrypt.org/wiki/Machine_learning,0
https://digitalocean.com/page/1,0
https://medium.com/category/tech,0
https://google.com/page/1,0
https://netlify.com/news,0
https://mongodb.com/news,0
https://hackernews.com/contact,0
https://letsencrypt.org/search,0
https://google.com/user/profile,0
https://elastic.co/category/tech,0
https://elastic.co/en-US/docs/Web,0
https://digitalocean.com/en-US/docs/Web,0
https://elastic.co/user/profile,0
https://reddit.com/category/tech,0
https://mozilla.org/wiki/Machine_learning,0
https://reactjs.org/questions/tagged/python,0
https://stripe.com/docs,0
https://github.com/page/1,0
https://elastic.co/questions/tagged/python,0
https://docker.com/page/1,0
https://reddit.com/user/profile,0
https://hackernews.com/docs,0
https://stripe.com/search,0
https://stripe.com,0
https://owasp.org/wiki/Machine_learning,0
https://medium.com/page/1,0
https://elastic.co/user/profile,0
https://linkedin.com/terms,0
https://digitalocean.com,0
https://linkedin.com/,0
https://medium.com/en-US/docs/Web,0
https://cloudflare.com/help,0
https://vercel.com/,0
https://auth0.com/blog,0
https://letsencrypt.org/search,0
https://python.org/learn/tutorial,0
https://hackernews.com,0
https://medium.com/about,0
https://google.com/questions/tagged/python,0
https://letsencrypt.org/docs,0
https://dev.to/news,0
https://dev.to/blog,0
https://netlify.com/privacy,0
https://mozilla.org/questions/tagged/python,0
https://mongodb.com/news,0
https://vercel.com/faq,0
https://netlify.com/docs,0
https://google.com/terms,0
https://letsencrypt.org/faq,0
https://medium.com/about,0
https://hackernews.com/privacy,0
https://stripe.com/wiki/Machine_learning,0
https://wikipedia.org/about,0
https://auth0.com/questions/tagged/python,0
https://digitalocean.com/products,0
https://owasp.org/category/tech,0
https://twitter.com/questions/tagged/python,0
https://python.org/help,0
https://linkedin.com/en-US/docs/Web,0
https://digitalocean.com/category/tech,0
https://stackoverflow.com/page/1,0
https://linkedin.com/category/tech,0
https://auth0.com/,0
https://mongodb.com/user/profile,0
https://cloudflare.com,0
https://elastic.co/terms,0
https://dev.to/terms,0
https://youtube.com/products,0
https://dev.to/category/tech,0
https://linkedin.com,0
https://vercel.com/products,0
https://hackernews.com/search,0
https://digitalocean.com/learn/tutorial,0
https://reddit.com/wiki/Machine_learning,0
https://mozilla.org/articles,0
https://mongodb.com/products,0
https://letsencrypt.org/privacy,0
https://github.com/questions/tagged/python,0
https://hackernews.com,0
https://vercel.com/about,0
https://linkedin.com/products,0
https://github.com/articles,0
https://letsencrypt.org/articles,0
https://auth0.com/news,0
https://stackoverflow.com/blog,0
https://ubuntu.com/contact,0
https://digitalocean.com/search,0
https://ubuntu.com/docs,0
https://ubuntu.com/questions/tagged/python,0
https://linkedin.com,0
https://twitter.com/news,0
https://elastic.co/user/profile,0
https://digitalocean.com/docs,0
https://auth0.com/page/1,0
https://twitter.com/category/tech,0
https://youtube.com/blog,0
https://wikipedia.org/faq,0
https://hackernews.com/page/1,0
https://python.org/faq,0
https://stackoverflow.com/docs,0
https://elastic.co/contact,0
https://elastic.co/docs,0
https://google.com/articles,0
https://dev.to/products,0
https://owasp.org/,0
https://twitter.com/user/profile,0
https://vercel.com/user/profile,0
https://reactjs.org/,0
https://stripe.com/category/tech,0
https://postgresql.org/user/profile,0
https://reactjs.org/articles,0
https://youtube.com/user/profile,0
https://wikipedia.org/articles,0
https://auth0.com/news,0
https://reactjs.org/category/tech,0
https://netlify.com/articles,0
https://digitalocean.com/articles,0
https://github.com/search,0
https://elastic.co/wiki/Machine_learning,0
https://vercel.com/privacy,0
https://owasp.org/privacy,0
https://auth0.com/docs,0
https://hackernews.com/terms,0
https://cloudflare.com/contact,0
https://linkedin.com,0
https://digitalocean.com/en-US/docs/Web,0
https://medium.com/questions/tagged/python,0
https://elastic.co/blog,0
https://vercel.com,0
https://cloudflare.com/,0
https://python.org/terms,0
https://dev.to/category/tech,0
https://reddit.com/learn/tutorial,0
https://hackernews.com/user/profile,0
https://ubuntu.com/about,0
https://google.com/en-US/docs/Web,0
https://ubuntu.com/terms,0
https://linkedin.com/terms,0
https://mongodb.com/questions/tagged/python,0
https://mozilla.org/products,0
https://digitalocean.com/wiki/Machine_learning,0
https://mongodb.com/faq,0
https://youtube.com/privacy,0
https://linkedin.com/wiki/Machine_learning,0
https://reddit.com/blog,0
https://github.com/user/profile,0
https://google.com/blog,0
https://cloudflare.com/contact,0
https://google.com/faq,0
https://stackoverflow.com/privacy,0
https://github.com/questions/tagged/python,0
https://hackernews.com/faq,0
https://owasp.org/docs,0
https://wikipedia.org/search,0
https://netlify.com,0
https://mongodb.com/contact,0
https://stripe.com/contact,0
https://stackoverflow.com/terms,0
https://reddit.com/privacy,0
https://reddit.com/search,0
https://stripe.com/about,0
https://docker.com/en-US/docs/Web,0
https://cloudflare.com,0
https://dev.to/help,0
https://auth0.com/en-US/docs/Web,0
https://vercel.com/,0
https://github.com/,0
https://twitter.com/faq,0
https://digitalocean.com/category/tech,0
https://cloudflare.com/,0
https://reddit.com/category/tech,0
https://owasp.org/blog,0
https://mozilla.org/en-US/docs/Web,0
https://elastic.co,0
https://netlify.com/page/1,0
https://letsencrypt.org/,0
https://reddit.com/search,0
https://cloudflare.com/learn/tutorial,0
https://linkedin.com/faq,0
https://letsencrypt.org/docs,0
https://digitalocean.com/articles,0
https://reddit.com/privacy,0
https://hackernews.com/en-US/docs/Web,0
https://twitter.com/user/profile,0
https://github.com/docs,0
https://linkedin.com/en-US/docs/Web,0
https://netlify.com/products,0
https://ubuntu.com/products,0
https://netlify.com/faq,0
https://elastic.co/blog,0
https://python.org/faq,0
https://vercel.com/terms,0
https://youtube.com/user/profile,0
https://hackernews.com/contact,0
https://elastic.co/,0
https://mongodb.com/docs,0
https://docker.com/privacy,0
https://stackoverflow.com/faq,0
https://reddit.com/news,0
https://postgresql.org/help,0
https://reddit.com/en-US/docs/Web,0
https://linkedin.com/learn/tutorial,0
https://reddit.com/articles,0
https://netlify.com/docs,0
https://medium.com/learn/tutorial,0
https://github.com/,0
https://hackernews.com/,0
https://postgresql.org/privacy,0
https://reactjs.org/page/1,0
https://dev.to/category/tech,0
https://google.com/help,0
https://dev.to/category/tech,0
https://youtube.com/category/tech,0
https://linkedin.com/articles,0
https://elastic.co/en-US/docs/Web,0
https://python.org/terms,0
https://wikipedia.org/faq,0
https://google.com/page/1,0
https://netlify.com/contact,0
https://hackernews.com/questions/tagged/python,0
https://github.com/page/1,0
https://owasp.org/user/profile,0
https://auth0.com/products,0
https://stackoverflow.com/wiki/Machine_learning,0
https://twitter.com,0
https://owasp.org/user/profile,0
https://wikipedia.org/search,0
https://stripe.com/category/tech,0
https://ubuntu.com/contact,0
https://docker.com,0
https://docker.com/en-US/docs/Web,0
https://ubuntu.com/faq,0
https://netlify.com/learn/tutorial,0
https://wikipedia.org/news,0
https://ubuntu.com/contact,0
https://vercel.com/,0
https://wikipedia.org/search,0
https://postgresql.org/terms,0
https://postgresql.org/articles,0
https://netlify.com/blog,0
https://vercel.com/questions/tagged/python,0
https://docker.com/contact,0
https://mozilla.org/privacy,0
https://docker.com/articles,0
https://wikipedia.org/blog,0
https://auth0.com/search,0
https://owasp.org/user/profile,0
https://auth0.com/search,0
https://python.org/news,0
https://linkedin.com/page/1,0
https://vercel.com/wiki/Machine_learning,0
https://linkedin.com/en-US/docs/Web,0
https://owasp.org/faq,0
https://elastic.co/help,0
https://vercel.com/,0
https://ubuntu.com/,0
https://reddit.com/page/1,0
https://reddit.com/user/profile,0
https://letsencrypt.org/questions/tagged/python,0
https://wikipedia.org/questions/tagged/python,0
https://docker.com/en-US/docs/Web,0
https://docker.com/about,0
https://youtube.com/terms,0
https://youtube.com/wiki/Machine_learning,0
https://wikipedia.org/articles,0
https://github.com/help,0
https://python.org/search,0
https://twitter.com/about,0
https://postgresql.org/help,0
https://auth0.com/about,0
https://stripe.com/terms,0
https://github.com/help,0
https://postgresql.org/contact,0
https://vercel.com/news,0
https://stripe.com/help,0
https://cloudflare.com/privacy,0
https://medium.com/user/profile,0
https://hackernews.com/en-US/docs/Web,0
https://mozilla.org/learn/tutorial,0
https://linkedin.com/articles,0
https://hackernews.com/learn/tutorial,0
https://cloudflare.com/privacy,0
https://postgresql.org/about,0
https://medium.com/page/1,0
https://linkedin.com/contact,0
https://twitter.com/docs,0
https://hackernews.com/questions/tagged/python,0
https://ubuntu.com/,0
https://postgresql.org/learn/tutorial,0
https://mongodb.com/wiki/Machine_learning,0
https://twitter.com/articles,0
https://mozilla.org,0
https://letsencrypt.org/products,0
https://linkedin.com/category/tech,0
https://linkedin.com/products,0
https://auth0.com/docs,0
https://letsencrypt.org/search,0
https://digitalocean.com/news,0
https://cloudflare.com/news,0
https://twitter.com/wiki/Machine_learning,0
https://medium.com/articles,0
https://google.com/wiki/Machine_learning,0
https://cloudflare.com/contact,0
https://cloudflare.com/articles,0
https://postgresql.org/help,0
https://google.com/news,0
https://stripe.com/contact,0
https://reactjs.org/privacy,0
https://reactjs.org/faq,0
https://mozilla.org/terms,0
https://vercel.com/terms,0
https://netlify.com/about,0
https://ubuntu.com/products,0
https://mozilla.org/articles,0
https://hackernews.com/blog,0
https://twitter.com/about,0
https://reactjs.org/category/tech,0
https://postgresql.org/contact,0
https://dev.to/privacy,0
https://vercel.com/about,0
https://twitter.com,0
https://owasp.org/privacy,0
https://postgresql.org/blog,0
https://reddit.com/privacy,0
https://youtube.com/blog,0
https://elastic.co/terms,0
https://google.com/privacy,0
https://netlify.com/category/tech,0
https://mongodb.com/en-US/docs/Web,0
https://github.com/user/profile,0
https://postgresql.org/en-US/docs/Web,0
https://mongodb.com/news,0
https://dev.to,0
https://auth0.com/news,0
https://elastic.co/about,0
https://mozilla.org/search,0
https://reactjs.org/products,0
https://cloudflare.com/,0
https://dev.to/news,0
https://medium.com/learn/tutorial,0
https://reactjs.org/wiki/Machine_learning,0
https://mongodb.com/contact,0
https://hackernews.com/docs,0
https://mozilla.org/articles,0
https://elastic.co/news,0
https://auth0.com/docs,0
https://docker.com/blog,0
https://stripe.com/blog,0
https://auth0.com/questions/tagged/python,0
https://hackernews.com/articles,0
https://auth0.com/faq,0
https://stripe.com/learn/tutorial,0
https://digitalocean.com/user/profile,0
https://linkedin.com/user/profile,0
https://wikipedia.org/page/1,0
https://reddit.com/faq,0
https://youtube.com/search,0
https://ubuntu.com/questions/tagged/python,0
https://reddit.com/questions/tagged/python,0
https://youtube.com/faq,0
https://owasp.org/blog,0
https://owasp.org/faq,0
https://postgresql.org/learn/tutorial,0
https://letsencrypt.org/products,0
https://linkedin.com/about,0
https://reactjs.org/articles,0
https://elastic.co/privacy,0
https://reddit.com/wiki/Machine_learning,0
https://python.org/search,0
https://stripe.com/user/profile,0
https://postgresql.org/learn/tutorial,0
https://google.com/terms,0
https://docker.com/search,0
https://reddit.com/articles,0
https://auth0.com/en-US/docs/Web,0
https://mongodb.com/products,0
https://youtube.com/news,0
https://github.com/products,0
https://stackoverflow.com/search,0
https://wikipedia.org/products,0
https://wikipedia.org/wiki/Machine_learning,0
https://auth0.com/learn/tutorial,0
https://google.com/terms,0
https://docker.com/faq,0
https://github.com/products,0
https://ubuntu.com/category/tech,0
https://docker.com/products,0
https://reactjs.org/contact,0
https://reddit.com/terms,0
https://linkedin.com/contact,0
https://mongodb.com,0
https://wikipedia.org/search,0
https://netlify.com/help,0
https://ubuntu.com,0
https://python.org/docs,0
https://stripe.com/blog,0
https://ubuntu.com/,0
https://wikipedia.org/learn/tutorial,0
https://docker.com/user/profile,0
https://mongodb.com/learn/tutorial,0
https://reddit.com/privacy,0
https://reactjs.org/about,0
https://wikipedia.org/privacy,0
https://postgresql.org/docs,0
https://owasp.org/wiki/Machine_learning,0
https://ubuntu.com/contact,0
https://vercel.com/wiki/Machine_learning,0
https://docker.com/help,0
https://linkedin.com/about,0
https://digitalocean.com/page/1,0
https://linkedin.com/about,0
https://google.com/search,0
https://youtube.com/articles,0
https://google.com/user/profile,0
https://stripe.com/news,0
https://docker.com/search,0
https://vercel.com/,0
https://cloudflare.com/search,0
https://github.com/blog,0
https://stripe.com/en-US/docs/Web,0
https://python.org/blog,0
https://cloudflare.com/wiki/Machine_learning,0
https://ubuntu.com/en-US/docs/Web,0
https://letsencrypt.org/blog,0
https://mozilla.org/terms,0
https://wikipedia.org/en-US/docs/Web,0
https://linkedin.com/category/tech,0
https://dev.to/blog,0
https://stripe.com/en-US/docs/Web,0
https://wikipedia.org/docs,0
https://digitalocean.com/,0
https://stripe.com/blog,0
https://stackoverflow.com/,0
https://mongodb.com/faq,0
https://github.com/about,0
https://digitalocean.com/wiki/Machine_learning,0
https://letsencrypt.org/page/1,0
https://elastic.co/en-US/docs/Web,0
https://google.com/search,0
https://mozilla.org/learn/tutorial,0
https://mongodb.com/about,0
https://github.com/page/1,0
https://letsencrypt.org/wiki/Machine_learning,0
https://reddit.com/privacy,0
https://python.org/articles,0
https://mongodb.com/search,0
https://stripe.com/privacy,0
https://github.com/category/tech,0
https://reactjs.org/articles,0
https://ubuntu.com/about,0
https://youtube.com/search,0
https://ubuntu.com/news,0
https://wikipedia.org/faq,0
https://github.com/questions/tagged/python,0
https://docker.com/wiki/Machine_learning,0
https://reactjs.org/,0
https://mongodb.com/questions/tagged/python,0
https://stackoverflow.com/help,0
https://youtube.com/products,0
https://owasp.org,0
https://reactjs.org/learn/tutorial,0
https://google.com/learn/tutorial,0
https://mozilla.org,0
https://github.com/terms,0
https://linkedin.com/search,0
https://python.org/search,0
https://linkedin.com/,0
https://elastic.co,0
https://reddit.com/news,0
https://reddit.com/faq,0
https://elastic.co/faq,0
https://mongodb.com/terms,0
https://reddit.com/questions/tagged/python,0
https://letsencrypt.org/user/profile,0
https://dev.to/category/tech,0
https://twitter.com/user/profile,0
https://letsencrypt.org/news,0
https://stackoverflow.com/docs,0
https://python.org/questions/tagged/python,0
https://docker.com/category/tech,0
https://wikipedia.org/terms,0
https://python.org/blog,0
https://letsencrypt.org/products,0
https://python.org/blog,0
https://owasp.org/questions/tagged/python,0
https://medium.com/news,0
https://youtube.com/terms,0
https://postgresql.org/,0
https://wikipedia.org/faq,0
https://owasp.org/docs,0
https://ubuntu.com/faq,0
https://elastic.co/privacy,0
https://cloudflare.com/docs,0
https://reddit.com/about,0
https://mongodb.com/category/tech,0
https://netlify.com/faq,0
https://vercel.com/learn/tutorial,0
https://postgresql.org/questions/tagged/python,0
https://ubuntu.com/,0
https://github.com/wiki/Machine_learning,0
https://twitter.com/en-US/docs/Web,0
https://twitter.com/page/1,0
https://python.org/help,0
https://youtube.com/articles,0
https://reactjs.org/search,0
https://stripe.com/learn/tutorial,0
https://twitter.com/user/profile,0
https://docker.com/wiki/Machine_learning,0
https://twitter.com/privacy,0
https://vercel.com/en-US/docs/Web,0
https://reddit.com/privacy,0
https://reddit.com,0
https://postgresql.org/terms,0
https://ubuntu.com/docs,0
https://ubuntu.com/wiki/Machine_learning,0
https://vercel.com/,0
https://google.com/wiki/Machine_learning,0
https://hackernews.com/questions/tagged/python,0
https://github.com/learn/tutorial,0
https://owasp.org/,0
https://hackernews.com/products,0
https://wikipedia.org/questions/tagged/python,0
https://linkedin.com/blog,0
https://wikipedia.org/en-US/docs/Web,0
https://stackoverflow.com/docs,0
https://youtube.com/privacy,0
https://owasp.org/user/profile,0
https://google.com/faq,0
https://reactjs.org/products,0
https://docker.com/contact,0
https://linkedin.com/privacy,0
https://medium.com/articles,0
https://owasp.org/articles,0
https://postgresql.org,0
https://wikipedia.org/,0
https://stackoverflow.com/faq,0
https://netlify.com,0
https://stackoverflow.com/learn/tutorial,0
https://medium.com/products,0
https://reactjs.org/terms,0
https://python.org,0
https://stripe.com/news,0
https://python.org/search,0
https://github.com/page/1,0
https://reactjs.org/about,0
https://netlify.com/help,0
https://mozilla.org/search,0
https://netlify.com/docs,0
https://docker.com/contact,0
https://netlify.com/contact,0
https://cloudflare.com/,0
https://ubuntu.com/blog,0
https://reactjs.org/contact,0
https://google.com/about,0
https://elastic.co/about,0
https://dev.to/questions/tagged/python,0
https://wikipedia.org/learn/tutorial,0
https://linkedin.com/page/1,0
https://cloudflare.com/terms,0
https://auth0.com/help,0
https://github.com/terms,0
https://youtube.com/contact,0
https://letsencrypt.org/en-US/docs/Web,0
https://owasp.org/privacy,0
https://google.com/category/tech,0
https://stackoverflow.com/learn/tutorial,0
https://dev.to,0
https://google.com/terms,0
https://stripe.com/questions/tagged/python,0
https://linkedin.com/docs,0
https://reddit.com/privacy,0
https://python.org/articles,0
https://docker.com/privacy,0
https://letsencrypt.org/privacy,0
https://stackoverflow.com/wiki/Machine_learning,0
https://linkedin.com/articles,0
https://docker.com/privacy,0
https://python.org/help,0
https://wikipedia.org/docs,0
https://reddit.com,0
https://mozilla.org/news,0
https://linkedin.com/user/profile,0
https://linkedin.com/search,0
https://elastic.co/contact,0
https://github.com/search,0
https://stripe.com/terms,0
https://hackernews.com/articles,0
https://google.com/news,0
https://cloudflare.com/page/1,0
https://python.org/products,0
https://vercel.com/questions/tagged/python,0
https://auth0.com/questions/tagged/python,0
https://cloudflare.com/about,0
https://medium.com/faq,0
https://owasp.org/,0
https://vercel.com/wiki/Machine_learning,0
https://stackoverflow.com/wiki/Machine_learning,0
https://digitalocean.com/products,0
https://mozilla.org/blog,0
https://dev.to/wiki/Machine_learning,0
https://medium.com/learn/tutorial,0
https://letsencrypt.org/wiki/Machine_learning,0
https://dev.to/privacy,0
https://python.org/search,0
https://wikipedia.org/terms,0
https://mongodb.com/questions/tagged/python,0
https://mongodb.com/learn/tutorial,0
https://dev.to/user/profile,0
https://letsencrypt.org/contact,0
https://netlify.com/category/tech,0
https://docker.com/contact,0
https://elastic.co/contact,0
https://digitalocean.com/contact,0
https://stackoverflow.com/about,0
https://postgresql.org/news,0
https://hackernews.com/help,0
https://wikipedia.org/news,0
https://cloudflare.com/user/profile,0
https://cloudflare.com/privacy,0
https://cloudflare.com/articles,0
https://auth0.com/products,0
https://stackoverflow.com/products,0
https://auth0.com/about,0
https://hackernews.com/wiki/Machine_learning,0
https://twitter.com/help,0
https://stackoverflow.com/page/1,0
https://google.com/articles,0
https://netlify.com/learn/tutorial,0
https://digitalocean.com/faq,0
https://digitalocean.com/en-US/docs/Web,0
https://github.com/category/tech,0
https://vercel.com/wiki/Machine_learning,0
https://hackernews.com,0
https://reactjs.org/help,0
https://google.com/contact,0
https://reddit.com/about,0
https://elastic.co/search,0
https://stackoverflow.com/questions/tagged/python,0
https://google.com/search,0
https://wikipedia.org/products,0
https://reddit.com/,0
https://wikipedia.org/contact,0
https://medium.com/blog,0
https://auth0.com/products,0
https://ubuntu.com/docs,0
https://stackoverflow.com/user/profile,0
https://reddit.com/en-US/docs/Web,0
https://stackoverflow.com/questions/tagged/python,0
https://python.org,0
https://docker.com/terms,0
https://elastic.co/page/1,0
https://netlify.com/privacy,0
https://twitter.com/articles,0
https://postgresql.org,0
https://google.com/about,0
https://owasp.org/about,0
https://medium.com/en-US/docs/Web,0
https://hackernews.com/terms,0
https://cloudflare.com/blog,0
https://youtube.com/search,0
https://hackernews.com/,0
https://dev.to/questions/tagged/python,0
https://ubuntu.com/blog,0
https://cloudflare.com/about,0
https://wikipedia.org/articles,0
https://postgresql.org/products,0
https://postgresql.org/news,0
https://cloudflare.com/about,0
https://twitter.com/contact,0
https://postgresql.org/wiki/Machine_learning,0
https://digitalocean.com/faq,0
https://medium.com/search,0
https://stripe.com/blog,0
https://postgresql.org/user/profile,0
https://mozilla.org/blog,0
https://docker.com/,0
https://reddit.com/articles,0
https://cloudflare.com/blog,0
https://hackernews.com/about,0
https://linkedin.com/about,0
https://stripe.com/user/profile,0
https://postgresql.org/search,0
https://github.com/docs,0
https://mongodb.com/learn/tutorial,0
https://linkedin.com/privacy,0
https://wikipedia.org/en-US/docs/Web,0
https://dev.to/terms,0
https://letsencrypt.org/blog,0
https://docker.com/help,0
https://dev.to/articles,0
https://netlify.com/terms,0
https://mozilla.org/about,0
https://youtube.com/wiki/Machine_learning,0
https://cloudflare.com/articles,0
https://postgresql.org/terms,0
https://reactjs.org/docs,0
https://wikipedia.org/articles,0
https://youtube.com/help,0
https://owasp.org/terms,0
https://google.com/articles,0
https://github.com/terms,0
https://reddit.com/faq,0
https://wikipedia.org/contact,0
https://dev.to/products,0
https://elastic.co/en-US/docs/Web,0
https://wikipedia.org/docs,0
https://reddit.com/faq,0
https://reddit.com/articles,0
https://hackernews.com/docs,0
https://reddit.com/contact,0
https://youtube.com,0
https://elastic.co/category/tech,0
https://letsencrypt.org/,0
https://reddit.com/wiki/Machine_learning,0
https://ubuntu.com/articles,0
https://owasp.org/terms,0
https://auth0.com/search,0
https://github.com/contact,0
https://ubuntu.com/user/profile,0
https://docker.com,0
https://postgresql.org/contact,0
https://dev.to/terms,0
https://reddit.com/help,0
https://reddit.com/faq,0
https://elastic.co/faq,0
https://twitter.com/wiki/Machine_learning,0
https://docker.com/docs,0
https://postgresql.org/docs,0
https://vercel.com/en-US/docs/Web,0
https://twitter.com/en-US/docs/Web,0
https://letsencrypt.org/wiki/Machine_learning,0
https://docker.com/articles,0
https://youtube.com/learn/tutorial,0
https://elastic.co/,0
https://wikipedia.org/articles,0
https://mongodb.com/privacy,0
https://mozilla.org/privacy,0
https://twitter.com/docs,0
https://stackoverflow.com/wiki/Machine_learning,0
https://linkedin.com/terms,0
https://github.com/help,0
https://google.com/page/1,0
https://reactjs.org/wiki/Machine_learning,0
https://google.com/about,0
https://hackernews.com/contact,0
https://mongodb.com/terms,0
https://letsencrypt.org/search,0
https://ubuntu.com/page/1,0
https://dev.to/questions/tagged/python,0
https://postgresql.org/en-US/docs/Web,0
https://google.com/learn/tutorial,0
https://vercel.com/news,0
https://owasp.org,0
https://digitalocean.com/privacy,0
https://github.com/learn/tutorial,0
https://vercel.com/wiki/Machine_learning,0
https://owasp.org/blog,0
https://mongodb.com/about,0
https://mongodb.com/help,0
https://auth0.com/blog,0
https://netlify.com/search,0
https://mongodb.com/,0
https://netlify.com/products,0
https://hackernews.com/learn/tutorial,0
https://letsencrypt.org/en-US/docs/Web,0
https://python.org/faq,0
https://stackoverflow.com/articles,0
https://reddit.com/contact,0
https://stackoverflow.com/learn/tutorial,0
https://vercel.com/help,0
https://github.com/en-US/docs/Web,0
https://twitter.com/search,0
https://python.org/wiki/Machine_learning,0
https://mongodb.com/en-US/docs/Web,0
https://letsencrypt.org,0
https://mongodb.com/category/tech,0
https://hackernews.com/en-US/docs/Web,0
https://github.com/search,0
https://mongodb.com/products,0
https://stackoverflow.com/contact,0
https://mozilla.org/contact,0
https://auth0.com/page/1,0
https://digitalocean.com/learn/tutorial,0
https://mozilla.org/category/tech,0
https://mozilla.org/news,0
https://reactjs.org/docs,0
https://stackoverflow.com/news,0
https://digitalocean.com/search,0
https://elastic.co/wiki/Machine_learning,0
https://mozilla.org/privacy,0
https://google.com/products,0
https://mongodb.com/privacy,0
https://youtube.com/articles,0
https://wikipedia.org/articles,0
https://python.org/questions/tagged/python,0
https://dev.to/contact,0
https://postgresql.org/about,0
https://reactjs.org/help,0
https://linkedin.com/news,0
https://elastic.co/en-US/docs/Web,0
https://dev.to/wiki/Machine_learning,0
https://reactjs.org/blog,0
https://reactjs.org/terms,0
https://reddit.com/wiki/Machine_learning,0
https://docker.com/wiki/Machine_learning,0
https://postgresql.org/news,0
https://linkedin.com/contact,0
https://medium.com/faq,0
https://hackernews.com/blog,0
https://google.com/learn/tutorial,0
https://postgresql.org/news,0
https://github.com/questions/tagged/python,0
https://letsencrypt.org/docs,0
https://elastic.co/help,0
https://wikipedia.org/privacy,0
https://reddit.com/user/profile,0
https://auth0.com/about,0
https://letsencrypt.org/learn/tutorial,0
https://cloudflare.com/blog,0
https://digitalocean.com/,0
https://medium.com/terms,0
https://owasp.org/blog,0
https://medium.com/terms,0
https://docker.com/en-US/docs/Web,0
https://linkedin.com,0
https://youtube.com/page/1,0
https://vercel.com/privacy,0
https://dev.to/category/tech,0
https://elastic.co/wiki/Machine_learning,0
https://letsencrypt.org/learn/tutorial,0
https://docker.com/search,0
https://cloudflare.com/news,0
https://elastic.co/products,0
https://auth0.com/page/1,0
https://vercel.com/questions/tagged/python,0
https://mozilla.org/docs,0
https://mongodb.com/en-US/docs/Web,0
https://wikipedia.org/articles,0
https://medium.com/about,0
https://mozilla.org/page/1,0
https://mozilla.org/about,0
https://docker.com/terms,0
https://wikipedia.org/contact,0
https://medium.com/en-US/docs/Web,0
https://stackoverflow.com/docs,0
https://reddit.com/products,0
https://github.com/contact,0
https://google.com/wiki/Machine_learning,0
https://digitalocean.com/products,0
https://vercel.com/,0
https://python.org/help,0
https://netlify.com/page/1,0
https://postgresql.org/user/profile,0
https://twitter.com/faq,0
https://dev.to/contact,0
https://python.org/products,0
https://mozilla.org/blog,0
https://python.org/docs,0
https://python.org/,0
https://ubuntu.com/wiki/Machine_learning,0
https://linkedin.com/docs,0
https://mongodb.com/terms,0
https://dev.to/wiki/Machine_learning,0
https://github.com/page/1,0
https://cloudflare.com/products,0
https://owasp.org/contact,0
https://docker.com/wiki/Machine_learning,0
https://google.com/user/profile,0
https://vercel.com/category/tech,0
https://auth0.com/user/profile,0
https://reactjs.org/wiki/Machine_learning,0
https://letsencrypt.org/news,0
https://wikipedia.org/docs,0
https://wikipedia.org/articles,0
https://twitter.com/category/tech,0
https://python.org/blog,0
https://netlify.com/en-US/docs/Web,0
https://github.com/user/profile,0
https://google.com/learn/tutorial,0
https://linkedin.com/learn/tutorial,0
https://reactjs.org/questions/tagged/python,0
https://stackoverflow.com/privacy,0
https://wikipedia.org/learn/tutorial,0
https://docker.com/about,0
https://auth0.com/category/tech,0
https://cloudflare.com/help,0
https://dev.to/learn/tutorial,0
https://ubuntu.com/category/tech,0
https://linkedin.com/docs,0
https://ubuntu.com,0
https://reactjs.org/questions/tagged/python,0
https://reddit.com/help,0
https://reddit.com/questions/tagged/python,0
https://hackernews.com/docs,0
https://ubuntu.com/contact,0
https://wikipedia.org/docs,0
https://linkedin.com/products,0
https://auth0.com/,0
https://medium.com/help,0
https://owasp.org/help,0
https://netlify.com/news,0
https://cloudflare.com/privacy,0
https://digitalocean.com/faq,0
https://google.com/questions/tagged/python,0
https://elastic.co,0
https://google.com/terms,0
https://docker.com/privacy,0
https://digitalocean.com/en-US/docs/Web,0
https://mongodb.com/user/profile,0
https://mozilla.org/products,0
https://postgresql.org/category/tech,0
https://hackernews.com/contact,0
https://medium.com/contact,0
https://youtube.com/user/profile,0
https://google.com/category/tech,0
https://linkedin.com/news,0
https://owasp.org/en-US/docs/Web,0
https://hackernews.com/docs,0
https://mongodb.com/terms,0
https://github.com/blog,0
https://hackernews.com/category/tech,0
https://postgresql.org/wiki/Machine_learning,0
https://elastic.co/page/1,0
https://ubuntu.com/news,0
https://digitalocean.com/user/profile,0
https://elastic.co/privacy,0
https://docker.com/questions/tagged/python,0
https://stackoverflow.com/privacy,0
https://stripe.com/faq,0
https://wikipedia.org/terms,0
https://linkedin.com/docs,0
https://reactjs.org/,0
https://auth0.com,0
https://netlify.com/articles,0
https://stripe.com/wiki/Machine_learning,0
https://github.com/en-US/docs/Web,0
https://medium.com/search,0
https://reactjs.org/docs,0
https://stackoverflow.com/contact,0
https://owasp.org/about,0
https://dev.to/articles,0
https://dev.to/about,0
https://wikipedia.org/page/1,0
https://digitalocean.com/terms,0
https://hackernews.com/docs,0
https://google.com/learn/tutorial,0
https://docker.com/wiki/Machine_learning,0
https://reactjs.org/contact,0
https://twitter.com/products,0
https://postgresql.org/,0
https://docker.com/wiki/Machine_learning,0
https://elastic.co/learn/tutorial,0
https://stackoverflow.com/questions/tagged/python,0
https://google.com/products,0
https://elastic.co/page/1,0
https://reddit.com/en-US/docs/Web,0
https://reactjs.org,0
https://stripe.com/contact,0
https://linkedin.com/category/tech,0
https://owasp.org/blog,0
https://github.com,0
https://cloudflare.com/privacy,0
https://mongodb.com/blog,0
https://github.com/wiki/Machine_learning,0
https://mozilla.org/contact,0
https://netlify.com/news,0
https://twitter.com/help,0
https://auth0.com/faq,0
https://mozilla.org/faq,0
https://stripe.com/category/tech,0
https://postgresql.org/wiki/Machine_learning,0
https://docker.com/blog,0
https://vercel.com/terms,0
https://github.com/articles,0
https://digitalocean.com/blog,0
https://owasp.org/learn/tutorial,0
https://google.com/terms,0
https://dev.to/docs,0
https://netlify.com/questions/tagged/python,0
https://letsencrypt.org/en-US/docs/Web,0
https://wikipedia.org/blog,0
https://google.com/questions/tagged/python,0
https://python.org/,0
https://letsencrypt.org/privacy,0
https://elastic.co/category/tech,0
https://twitter.com/learn/tutorial,0
https://google.com/docs,0
https://digitalocean.com/terms,0
https://google.com/category/tech,0
https://wikipedia.org/page/1,0
https://letsencrypt.org/articles,0
https://ubuntu.com/help,0
https://postgresql.org/terms,0
https://stripe.com/terms,0
https://dev.to/questions/tagged/python,0
https://hackernews.com/category/tech,0
https://youtube.com/about,0
https://twitter.com/questions/tagged/python,0
https://postgresql.org/faq,0
https://python.org/,0
https://digitalocean.com/help,0
https://github.com/en-US/docs/Web,0
https://vercel.com/about,0
https://vercel.com/terms,0
https://stripe.com/wiki/Machine_learning,0
https://linkedin.com/help,0
https://google.com/page/1,0
https://linkedin.com/news,0
https://github.com/contact,0
https://hackernews.com/search,0
https://reddit.com/wiki/Machine_learning,0
https://linkedin.com/terms,0
https://letsencrypt.org/learn/tutorial,0
https://medium.com/docs,0
https://github.com,0
https://stackoverflow.com/docs,0
https://postgresql.org/en-US/docs/Web,0
https://stackoverflow.com/faq,0
https://github.com/privacy,0
https://hackernews.com/en-US/docs/Web,0
https://ubuntu.com/,0
https://netlify.com/en-US/docs/Web,0
https://elastic.co,0
https://owasp.org/about,0
https://twitter.com/help,0
https://linkedin.com/help,0
https://stripe.com/privacy,0
https://cloudflare.com/user/profile,0
https://postgresql.org,0
https://github.com,0
https://github.com/faq,0
https://github.com,0
https://cloudflare.com/articles,0
https://postgresql.org/privacy,0
https://postgresql.org/learn/tutorial,0
https://auth0.com/search,0
https://mongodb.com/products,0
https://cloudflare.com/category/tech,0
https://linkedin.com/questions/tagged/python,0
https://vercel.com/news,0
https://vercel.com/articles,0
https://google.com/faq,0
https://ubuntu.com/page/1,0
https://letsencrypt.org/blog,0
https://cloudflare.com/search,0
https://stripe.com/blog,0
https://digitalocean.com/questions/tagged/python,0
https://stripe.com/,0
https://stackoverflow.com/products,0
https://mongodb.com/,0
https://dev.to/wiki/Machine_learning,0
https://letsencrypt.org/terms,0
https://hackernews.com/about,0
https://stackoverflow.com/user/profile,0
https://wikipedia.org/news,0
https://medium.com/contact,0
https://linkedin.com/search,0
https://vercel.com/news,0
https://medium.com/privacy,0
https://github.com/category/tech,0
https://medium.com/contact,0
https://vercel.com/page/1,0
https://digitalocean.com/learn/tutorial,0
https://google.com/faq,0
https://docker.com/contact,0
https://digitalocean.com,0
https://auth0.com/about,0
https://youtube.com/wiki/Machine_learning,0
https://postgresql.org/about,0
https://reddit.com/articles,0
https://medium.com/help,0
https://elastic.co/wiki/Machine_learning,0
https://youtube.com/search,0
https://reactjs.org/contact,0
https://reddit.com/,0
https://dev.to/docs,0
https://youtube.com/news,0
https://dev.to/docs,0
https://wikipedia.org/page/1,0
https://auth0.com/search,0
https://elastic.co/,0
https://python.org/privacy,0
https://cloudflare.com/search,0
https://wikipedia.org/articles,0
https://mongodb.com/help,0
https://cloudflare.com/help,0
https://netlify.com/page/1,0
https://stripe.com/faq,0
https://vercel.com/en-US/docs/Web,0
https://mongodb.com/learn/tutorial,0
https://youtube.com/news,0
https://postgresql.org/faq,0
https://stackoverflow.com/category/tech,0
https://docker.com/news,0
https://mongodb.com/about,0
https://stackoverflow.com/docs,0
https://auth0.com/en-US/docs/Web,0
https://mozilla.org/help,0
https://hackernews.com/help,0
https://youtube.com/wiki/Machine_learning,0
https://dev.to/learn/tutorial,0
https://twitter.com/news,0
https://youtube.com/page/1,0
https://auth0.com/terms,0
https://owasp.org/about,0
https://dev.to/help,0
https://twitter.com/faq,0
https://mongodb.com/page/1,0
https://cloudflare.com,0
https://google.com/page/1,0
https://medium.com/faq,0
https://netlify.com/terms,0
https://youtube.com/category/tech,0
https://postgresql.org/search,0
https://docker.com/page/1,0
https://mozilla.org/en-US/docs/Web,0
https://hackernews.com/faq,0
https://ubuntu.com/user/profile,0
https://elastic.co/category/tech,0
https://google.com/en-US/docs/Web,0
https://elastic.co/docs,0
https://elastic.co/search,0
https://medium.com/en-US/docs/Web,0
https://medium.com/wiki/Machine_learning,0
https://stripe.com/help,0
https://owasp.org/wiki/Machine_learning,0
https://reactjs.org/questions/tagged/python,0
https://mongodb.com/,0
https://digitalocean.com/docs,0
https://postgresql.org/blog,0
https://vercel.com/contact,0
https://owasp.org/contact,0
https://ubuntu.com/questions/tagged/python,0
https://wikipedia.org/articles,0
https://mozilla.org/category/tech,0
https://owasp.org/questions/tagged/python,0
https://cloudflare.com/questions/tagged/python,0
https://stripe.com/questions/tagged/python,0
https://stripe.com/articles,0
https://dev.to/search,0
https://youtube.com/,0
https://dev.to/learn/tutorial,0
https://stackoverflow.com/page/1,0
https://wikipedia.org/learn/tutorial,0
https://reactjs.org/privacy,0
https://python.org/search,0
https://twitter.com/help,0
https://mozilla.org/terms,0
https://owasp.org/en-US/docs/Web,0
https://letsencrypt.org/products,0
https://wikipedia.org/questions/tagged/python,0
https://stripe.com/page/1,0
https://elastic.co,0
https://mongodb.com/privacy,0
https://stripe.com/questions/tagged/python,0
https://digitalocean.com/page/1,0
https://wikipedia.org,0
https://reddit.com/privacy,0
https://reddit.com/articles,0
https://hackernews.com/products,0
https://linkedin.com/page/1,0
https://reddit.com/articles,0
https://elastic.co/,0
https://medium.com/faq,0
https://postgresql.org/questions/tagged/python,0
https://elastic.co/wiki/Machine_learning,0
https://twitter.com/contact,0
https://postgresql.org/,0
https://vercel.com/questions/tagged/python,0
https://auth0.com/,0
https://mozilla.org/privacy,0
https://hackernews.com,0
https://dev.to/about,0
https://vercel.com/privacy,0
https://cloudflare.com/help,0
https://letsencrypt.org/faq,0
https://github.com/en-US/docs/Web,0
https://twitter.com/learn/tutorial,0
https://dev.to/learn/tutorial,0
https://ubuntu.com/terms,0
https://auth0.com/terms,0
https://mozilla.org/privacy,0
https://netlify.com/en-US/docs/Web,0
https://reactjs.org/wiki/Machine_learning,0
https://postgresql.org/help,0
https://hackernews.com/category/tech,0
https://postgresql.org/privacy,0
https://digitalocean.com/terms,0
https://dev.to/en-US/docs/Web,0
https://elastic.co/search,0
https://twitter.com/articles,0
https://reactjs.org/docs,0
https://twitter.com/terms,0
https://dev.to/help,0
https://python.org,0
https://dev.to/terms,0
https://google.com/page/1,0
https://digitalocean.com/products,0
https://youtube.com,0
https://medium.com/questions/tagged/python,0
https://python.org/wiki/Machine_learning,0
https://hackernews.com/wiki/Machine_learning,0
https://mozilla.org/user/profile,0
https://reddit.com/blog,0
https://elastic.co/search,0
https://owasp.org/terms,0
https://medium.com/user/profile,0
https://ubuntu.com/wiki/Machine_learning,0
https://github.com/category/tech,0
https://owasp.org/help,0
https://twitter.com/news,0
https://hackernews.com/en-US/docs/Web,0
https://stripe.com/search,0
https://google.com/docs,0
https://stripe.com/articles,0
https://linkedin.com/learn/tutorial,0
https://ubuntu.com,0
https://linkedin.com/en-US/docs/Web,0
https://python.org/questions/tagged/python,0
https://stripe.com/faq,0
https://postgresql.org/category/tech,0
https://python.org/en-US/docs/Web,0
https://youtube.com/learn/tutorial,0
https://twitter.com/faq,0
https://reactjs.org/privacy,0
https://github.com/,0
https://elastic.co/learn/tutorial,0
https://twitter.com/search,0
https://linkedin.com/contact,0
https://stripe.com/privacy,0
https://docker.com/wiki/Machine_learning,0
https://elastic.co/questions/tagged/python,0
https://medium.com/user/profile,0
https://postgresql.org/blog,0
https://postgresql.org/wiki/Machine_learning,0
https://wikipedia.org/articles,0
https://cloudflare.com/page/1,0
https://stackoverflow.com/page/1,0
https://wikipedia.org/search,0
https://reactjs.org/articles,0
https://owasp.org/terms,0
https://google.com/wiki/Machine_learning,0
https://linkedin.com/news,0
https://digitalocean.com/learn/tutorial,0
https://python.org/privacy,0
https://github.com/contact,0
https://netlify.com/learn/tutorial,0
https://stackoverflow.com/privacy,0
https://stripe.com/learn/tutorial,0
https://elastic.co/user/profile,0
https://github.com/wiki/Machine_learning,0
https://letsencrypt.org/user/profile,0
https://mozilla.org/products,0
https://github.com/wiki/Machine_learning,0
https://medium.com/,0
https://google.com/user/profile,0
https://stackoverflow.com/products,0
https://reactjs.org/faq,0
https://twitter.com/page/1,0
https://google.com/blog,0
https://reactjs.org/wiki/Machine_learning,0
https://cloudflare.com/docs,0
https://python.org/articles,0
https://owasp.org/news,0
https://youtube.com/help,0
https://letsencrypt.org/faq,0
https://wikipedia.org/category/tech,0
https://google.com/about,0
https://dev.to/search,0
https://medium.com/page/1,0
https://reddit.com/privacy,0
https://letsencrypt.org/learn/tutorial,0
https://wikipedia.org/contact,0
https://reddit.com/news,0
https://owasp.org/faq,0
https://stripe.com/help,0
https://github.com/docs,0
https://stackoverflow.com/contact,0
https://ubuntu.com/blog,0
https://ubuntu.com/questions/tagged/python,0
https://letsencrypt.org/contact,0
https://postgresql.org/articles,0
https://vercel.com/page/1,0
https://vercel.com/contact,0
https://stackoverflow.com/en-US/docs/Web,0
https://mozilla.org,0
https://linkedin.com/products,0
https://twitter.com/docs,0
https://owasp.org/,0
https://vercel.com/learn/tutorial,0
https://netlify.com/articles,0
https://medium.com/articles,0
https://reddit.com/page/1,0
https://postgresql.org/blog,0
https://reactjs.org/page/1,0
https://cloudflare.com/products,0
https://ubuntu.com/products,0
https://hackernews.com/wiki/Machine_learning,0
https://vercel.com/faq,0
https://python.org/user/profile,0
https://mongodb.com/faq,0
https://netlify.com/docs,0
https://elastic.co/wiki/Machine_learning,0
https://docker.com/faq,0
https://reddit.com/category/tech,0
https://reddit.com/terms,0
https://github.com/docs,0
https://google.com/news,0
https://auth0.com/wiki/Machine_learning,0
https://linkedin.com/blog,0
https://medium.com/about,0
https://auth0.com/page/1,0
https://reactjs.org/about,0
https://netlify.com/news,0
https://vercel.com/,0
https://twitter.com/terms,0
https://vercel.com/products,0
https://python.org/articles,0
https://auth0.com/learn/tutorial,0
https://letsencrypt.org/blog,0
https://postgresql.org/en-US/docs/Web,0
https://reddit.com/faq,0
https://medium.com/user/profile,0
https://docker.com/questions/tagged/python,0
https://mozilla.org/search,0
https://ubuntu.com/questions/tagged/python,0
https://youtube.com/wiki/Machine_learning,0
https://owasp.org/docs,0
https://hackernews.com/user/profile,0
https://medium.com/user/profile,0
https://owasp.org/help,0
https://letsencrypt.org/about,0
https://linkedin.com/news,0
https://mongodb.com/articles,0
https://auth0.com/news,0
https://mongodb.com/wiki/Machine_learning,0
https://elastic.co/help,0
https://elastic.co/category/tech,0
https://netlify.com/learn/tutorial,0
https://stackoverflow.com/,0
https://cloudflare.com,0
https://auth0.com/search,0
https://dev.to/news,0
https://letsencrypt.org/search,0
https://letsencrypt.org/search,0
https://digitalocean.com/news,0
https://twitter.com/faq,0
https://wikipedia.org/terms,0
https://elastic.co/docs,0
https://stackoverflow.com/user/profile,0
https://github.com/blog,0
https://google.com/faq,0
https://google.com/help,0
https://stackoverflow.com,0
https://auth0.com/contact,0
https://owasp.org/about,0
https://mozilla.org/learn/tutorial,0
https://youtube.com/help,0
https://docker.com/docs,0
https://auth0.com/,0
https://python.org/articles,0
https://vercel.com/questions/tagged/python,0
https://mongodb.com/contact,0
https://cloudflare.com/learn/tutorial,0
https://netlify.com/docs,0
https://linkedin.com/privacy,0
https://digitalocean.com,0
https://stackoverflow.com/page/1,0
https://reactjs.org/privacy,0
https://reactjs.org/about,0
https://medium.com/about,0
https://google.com/contact,0
https://hackernews.com/terms,0
https://mongodb.com/faq,0
https://vercel.com/search,0
https://auth0.com/docs,0
https://stackoverflow.com/docs,0
https://elastic.co/,0
https://dev.to/,0
https://hackernews.com/about,0
https://medium.com/questions/tagged/python,0
https://postgresql.org/page/1,0
https://reactjs.org/about,0
https://auth0.com/privacy,0
https://stripe.com,0
https://linkedin.com/wiki/Machine_learning,0
https://docker.com,0
https://python.org/contact,0
https://dev.to/questions/tagged/python,0
https://reactjs.org/questions/tagged/python,0
https://reactjs.org/docs,0
https://twitter.com/learn/tutorial,0
https://elastic.co/en-US/docs/Web,0
https://medium.com/,0
https://stackoverflow.com,0
https://wikipedia.org/faq,0
https://owasp.org/news,0
https://stripe.com/news,0
https://stackoverflow.com/category/tech,0
https://letsencrypt.org/news,0
https://python.org/help,0
https://google.com,0
https://stripe.com/about,0
https://reactjs.org/user/profile,0
https://netlify.com/terms,0
https://postgresql.org/page/1,0
https://stripe.com/search,0
https://github.com/news,0
https://reddit.com/terms,0
https://stackoverflow.com/help,0
https://docker.com/terms,0
https://ubuntu.com/,0
https://twitter.com/help,0
https://twitter.com/wiki/Machine_learning,0
https://stackoverflow.com/about,0
https://twitter.com/category/tech,0
https://dev.to,0
https://linkedin.com/,0
https://cloudflare.com/terms,0
https://github.com/about,0
https://digitalocean.com/docs,0
https://stackoverflow.com/contact,0
https://owasp.org/terms,0
https://letsencrypt.org/en-US/docs/Web,0
https://stripe.com/,0
https://twitter.com/blog,0
https://elastic.co/search,0
https://letsencrypt.org/products,0
https://linkedin.com/help,0
https://linkedin.com/wiki/Machine_learning,0
https://elastic.co/learn/tutorial,0
https://stripe.com/articles,0
https://github.com/terms,0
https://postgresql.org/user/profile,0
https://twitter.com/terms,0
https://netlify.com/blog,0
https://digitalocean.com/wiki/Machine_learning,0
https://vercel.com,0
https://twitter.com/help,0
https://python.org/news,0
https://cloudflare.com/search,0
https://postgresql.org/,0
https://netlify.com/page/1,0
https://postgresql.org/user/profile,0
https://stripe.com/contact,0
https://youtube.com/wiki/Machine_learning,0
https://digitalocean.com/help,0
https://wikipedia.org/user/profile,0
https://python.org/wiki/Machine_learning,0
https://youtube.com/wiki/Machine_learning,0
https://wikipedia.org/contact,0
https://cloudflare.com/category/tech,0
https://ubuntu.com/contact,0
https://netlify.com/,0
https://vercel.com/category/tech,0
https://google.com/about,0
https://owasp.org/wiki/Machine_learning,0
https://medium.com/terms,0
https://vercel.com/wiki/Machine_learning,0
https://github.com/category/tech,0
https://python.org/search,0
https://elastic.co/category/tech,0
https://netlify.com/terms,0
https://github.com/help,0
https://postgresql.org/faq,0
https://stackoverflow.com/faq,0
https://postgresql.org/blog,0
https://letsencrypt.org/help,0
https://youtube.com/blog,0
https://hackernews.com/search,0
https://elastic.co/en-US/docs/Web,0
https://google.com/user/profile,0
https://ubuntu.com/,0
https://dev.to/privacy,0
https://github.com/about,0
https://digitalocean.com/contact,0
https://docker.com/questions/tagged/python,0
https://medium.com/user/profile,0
https://medium.com/articles,0
https://youtube.com/news,0
https://stripe.com/user/profile,0
https://postgresql.org/learn/tutorial,0
https://auth0.com/,0
https://cloudflare.com/blog,0
https://postgresql.org/about,0
https://stripe.com/page/1,0
https://medium.com/user/profile,0
https://wikipedia.org/faq,0
https://mozilla.org,0
https://auth0.com/search,0
https://medium.com/category/tech,0
https://stackoverflow.com/questions/tagged/python,0
https://reddit.com,0
https://github.com/articles,0
https://ubuntu.com/about,0
https://postgresql.org/docs,0
https://stripe.com/privacy,0
https://owasp.org/wiki/Machine_learning,0
https://mozilla.org/docs,0
https://letsencrypt.org/en-US/docs/Web,0
https://linkedin.com/questions/tagged/python,0
https://netlify.com/articles,0
https://hackernews.com/contact,0
https://medium.com/,0
https://digitalocean.com/help,0
https://wikipedia.org/questions/tagged/python,0
https://linkedin.com/about,0
https://digitalocean.com/,0
https://google.com/wiki/Machine_learning,0
https://stripe.com,0
https://stackoverflow.com/questions/tagged/python,0
https://vercel.com/contact,0
https://dev.to/category/tech,0
https://google.com,0
https://auth0.com/wiki/Machine_learning,0
https://ubuntu.com/help,0
https://python.org/user/profile,0
https://cloudflare.com/privacy,0
https://vercel.com/questions/tagged/python,0
https://stripe.com/contact,0
https://mongodb.com/en-US/docs/Web,0
https://stripe.com/wiki/Machine_learning,0
https://elastic.co/,0
https://stripe.com/articles,0
https://elastic.co/blog,0
https://dev.to/about,0
https://letsencrypt.org/news,0
https://linkedin.com/news,0
https://ubuntu.com/docs,0
https://cloudflare.com/page/1,0
https://wikipedia.org/help,0
https://reactjs.org,0
https://reddit.com/page/1,0
https://linkedin.com/blog,0
https://wikipedia.org/privacy,0
https://python.org/questions/tagged/python,0
https://python.org/privacy,0
https://letsencrypt.org/wiki/Machine_learning,0
https://ubuntu.com/docs,0
https://reactjs.org/articles,0
https://twitter.com/questions/tagged/python,0
https://postgresql.org/,0
https://mongodb.com/page/1,0
https://wikipedia.org/news,0
https://medium.com/,0
https://vercel.com/page/1,0
https://owasp.org/help,0
https://linkedin.com/faq,0
https://dev.to/questions/tagged/python,0
https://reddit.com/search,0
https://owasp.org/category/tech,0
https://ubuntu.com,0
https://stackoverflow.com/news,0
https://medium.com/news,0
https://digitalocean.com/search,0
https://linkedin.com/blog,0
https://github.com/category/tech,0
https://reactjs.org/articles,0
https://wikipedia.org,0
https://ubuntu.com/category/tech,0
https://github.com/blog,0
https://vercel.com/wiki/Machine_learning,0
https://twitter.com/,0
https://linkedin.com/about,0
https://netlify.com/en-US/docs/Web,0
https://python.org/,0
https://hackernews.com/en-US/docs/Web,0
https://netlify.com/docs,0
https://auth0.com/,0
https://docker.com/privacy,0
https://digitalocean.com/learn/tutorial,0
https://vercel.com/learn/tutorial,0
https://wikipedia.org/terms,0
https://wikipedia.org/search,0
https://auth0.com/search,0
https://youtube.com/about,0
https://stripe.com/articles,0
https://mozilla.org/page/1,0
https://netlify.com/privacy,0
https://ubuntu.com/search,0
https://hackernews.com/products,0
https://netlify.com/,0
https://mozilla.org/privacy,0
https://docker.com/search,0
https://mongodb.com/wiki/Machine_learning,0
https://reactjs.org/blog,0
https://linkedin.com/,0
https://letsencrypt.org/blog,0
https://python.org/terms,0
https://postgresql.org/privacy,0
https://github.com/category/tech,0
https://google.com/search,0
https://letsencrypt.org/help,0
https://google.com/learn/tutorial,0
https://auth0.com/category/tech,0
https://linkedin.com/questions/tagged/python,0
https://twitter.com/products,0
https://twitter.com/en-US/docs/Web,0
https://ubuntu.com/wiki/Machine_learning,0
https://wikipedia.org/category/tech,0
https://reactjs.org/en-US/docs/Web,0
https://cloudflare.com/contact,0
https://youtube.com/,0
https://github.com/en-US/docs/Web,0
https://google.com/articles,0
https://netlify.com/terms,0
https://ubuntu.com/faq,0
https://mongodb.com/faq,0
https://docker.com/page/1,0
https://docker.com,0
https://youtube.com,0
https://postgresql.org/articles,0
https://github.com/docs,0
https://dev.to/terms,0
https://twitter.com/en-US/docs/Web,0
https://dev.to/articles,0
https://google.com/category/tech,0
https://letsencrypt.org/en-US/docs/Web,0
https://elastic.co/,0
https://netlify.com/help,0
https://owasp.org/docs,0
https://elastic.co/privacy,0
https://letsencrypt.org,0
https://cloudflare.com/faq,0
https://auth0.com/learn/tutorial,0
https://github.com/en-US/docs/Web,0
https://twitter.com/terms,0
https://hackernews.com/category/tech,0
https://twitter.com/docs,0
https://github.com/help,0
https://elastic.co,0
https://mozilla.org/wiki/Machine_learning,0
https://reddit.com/user/profile,0
https://owasp.org,0
https://python.org/questions/tagged/python,0
https://stripe.com/help,0
https://vercel.com/contact,0
https://reactjs.org,0
https://medium.com/,0
https://digitalocean.com/en-US/docs/Web,0
https://linkedin.com/,0
https://wikipedia.org/learn/tutorial,0
https://ubuntu.com/terms,0
https://elastic.co/terms,0
https://cloudflare.com/wiki/Machine_learning,0
https://reactjs.org/category/tech,0
https://mongodb.com,0
https://ubuntu.com/faq,0
https://python.org/wiki/Machine_learning,0
https://cloudflare.com,0
https://netlify.com/news,0
https://mongodb.com/news,0
https://mongodb.com/terms,0
https://linkedin.com,0
https://auth0.com/news,0
https://vercel.com/terms,0
https://docker.com/news,0
https://google.com/privacy,0
https://dev.to/blog,0
https://ubuntu.com/privacy,0
https://stackoverflow.com/terms,0
https://twitter.com/privacy,0
https://github.com/contact,0
https://reactjs.org/terms,0
https://python.org/help,0
https://auth0.com/about,0
https://stackoverflow.com/questions/tagged/python,0
https://ubuntu.com/user/profile,0
https://elastic.co/privacy,0
https://google.com/privacy,0
https://wikipedia.org/products,0
https://letsencrypt.org/contact,0
https://mongodb.com/en-US/docs/Web,0
https://postgresql.org/about,0
https://mongodb.com,0
https://vercel.com/about,0
https://twitter.com/faq,0
https://wikipedia.org/blog,0
https://google.com,0
https://elastic.co/help,0
https://reddit.com/,0
https://postgresql.org/privacy,0
https://stackoverflow.com/terms,0
https://stripe.com/page/1,0
https://letsencrypt.org/products,0
https://reactjs.org/blog,0
https://elastic.co/articles,0
https://dev.to/learn/tutorial,0
https://mozilla.org/search,0
https://ubuntu.com/page/1,0
https://owasp.org/help,0
https://auth0.com/docs,0
https://mongodb.com/questions/tagged/python,0
https://twitter.com/learn/tutorial,0
https://reactjs.org/,0
https://owasp.org/blog,0
https://medium.com/privacy,0
https://python.org/products,0
https://letsencrypt.org/,0
https://netlify.com/,0
https://vercel.com/articles,0
https://reactjs.org/articles,0
https://linkedin.com/,0
https://auth0.com/about,0
https://mozilla.org/faq,0
https://twitter.com/contact,0
https://reactjs.org/wiki/Machine_learning,0
https://reactjs.org/learn/tutorial,0
https://cloudflare.com/learn/tutorial,0
https://stackoverflow.com/blog,0
https://reddit.com/terms,0
https://ubuntu.com/about,0
https://owasp.org/docs,0
https://stripe.com/search,0
https://owasp.org/faq,0
https://reactjs.org/articles,0
https://cloudflare.com/products,0
https://stripe.com/privacy,0
https://medium.com/products,0
https://stackoverflow.com/faq,0
https://hackernews.com/terms,0
https://dev.to/learn/tutorial,0
https://linkedin.com/help,0
https://vercel.com/articles,0
https://ubuntu.com/contact,0
https://vercel.com/,0
https://youtube.com/category/tech,0
https://owasp.org/terms,0
https://wikipedia.org/faq,0
https://netlify.com/docs,0
https://linkedin.com/en-US/docs/Web,0
https://wikipedia.org/category/tech,0
https://auth0.com/learn/tutorial,0
https://ubuntu.com/page/1,0
https://elastic.co/articles,0
https://youtube.com/docs,0
https://docker.com/,0
https://mozilla.org/products,0
https://google.com/help,0
https://mozilla.org/products,0
https://docker.com/docs,0
https://dev.to/user/profile,0
https://mongodb.com/en-US/docs/Web,0
https://youtube.com/docs,0
https://wikipedia.org/page/1,0
https://netlify.com,0
https://youtube.com/blog,0
https://digitalocean.com,0
https://letsencrypt.org/blog,0
https://elastic.co,0
https://postgresql.org,0
https://google.com/faq,0
https://docker.com/category/tech,0
https://stripe.com/search,0
https://stripe.com/user/profile,0
https://cloudflare.com/questions/tagged/python,0
https://github.com/wiki/Machine_learning,0
https://reddit.com/blog,0
https://netlify.com/,0
https://hackernews.com/news,0
https://auth0.com/terms,0
https://elastic.co/user/profile,0
https://letsencrypt.org/articles,0
https://stripe.com/products,0
https://stripe.com/user/profile,0
https://google.com/privacy,0
https://reactjs.org/wiki/Machine_learning,0
https://reactjs.org/user/profile,0
https://github.com/category/tech,0
https://youtube.com/user/profile,0
https://mozilla.org/products,0
https://reactjs.org/,0
https://owasp.org/questions/tagged/python,0
https://google.com/about,0
https://letsencrypt.org/page/1,0
https://ubuntu.com/news,0
https://cloudflare.com/questions/tagged/python,0
https://elastic.co/,0
https://reddit.com/questions/tagged/python,0
https://vercel.com/contact,0
https://mongodb.com/search,0
https://mozilla.org/contact,0
https://google.com/page/1,0
https://mongodb.com/en-US/docs/Web,0
https://linkedin.com/en-US/docs/Web,0
https://twitter.com/articles,0
https://twitter.com/products,0
https://netlify.com/questions/tagged/python,0
https://mongodb.com/news,0
https://mongodb.com/en-US/docs/Web,0
https://reddit.com/about,0
https://stripe.com/category/tech,0
https://owasp.org/search,0
https://google.com,0
https://netlify.com/search,0
https://linkedin.com/user/profile,0
https://medium.com/user/profile,0
https://stackoverflow.com/news,0
https://elastic.co/page/1,0
https://github.com/faq,0
https://hackernews.com/news,0
https://vercel.com/news,0
https://ubuntu.com/help,0
https://netlify.com/terms,0
https://mongodb.com,0
https://stripe.com/category/tech,0
https://youtube.com/about,0
https://medium.com/questions/tagged/python,0
https://letsencrypt.org/blog,0
https://python.org/en-US/docs/Web,0
https://cloudflare.com/contact,0
https://medium.com/learn/tutorial,0
https://letsencrypt.org/questions/tagged/python,0
https://letsencrypt.org/questions/tagged/python,0
https://google.com/products,0
https://wikipedia.org/,0
https://ubuntu.com/,0
https://mongodb.com/products,0
https://postgresql.org/category/tech,0
https://hackernews.com,0
https://letsencrypt.org/category/tech,0
https://vercel.com/help,0
https://postgresql.org/user/profile,0
https://auth0.com/category/tech,0
https://owasp.org/,0
https://twitter.com/help,0
https://ubuntu.com/docs,0
https://reactjs.org/help,0
https://stripe.com/terms,0
https://ubuntu.com/search,0
https://dev.to/questions/tagged/python,0
https://hackernews.com/en-US/docs/Web,0
https://mozilla.org/search,0
https://github.com/news,0
https://wikipedia.org/products,0
https://stackoverflow.com/user/profile,0
https://dev.to,0
https://stripe.com/articles,0
https://hackernews.com/articles,0
https://cloudflare.com/,0
https://digitalocean.com/en-US/docs/Web,0
https://letsencrypt.org/page/1,0
https://elastic.co/en-US/docs/Web,0
https://medium.com/faq,0
https://docker.com/en-US/docs/Web,0
https://google.com/user/profile,0
https://elastic.co/category/tech,0
https://google.com/products,0
https://auth0.com/user/profile,0
https://python.org/en-US/docs/Web,0
https://youtube.com/terms,0
https://dev.to/docs,0
https://auth0.com/contact,0
https://mozilla.org/articles,0
https://hackernews.com/user/profile,0
https://mongodb.com/wiki/Machine_learning,0
https://google.com/faq,0
https://stackoverflow.com/terms,0
https://linkedin.com/terms,0
https://elastic.co/category/tech,0
https://reddit.com/contact,0
https://docker.com/en-US/docs/Web,0
https://hackernews.com/questions/tagged/python,0
https://reactjs.org/about,0
https://cloudflare.com/news,0
https://wikipedia.org/wiki/Machine_learning,0
https://medium.com/terms,0
https://netlify.com/blog,0
https://postgresql.org/wiki/Machine_learning,0
https://letsencrypt.org/learn/tutorial,0
https://postgresql.org/help,0
https://docker.com/products,0
https://twitter.com/contact,0
https://elastic.co/category/tech,0
https://python.org/questions/tagged/python,0
https://docker.com/,0
https://vercel.com/en-US/docs/Web,0
https://letsencrypt.org/wiki/Machine_learning,0
https://stripe.com/articles,0
https://mozilla.org/,0
https://mongodb.com/faq,0
https://twitter.com,0
https://auth0.com/user/profile,0
https://postgresql.org/search,0
https://postgresql.org,0
https://youtube.com/contact,0
https://digitalocean.com/questions/tagged/python,0
https://auth0.com/faq,0
https://stripe.com/search,0
https://mozilla.org/contact,0
https://letsencrypt.org/learn/tutorial,0
https://dev.to/wiki/Machine_learning,0
https://mongodb.com/terms,0
https://twitter.com/articles,0
https://digitalocean.com/en-US/docs/Web,0
https://mozilla.org/terms,0
https://digitalocean.com/faq,0
https://mozilla.org/help,0
https://digitalocean.com/category/tech,0
https://linkedin.com/articles,0
https://netlify.com/questions/tagged/python,0
https://python.org/learn/tutorial,0
https://python.org/page/1,0
https://letsencrypt.org/,0
https://auth0.com/news,0
https://mozilla.org/articles,0
https://elastic.co/learn/tutorial,0
https://postgresql.org/,0
https://stripe.com,0
https://wikipedia.org/terms,0
https://youtube.com/help,0
https://wikipedia.org/docs,0
https://mongodb.com/news,0
https://auth0.com/docs,0
https://ubuntu.com/articles,0
https://medium.com/category/tech,0
https://mongodb.com/products,0
https://docker.com/learn/tutorial,0
https://mozilla.org/products,0
https://twitter.com/category/tech,0
https://medium.com/learn/tutorial,0
https://mongodb.com/search,0
https://mozilla.org/blog,0
https://vercel.com/en-US/docs/Web,0
https://postgresql.org/articles,0
https://reddit.com/user/profile,0
https://hackernews.com/articles,0
https://python.org/page/1,0
https://stripe.com/articles,0
https://stackoverflow.com/,0
https://docker.com/privacy,0
https://netlify.com/privacy,0
https://elastic.co/help,0
https://reddit.com/category/tech,0
https://github.com/category/tech,0
https://cloudflare.com/products,0
https://elastic.co/en-US/docs/Web,0
https://stackoverflow.com/faq,0
https://twitter.com/page/1,0
https://python.org/articles,0
https://mozilla.org/wiki/Machine_learning,0
https://docker.com/en-US/docs/Web,0
https://vercel.com,0
https://reddit.com/search,0
https://github.com/,0
https://hackernews.com/about,0
https://mozilla.org/articles,0
https://stripe.com/faq,0
https://netlify.com/en-US/docs/Web,0
https://twitter.com/,0
https://owasp.org/articles,0
https://stackoverflow.com/faq,0
https://letsencrypt.org/,0
https://owasp.org/about,0
https://google.com/,0
https://letsencrypt.org/contact,0
https://stripe.com/search,0
https://vercel.com/page/1,0
https://digitalocean.com/faq,0
https://digitalocean.com/faq,0
https://hackernews.com/docs,0
https://github.com/,0
https://wikipedia.org/wiki/Machine_learning,0
https://mongodb.com/help,0
https://netlify.com/blog,0
https://reddit.com/wiki/Machine_learning,0
https://hackernews.com/faq,0
https://youtube.com/en-US/docs/Web,0
https://dev.to/news,0
https://linkedin.com,0
https://reddit.com/terms,0
https://python.org/blog,0
https://digitalocean.com/category/tech,0
https://owasp.org/user/profile,0
https://auth0.com/products,0
https://github.com/wiki/Machine_learning,0
https://youtube.com/products,0
https://python.org/contact,0
https://stripe.com/search,0
https://vercel.com/search,0
https://owasp.org/contact,0
https://github.com/questions/tagged/python,0
https://github.com/en-US/docs/Web,0
https://ubuntu.com/search,0
https://youtube.com/about,0
https://wikipedia.org/wiki/Machine_learning,0
https://stackoverflow.com/products,0
https://medium.com/help,0
https://google.com/en-US/docs/Web,0
https://mozilla.org/privacy,0
https://github.com,0
https://stripe.com/help,0
https://python.org/blog,0
https://auth0.com/articles,0
https://linkedin.com/help,0
https://docker.com/faq,0
https://twitter.com/page/1,0
https://reddit.com/faq,0
https://youtube.com/articles,0
https://digitalocean.com/blog,0
https://stripe.com/privacy,0
https://github.com/terms,0
https://reactjs.org/faq,0
https://elastic.co/wiki/Machine_learning,0
https://medium.com/help,0
https://stackoverflow.com/about,0
https://stripe.com,0
https://python.org/user/profile,0
https://vercel.com/page/1,0
https://vercel.com/products,0
https://dev.to/category/tech,0
https://ubuntu.com/wiki/Machine_learning,0
https://digitalocean.com/privacy,0
https://letsencrypt.org/en-US/docs/Web,0
https://ubuntu.com/wiki/Machine_learning,0
https://digitalocean.com/page/1,0
https://hackernews.com/news,0
https://github.com/help,0
https://hackernews.com/about,0
https://medium.com/privacy,0
https://digitalocean.com/news,0
https://linkedin.com/user/profile,0
https://hackernews.com/news,0
https://youtube.com/docs,0
https://github.com/contact,0
https://netlify.com/help,0
https://hackernews.com/docs,0
https://google.com/docs,0
https://reddit.com/blog,0
https://letsencrypt.org/wiki/Machine_learning,0
https://auth0.com/help,0
https://cloudflare.com/en-US/docs/Web,0
https://youtube.com/faq,0
https://docker.com/docs,0
https://youtube.com/blog,0
https://owasp.org/faq,0
https://vercel.com/questions/tagged/python,0
https://mongodb.com/articles,0
https://elastic.co/en-US/docs/Web,0
https://hackernews.com/faq,0
https://dev.to/,0
https://cloudflare.com/wiki/Machine_learning,0
https://auth0.com/blog,0
https://postgresql.org/en-US/docs/Web,0
https://reddit.com/search,0
https://hackernews.com/help,0
https://letsencrypt.org/wiki/Machine_learning,0
https://mozilla.org/user/profile,0
https://reactjs.org/faq,0
https://wikipedia.org/page/1,0
https://linkedin.com,0
https://stripe.com/questions/tagged/python,0
https://reddit.com/about,0
https://google.com/,0
https://letsencrypt.org/page/1,0
https://auth0.com/category/tech,0
https://cloudflare.com/faq,0
https://python.org/learn/tutorial,0
https://mongodb.com/news,0
https://owasp.org/page/1,0
https://docker.com/about,0
https://netlify.com/en-US/docs/Web,0
https://postgresql.org/blog,0
https://wikipedia.org/blog,0
https://mongodb.com/blog,0
https://stripe.com/privacy,0
https://mongodb.com/privacy,0
https://letsencrypt.org/wiki/Machine_learning,0
https://youtube.com/,0
https://youtube.com/news,0
https://cloudflare.com/user/profile,0
https://owasp.org/about,0
https://google.com/terms,0
https://reddit.com/privacy,0
https://elastic.co/page/1,0
https://owasp.org/page/1,0
https://stackoverflow.com/privacy,0
https://youtube.com/user/profile,0
https://hackernews.com/help,0
https://docker.com/help,0
https://medium.com/privacy,0
https://netlify.com/privacy,0
https://wikipedia.org/en-US/docs/Web,0
https://mozilla.org/docs,0
https://cloudflare.com/products,0
https://postgresql.org/help,0
https://github.com/questions/tagged/python,0
https://dev.to,0
https://mongodb.com,0
https://stripe.com/en-US/docs/Web,0
https://reactjs.org/about,0
https://hackernews.com/docs,0
https://owasp.org/terms,0
https://letsencrypt.org/en-US/docs/Web,0
https://cloudflare.com/docs,0
https://digitalocean.com/questions/tagged/python,0
https://ubuntu.com/en-US/docs/Web,0
https://postgresql.org/terms,0
https://letsencrypt.org,0
https://hackernews.com/wiki/Machine_learning,0
https://reactjs.org/contact,0
https://mozilla.org/user/profile,0
https://python.org/about,0
https://reddit.com/contact,0
https://linkedin.com/about,0
https://python.org/search,0
https://cloudflare.com/en-US/docs/Web,0
https://mozilla.org/contact,0
https://medium.com/user/profile,0
https://stackoverflow.com/terms,0
https://postgresql.org/help,0
https://youtube.com/wiki/Machine_learning,0
https://ubuntu.com/user/profile,0
https://owasp.org/products,0
https://youtube.com/questions/tagged/python,0
https://reddit.com/questions/tagged/python,0
https://github.com/wiki/Machine_learning,0
https://github.com/privacy,0
https://google.com/questions/tagged/python,0
https://google.com/learn/tutorial,0
https://vercel.com/en-US/docs/Web,0
https://hackernews.com,0
https://reddit.com/search,0
https://mozilla.org/search,0
https://medium.com/products,0
https://python.org/questions/tagged/python,0
https://netlify.com/news,0
https://postgresql.org/products,0
https://mozilla.org/articles,0
https://digitalocean.com/questions/tagged/python,0
https://mozilla.org,0
https://youtube.com/wiki/Machine_learning,0
https://letsencrypt.org/user/profile,0
https://github.com/help,0
https://hackernews.com/wiki/Machine_learning,0
https://github.com/wiki/Machine_learning,0
https://mongodb.com/learn/tutorial,0
https://linkedin.com/en-US/docs/Web,0
https://docker.com/questions/tagged/python,0
https://letsencrypt.org/user/profile,0
https://elastic.co/wiki/Machine_learning,0
https://medium.com/terms,0
https://python.org/en-US/docs/Web,0
https://reactjs.org/learn/tutorial,0
https://owasp.org/learn/tutorial,0
https://stripe.com/products,0
https://netlify.com/page/1,0
https://linkedin.com/contact,0
https://linkedin.com/user/profile,0
https://cloudflare.com/privacy,0
https://postgresql.org/help,0
https://wikipedia.org/page/1,0
https://ubuntu.com/docs,0
https://mongodb.com/privacy,0
https://auth0.com/page/1,0
https://mozilla.org/user/profile,0
https://python.org/search,0
https://linkedin.com/blog,0
https://hackernews.com/learn/tutorial,0
https://google.com/contact,0
https://stripe.com/privacy,0
https://wikipedia.org/terms,0
https://letsencrypt.org/page/1,0
https://digitalocean.com/news,0
https://elastic.co/faq,0
https://auth0.com/category/tech,0
https://twitter.com/wiki/Machine_learning,0
https://wikipedia.org/privacy,0
https://reddit.com/terms,0
https://hackernews.com/docs,0
https://reactjs.org/products,0
https://stackoverflow.com/en-US/docs/Web,0
https://auth0.com/page/1,0
https://youtube.com/docs,0
https://stackoverflow.com/products,0
https://reddit.com/faq,0
https://twitter.com/wiki/Machine_learning,0
https://digitalocean.com/search,0
https://stackoverflow.com/learn/tutorial,0
https://twitter.com/articles,0
https://hackernews.com/contact,0
https://auth0.com/search,0
https://vercel.com/en-US/docs/Web,0
https://github.com/blog,0
https://wikipedia.org,0
https://linkedin.com,0
https://linkedin.com/,0
https://python.org/wiki/Machine_learning,0
https://mongodb.com/articles,0
https://cloudflare.com/learn/tutorial,0
https://youtube.com/page/1,0
https://vercel.com/user/profile,0
https://medium.com/questions/tagged/python,0
https://github.com,0
https://vercel.com/contact,0
https://reddit.com/blog,0
https://digitalocean.com/docs,0
https://mongodb.com/en-US/docs/Web,0
https://github.com/en-US/docs/Web,0
https://linkedin.com/articles,0
https://reactjs.org/contact,0
https://letsencrypt.org,0
https://digitalocean.com/products,0
https://elastic.co/search,0
https://letsencrypt.org/products,0
https://python.org/category/tech,0
https://auth0.com/en-US/docs/Web,0
https://owasp.org/news,0
https://dev.to/wiki/Machine_learning,0
https://cloudflare.com/search,0
https://youtube.com/news,0
https://python.org/search,0
https://mongodb.com/learn/tutorial,0
https://elastic.co/terms,0
https://reactjs.org/about,0
https://stackoverflow.com/privacy,0
https://python.org/help,0
https://youtube.com/products,0
https://ubuntu.com/wiki/Machine_learning,0
https://mozilla.org,0
https://auth0.com/terms,0
https://auth0.com/learn/tutorial,0
https://reactjs.org/contact,0
https://cloudflare.com/en-US/docs/Web,0
https://cloudflare.com/help,0
https://reddit.com/learn/tutorial,0
https://postgresql.org/contact,0
https://owasp.org/page/1,0
https://netlify.com/help,0
https://digitalocean.com/page/1,0
https://youtube.com/en-US/docs/Web,0
https://netlify.com/news,0
https://reddit.com/help,0
https://medium.com/products,0
https://ubuntu.com/help,0
https://google.com/page/1,0
https://dev.to/blog,0
https://youtube.com/wiki/Machine_learning,0
https://auth0.com/about,0
https://vercel.com/questions/tagged/python,0
https://docker.com/en-US/docs/Web,0
https://stripe.com/user/profile,0
https://digitalocean.com,0
https://reddit.com/questions/tagged/python,0
https://github.com/terms,0
https://medium.com/contact,0
https://ubuntu.com/blog,0
https://vercel.com/about,0
https://reddit.com/contact,0
https://linkedin.com,0
https://reactjs.org/about,0
https://reddit.com/category/tech,0
https://stripe.com/questions/tagged/python,0
https://mozilla.org,0
https://elastic.co/privacy,0
https://owasp.org/contact,0
https://postgresql.org/help,0
https://twitter.com/privacy,0
https://stripe.com/articles,0
https://stackoverflow.com/learn/tutorial,0
https://stripe.com/search,0
https://hackernews.com/questions/tagged/python,0
https://medium.com/search,0
https://linkedin.com,0
https://stackoverflow.com/terms,0
https://github.com/help,0
https://docker.com/help,0
https://google.com/about,0
https://google.com/news,0
https://netlify.com/en-US/docs/Web,0
https://vercel.com/terms,0
https://auth0.com/search,0
https://dev.to/faq,0
https://auth0.com/privacy,0
https://stripe.com/en-US/docs/Web,0
https://youtube.com/search,0
https://vercel.com/questions/tagged/python,0
https://reactjs.org/blog,0
https://owasp.org/en-US/docs/Web,0
https://elastic.co/wiki/Machine_learning,0
https://cloudflare.com/about,0
https://youtube.com/,0
https://digitalocean.com,0
https://stripe.com/user/profile,0
https://digitalocean.com/learn/tutorial,0
https://google.com/blog,0
https://docker.com/docs,0
https://github.com/learn/tutorial,0
https://linkedin.com/faq,0
https://stripe.com/news,0
https://wikipedia.org/faq,0
https://dev.to/wiki/Machine_learning,0
https://reddit.com,0
https://stripe.com/contact,0
https://twitter.com/search,0
https://twitter.com/terms,0
https://docker.com/questions/tagged/python,0
https://docker.com,0
https://digitalocean.com/products,0
https://youtube.com/faq,0
https://python.org/category/tech,0
https://letsencrypt.org,0
https://elastic.co/user/profile,0
https://stackoverflow.com/en-US/docs/Web,0
https://twitter.com/articles,0
https://mozilla.org/page/1,0
https://reactjs.org/,0
https://owasp.org/en-US/docs/Web,0
https://netlify.com/contact,0
https://vercel.com/,0
https://elastic.co/contact,0
https://twitter.com/,0
https://stripe.com/search,0
https://wikipedia.org/search,0
https://letsencrypt.org/,0
https://docker.com/articles,0
https://auth0.com/,0
https://digitalocean.com/page/1,0
https://github.com/help,0
https://wikipedia.org/contact,0
https://auth0.com/page/1,0
https://reddit.com/wiki/Machine_learning,0
https://auth0.com/learn/tutorial,0
https://stripe.com/products,0
https://wikipedia.org/learn/tutorial,0
https://owasp.org/faq,0
https://stripe.com/questions/tagged/python,0
https://github.com/page/1,0
https://letsencrypt.org/search,0
https://medium.com/,0
https://ubuntu.com/questions/tagged/python,0
https://postgresql.org/learn/tutorial,0
https://stripe.com/about,0
https://mozilla.org/blog,0
https://letsencrypt.org/user/profile,0
https://docker.com,0
https://mongodb.com/wiki/Machine_learning,0
https://ubuntu.com/user/profile,0
https://cloudflare.com/wiki/Machine_learning,0
https://auth0.com/page/1,0
https://ubuntu.com/user/profile,0
https://mongodb.com/blog,0
https://postgresql.org/products,0
https://auth0.com/privacy,0
https://letsencrypt.org/search,0
https://mongodb.com/search,0
https://ubuntu.com/articles,0
https://python.org/questions/tagged/python,0
https://postgresql.org/user/profile,0
https://python.org/docs,0
https://google.com/,0
https://owasp.org/questions/tagged/python,0
https://stackoverflow.com/terms,0
https://postgresql.org/wiki/Machine_learning,0
https://twitter.com/terms,0
https://owasp.org/privacy,0
https://google.com/contact,0
https://linkedin.com/products,0
https://youtube.com/products,0
https://netlify.com/questions/tagged/python,0
https://mozilla.org/about,0
https://stackoverflow.com/terms,0
https://netlify.com/questions/tagged/python,0
https://youtube.com/user/profile,0
https://stackoverflow.com/help,0
https://google.com/category/tech,0
https://python.org/category/tech,0
https://python.org/faq,0
https://youtube.com/search,0
https://cloudflare.com/learn/tutorial,0
https://reddit.com/contact,0
https://reddit.com/docs,0
https://auth0.com/about,0
https://stripe.com/terms,0
https://github.com/page/1,0
https://postgresql.org/en-US/docs/Web,0
https://python.org/products,0
https://medium.com/contact,0
https://vercel.com/page/1,0
https://stripe.com/en-US/docs/Web,0
https://docker.com/wiki/Machine_learning,0
https://ubuntu.com/about,0
https://linkedin.com/docs,0
https://wikipedia.org/en-US/docs/Web,0
https://twitter.com/learn/tutorial,0
https://stackoverflow.com/privacy,0
https://wikipedia.org/user/profile,0
https://hackernews.com/about,0
https://dev.to/docs,0
https://netlify.com/page/1,0
https://linkedin.com,0
https://google.com/help,0
https://auth0.com/learn/tutorial,0
https://github.com/faq,0
https://stripe.com/faq,0
https://cloudflare.com/learn/tutorial,0
https://postgresql.org/,0
https://youtube.com/privacy,0
https://medium.com/category/tech,0
https://stackoverflow.com/terms,0
https://wikipedia.org/learn/tutorial,0
https://youtube.com/docs,0
https://letsencrypt.org/help,0
https://mozilla.org/wiki/Machine_learning,0
https://ubuntu.com/page/1,0
https://stackoverflow.com/en-US/docs/Web,0
https://stackoverflow.com/learn/tutorial,0
https://medium.com/news,0
https://stripe.com/category/tech,0
https://letsencrypt.org/,0
https://google.com/learn/tutorial,0
https://mongodb.com/articles,0
https://medium.com/,0
https://reddit.com/articles,0
https://twitter.com/user/profile,0
https://stackoverflow.com/faq,0
https://cloudflare.com/about,0
https://stripe.com/en-US/docs/Web,0
https://stripe.com/search,0
https://wikipedia.org/contact,0
https://elastic.co/questions/tagged/python,0
https://medium.com/blog,0
https://twitter.com/learn/tutorial,0
https://postgresql.org/news,0
https://google.com/articles,0
https://elastic.co/,0
https://ubuntu.com,0
https://digitalocean.com/user/profile,0
https://hackernews.com/privacy,0
https://ubuntu.com/blog,0
https://postgresql.org,0
https://postgresql.org/learn/tutorial,0
https://reddit.com/wiki/Machine_learning,0
https://elastic.co/page/1,0
https://dev.to/terms,0
https://dev.to/wiki/Machine_learning,0
https://python.org/faq,0
https://google.com/,0
https://docker.com/,0
https://reactjs.org/about,0
https://vercel.com/about,0
https://hackernews.com/user/profile,0
https://stripe.com/about,0
https://auth0.com/privacy,0
https://owasp.org/category/tech,0
https://letsencrypt.org/articles,0
https://python.org/blog,0
https://medium.com/faq,0
https://letsencrypt.org/faq,0
https://reddit.com/questions/tagged/python,0
https://stripe.com/help,0
https://reddit.com/contact,0
https://letsencrypt.org/help,0
https://owasp.org/privacy,0
https://mongodb.com/products,0
https://python.org/privacy,0
https://stackoverflow.com/learn/tutorial,0
https://owasp.org/,0
https://stackoverflow.com,0
https://mozilla.org/search,0
https://docker.com/products,0
https://postgresql.org/learn/tutorial,0
https://twitter.com/blog,0
https://mozilla.org/questions/tagged/python,0
https://youtube.com/wiki/Machine_learning,0
https://dev.to/wiki/Machine_learning,0
https://github.com/category/tech,0
https://digitalocean.com/page/1,0
https://cloudflare.com/news,0
https://stripe.com/user/profile,0
https://python.org/docs,0
https://letsencrypt.org/privacy,0
https://hackernews.com/privacy,0
https://postgresql.org/products,0
https://dev.to/help,0
https://postgresql.org/category/tech,0
https://linkedin.com/news,0
https://stackoverflow.com/docs,0
https://mongodb.com/en-US/docs/Web,0
https://google.com/contact,0
https://wikipedia.org/terms,0
https://reddit.com/terms,0
https://elastic.co/search,0
https://letsencrypt.org/help,0
https://youtube.com/contact,0
https://medium.com/privacy,0
https://wikipedia.org/products,0
https://letsencrypt.org/category/tech,0
https://youtube.com/privacy,0
https://vercel.com/docs,0
https://python.org/products,0
https://elastic.co/privacy,0
https://google.com/user/profile,0
https://youtube.com/products,0
https://letsencrypt.org/wiki/Machine_learning,0
https://docker.com/contact,0
https://auth0.com/terms,0
https://python.org/terms,0
https://mozilla.org/docs,0
https://mozilla.org/help,0
https://docker.com/help,0
https://dev.to/blog,0
https://wikipedia.org/products,0
https://owasp.org/privacy,0
https://linkedin.com/wiki/Machine_learning,0
https://linkedin.com/page/1,0
https://stripe.com/terms,0
https://stripe.com/news,0
https://ubuntu.com,0
https://elastic.co/products,0
https://docker.com/privacy,0
https://google.com,0
https://stripe.com/help,0
https://dev.to/terms,0
https://youtube.com/terms,0
https://hackernews.com/user/profile,0
https://github.com/faq,0
https://linkedin.com/user/profile,0
https://python.org/learn/tutorial,0
https://cloudflare.com/,0
https://elastic.co/category/tech,0
https://python.org/user/profile,0
https://netlify.com/news,0
https://vercel.com/privacy,0
https://mongodb.com/questions/tagged/python,0
https://hackernews.com/news,0
https://owasp.org/products,0
https://hackernews.com/questions/tagged/python,0
https://google.com/articles,0
https://youtube.com/news,0
https://reddit.com/en-US/docs/Web,0
https://vercel.com/user/profile,0
https://auth0.com/products,0
https://netlify.com,0
https://mongodb.com/,0
https://vercel.com/privacy,0
https://ubuntu.com/blog,0
https://twitter.com/blog,0
https://stripe.com/blog,0
https://youtube.com/products,0
https://dev.to/about,0
https://stripe.com/questions/tagged/python,0
https://vercel.com,0
https://stackoverflow.com/about,0
https://vercel.com/products,0
https://mozilla.org/en-US/docs/Web,0
https://auth0.com,0
https://youtube.com/products,0
https://twitter.com/faq,0
https://youtube.com/contact,0
https://twitter.com/faq,0
https://auth0.com/wiki/Machine_learning,0
https://digitalocean.com/search,0
https://dev.to/category/tech,0
https://mongodb.com/articles,0
https://reactjs.org/wiki/Machine_learning,0
https://stackoverflow.com/docs,0
https://auth0.com/page/1,0
https://owasp.org/category/tech,0
https://elastic.co,0
https://mongodb.com,0
https://linkedin.com/terms,0
https://docker.com/user/profile,0
https://python.org/category/tech,0
https://owasp.org/category/tech,0
https://hackernews.com/about,0
https://linkedin.com/news,0
https://dev.to/blog,0
https://reddit.com/docs,0
https://medium.com/learn/tutorial,0
https://netlify.com/terms,0
https://auth0.com/privacy,0
https://reactjs.org/en-US/docs/Web,0
https://elastic.co/search,0
https://postgresql.org/faq,0
https://digitalocean.com/contact,0
https://python.org/en-US/docs/Web,0
https://digitalocean.com/search,0
https://mozilla.org/news,0
https://mozilla.org,0
https://ubuntu.com/products,0
https://linkedin.com/help,0
https://youtube.com/articles,0
https://twitter.com/help,0
https://medium.com/help,0
https://linkedin.com/blog,0
https://owasp.org/page/1,0
https://medium.com/search,0
https://wikipedia.org/products,0
https://mongodb.com/,0
https://auth0.com/about,0
https://ubuntu.com/search,0
https://github.com/articles,0
https://owasp.org/page/1,0
https://linkedin.com/en-US/docs/Web,0
https://reactjs.org/learn/tutorial,0
https://letsencrypt.org/help,0
https://digitalocean.com/about,0
https://github.com/search,0
https://medium.com/user/profile,0
https://reactjs.org/user/profile,0
https://hackernews.com/blog,0
https://letsencrypt.org/blog,0
https://stackoverflow.com/search,0
https://mozilla.org/page/1,0
https://mongodb.com/search,0
https://google.com/faq,0
https://dev.to/news,0
https://elastic.co/user/profile,0
https://vercel.com/wiki/Machine_learning,0
https://linkedin.com/contact,0
https://youtube.com/,0
https://docker.com/articles,0
https://reddit.com/products,0
https://reddit.com,0
https://vercel.com/search,0
https://letsencrypt.org/terms,0
https://reddit.com/en-US/docs/Web,0
https://youtube.com/articles,0
https://python.org/terms,0
https://reddit.com/,0
https://medium.com/page/1,0
https://netlify.com/learn/tutorial,0
https://cloudflare.com/about,0
https://mozilla.org/products,0
https://digitalocean.com/news,0
https://ubuntu.com/user/profile,0
https://ubuntu.com/learn/tutorial,0
https://owasp.org,0
https://medium.com/category/tech,0
https://mongodb.com/user/profile,0
https://netlify.com,0
https://mongodb.com/about,0
https://stackoverflow.com,0
https://auth0.com/contact,0
https://cloudflare.com/learn/tutorial,0
https://hackernews.com/news,0
https://reactjs.org/search,0
https://google.com/docs,0
https://youtube.com/articles,0
https://mongodb.com,0
